Date,HomeTeam,AwayTeam,home_points_avg,away_points_avg,home_goals_avg,away_goals_avg,home_conceded_avg,away_conceded_avg,home_wins,away_wins,home_draws,away_draws,home_losses,away_losses,home_games_history,away_games_history,home_home_points_avg,away_away_points_avg,home_home_goals_avg,away_away_goals_avg,home_home_conceded_avg,away_away_conceded_avg,home_home_wins,away_away_wins,home_home_games,away_away_games,FTR
2010-08-20,Bayern Munich,Wolfsburg,0.0,0.0,0.0,0.0,0.0,0.0,0,0,0,0,0,0,0,0,0.0,0.0,0.0,0.0,0.0,0.0,0,0,0,0,H
2010-08-21,FC Koln,Kaiserslautern,0.0,0.0,0.0,0.0,0.0,0.0,0,0,0,0,0,0,0,0,0.0,0.0,0.0,0.0,0.0,0.0,0,0,0,0,A
2010-08-21,Freiburg,St Pauli,0.0,0.0,0.0,0.0,0.0,0.0,0,0,0,0,0,0,0,0,0.0,0.0,0.0,0.0,0.0,0.0,0,0,0,0,A
2010-08-21,Hamburg,Schalke 04,0.0,0.0,0.0,0.0,0.0,0.0,0,0,0,0,0,0,0,0,0.0,0.0,0.0,0.0,0.0,0.0,0,0,0,0,H
2010-08-21,Hannover,Ein Frankfurt,0.0,0.0,0.0,0.0,0.0,0.0,0,0,0,0,0,0,0,0,0.0,0.0,0.0,0.0,0.0,0.0,0,0,0,0,H
2010-08-21,Hoffenheim,Werder Bremen,0.0,0.0,0.0,0.0,0.0,0.0,0,0,0,0,0,0,0,0,0.0,0.0,0.0,0.0,0.0,0.0,0,0,0,0,H
2010-08-21,M'gladbach,Nurnberg,0.0,0.0,0.0,0.0,0.0,0.0,0,0,0,0,0,0,0,0,0.0,0.0,0.0,0.0,0.0,0.0,0,0,0,0,D
2010-08-22,Mainz,Stuttgart,0.0,0.0,0.0,0.0,0.0,0.0,0,0,0,0,0,0,0,0,0.0,0.0,0.0,0.0,0.0,0.0,0,0,0,0,H
2010-08-22,Dortmund,Leverkusen,0.0,0.0,0.0,0.0,0.0,0.0,0,0,0,0,0,0,0,0,0.0,0.0,0.0,0.0,0.0,0.0,0,0,0,0,A
2010-08-27,Kaiserslautern,Bayern Munich,3.0,3.0,3.0,2.0,1.0,1.0,1,1,0,0,0,0,1,1,0.0,0.0,0.0,0.0,0.0,0.0,0,0,0,0,H
2010-08-28,Ein Frankfurt,Hamburg,0.0,3.0,1.0,2.0,2.0,1.0,0,1,0,0,1,0,1,1,0.0,0.0,0.0,0.0,0.0,0.0,0,0,0,0,A
2010-08-28,Nurnberg,Freiburg,1.0,0.0,1.0,1.0,1.0,3.0,0,0,1,0,0,1,1,1,0.0,0.0,0.0,0.0,0.0,0.0,0,0,0,0,A
2010-08-28,Schalke 04,Hannover,0.0,3.0,1.0,2.0,2.0,1.0,0,1,0,0,1,0,1,1,0.0,0.0,0.0,0.0,0.0,0.0,0,0,0,0,A
2010-08-28,St Pauli,Hoffenheim,3.0,3.0,3.0,4.0,1.0,1.0,1,1,0,0,0,0,1,1,0.0,0.0,0.0,0.0,0.0,0.0,0,0,0,0,A
2010-08-28,Werder Bremen,FC Koln,0.0,0.0,1.0,1.0,4.0,3.0,0,0,0,0,1,1,1,1,0.0,0.0,0.0,0.0,0.0,0.0,0,0,0,0,H
2010-08-28,Wolfsburg,Mainz,0.0,3.0,1.0,2.0,2.0,0.0,0,1,0,0,1,0,1,1,0.0,0.0,0.0,0.0,0.0,0.0,0,0,0,0,A
2010-08-29,Leverkusen,M'gladbach,3.0,1.0,2.0,1.0,0.0,1.0,1,0,0,1,0,0,1,1,0.0,0.0,0.0,0.0,0.0,0.0,0,0,0,0,A
2010-08-29,Stuttgart,Dortmund,0.0,0.0,0.0,0.0,2.0,2.0,0,0,0,0,1,1,1,1,0.0,0.0,0.0,0.0,0.0,0.0,0,0,0,0,A
2010-09-10,Hoffenheim,Schalke 04,3.0,0.0,2.5,1.0,0.5,2.0,2,0,0,0,0,2,2,2,3.0,0.0,4.0,1.0,1.0,2.0,1,0,1,1,H
2010-09-11,Bayern Munich,Werder Bremen,1.5,1.5,1.0,2.5,1.5,3.0,1,1,0,0,1,1,2,2,3.0,0.0,2.0,1.0,1.0,4.0,1,0,1,1,D
2010-09-11,Dortmund,Wolfsburg,1.5,0.0,1.5,2.0,1.5,3.0,1,0,0,0,1,2,2,2,0.0,0.0,0.0,1.0,2.0,2.0,0,0,1,1,H
2010-09-11,Freiburg,Stuttgart,1.5,0.0,1.5,0.5,2.0,2.5,1,0,0,0,1,2,2,2,0.0,0.0,1.0,0.0,3.0,2.0,0,0,1,1,H
2010-09-11,Hamburg,Nurnberg,3.0,0.5,2.5,1.0,1.0,1.5,2,0,0,1,0,1,2,2,3.0,1.0,2.0,1.0,1.0,1.0,1,0,1,1,D
2010-09-11,Hannover,Leverkusen,3.0,1.5,2.0,2.5,1.0,3.0,2,1,0,0,0,1,2,2,3.0,3.0,2.0,2.0,1.0,0.0,1,1,1,1,D
2010-09-11,M'gladbach,Ein Frankfurt,2.0,0.0,3.5,1.0,2.0,2.5,1,0,1,0,0,2,2,2,1.0,0.0,1.0,1.0,1.0,2.0,0,0,1,1,A
2010-09-12,FC Koln,St Pauli,0.0,1.5,1.5,1.5,3.5,1.0,0,1,0,0,2,1,2,2,0.0,3.0,1.0,3.0,3.0,1.0,0,1,1,1,H
2010-09-12,Mainz,Kaiserslautern,3.0,3.0,3.0,2.5,1.5,0.5,2,2,0,0,0,0,2,2,3.0,3.0,2.0,3.0,0.0,1.0,1,1,1,1,H
2010-09-17,Ein Frankfurt,Freiburg,1.0,2.0,2.0,1.6666666666666667,1.6666666666666667,1.6666666666666667,1,2,0,0,2,1,3,3,0.0,3.0,1.0,2.0,3.0,1.0,0,1,1,1,A
2010-09-18,Bayern Munich,FC Koln,1.3333333333333333,1.0,0.6666666666666666,1.3333333333333333,1.0,2.3333333333333335,1,1,1,0,1,2,3,3,2.0,0.0,1.0,2.0,0.5,4.0,1,0,2,1,D
2010-09-18,Kaiserslautern,Hoffenheim,2.0,3.0,2.0,2.3333333333333335,1.0,0.3333333333333333,2,3,0,0,1,0,3,3,3.0,3.0,2.0,1.0,0.0,0.0,1,1,1,1,D
2010-09-18,Stuttgart,M'gladbach,0.0,1.3333333333333333,0.6666666666666666,2.3333333333333335,2.3333333333333335,2.6666666666666665,0,1,0,1,3,1,3,3,0.0,3.0,1.0,6.0,3.0,3.0,0,1,1,1,H
2010-09-18,Werder Bremen,Mainz,1.3333333333333333,3.0,1.6666666666666667,2.6666666666666665,2.0,1.3333333333333333,1,3,1,0,1,0,3,3,3.0,3.0,4.0,4.0,2.0,3.0,1,1,1,1,A
2010-09-18,Wolfsburg,Hannover,0.0,2.3333333333333335,1.3333333333333333,2.0,2.6666666666666665,1.3333333333333333,0,2,0,1,3,0,3,3,0.0,3.0,3.0,2.0,4.0,1.0,0,1,1,1,H
2010-09-19,Leverkusen,Nurnberg,1.3333333333333333,0.6666666666666666,2.3333333333333335,1.0,2.6666666666666665,1.3333333333333333,1,0,1,2,1,1,3,3,0.0,1.0,3.0,1.0,6.0,1.0,0,0,1,2,D
2010-09-19,Schalke 04,Dortmund,0.0,2.0,0.6666666666666666,1.6666666666666667,2.0,1.0,0,2,0,0,3,1,3,3,0.0,3.0,1.0,3.0,2.0,1.0,0,1,1,1,A
2010-09-19,St Pauli,Hamburg,1.0,2.3333333333333335,1.0,2.0,1.0,1.0,1,2,0,1,2,0,3,3,0.0,3.0,0.0,3.0,1.0,1.0,0,1,1,1,D
2010-09-21,Mainz,FC Koln,3.0,1.0,2.5,1.0,1.0,1.75,4,1,0,1,0,2,4,4,3.0,0.5,2.0,1.0,0.5,2.0,2,0,2,2,H
2010-09-21,Hoffenheim,Bayern Munich,2.5,1.25,2.25,0.5,0.75,0.75,3,1,1,2,0,1,4,4,3.0,0.0,3.0,0.0,0.5,2.0,2,0,2,1,A
2010-09-21,Hannover,Werder Bremen,1.75,1.0,1.5,1.25,1.5,2.0,2,1,1,1,1,2,4,4,2.0,0.5,2.0,0.5,1.5,2.0,1,0,2,2,H
2010-09-22,Dortmund,Kaiserslautern,2.25,1.75,2.0,2.0,1.0,1.25,3,2,0,1,1,1,4,4,1.5,1.5,1.0,2.0,1.0,1.5,1,1,2,2,H
2010-09-22,Freiburg,Schalke 04,2.25,0.0,1.5,0.75,1.25,2.25,3,0,0,0,1,4,4,4,1.5,0.0,1.5,0.5,2.0,2.0,1,0,2,2,A
2010-09-22,Hamburg,Wolfsburg,2.0,0.75,1.75,1.5,1.0,2.0,2,1,2,0,0,3,4,4,2.0,0.0,1.5,0.5,1.0,2.0,1,0,2,2,A
2010-09-22,Leverkusen,Ein Frankfurt,1.25,0.75,1.75,1.5,2.0,1.5,1,1,2,0,1,3,4,4,0.5,1.5,1.5,2.5,3.0,1.0,0,1,2,2,H
2010-09-22,M'gladbach,St Pauli,1.0,1.0,1.75,1.0,3.75,1.0,1,1,1,1,2,2,4,4,0.5,1.5,0.5,1.5,2.5,1.0,0,1,2,2,A
2010-09-22,Nurnberg,Stuttgart,0.75,0.75,0.75,2.25,1.0,1.75,0,1,3,0,1,3,4,4,0.0,0.0,1.0,0.5,2.0,2.0,0,0,1,2,H
2010-09-24,FC Koln,Hoffenheim,0.8,2.0,0.8,2.0,1.8,1.0,1,3,1,1,3,1,5,5,1.5,2.0,1.0,1.5,1.5,1.0,1,1,2,2,D
2010-09-25,Werder Bremen,Hamburg,0.8,1.6,1.2,1.6,2.4,1.4,1,2,1,2,3,1,5,5,1.5,2.0,2.0,2.0,2.0,1.0,1,1,2,2,H
2010-09-25,Stuttgart,Leverkusen,0.6,1.6,2.0,1.8,1.8,1.8,1,2,0,2,4,1,5,5,1.5,2.0,4.0,2.0,1.5,1.0,1,1,2,2,A
2010-09-25,St Pauli,Dortmund,1.4,2.4,1.2,2.6,1.0,0.8,2,4,1,0,2,1,5,5,0.5,3.0,0.5,3.0,1.0,1.0,0,2,2,2,A
2010-09-25,Ein Frankfurt,Nurnberg,0.6,1.2,1.4,1.0,1.6,1.0,1,1,0,3,4,1,5,5,0.0,1.0,0.5,0.6666666666666666,2.0,0.6666666666666666,0,0,2,3,H
2010-09-25,Bayern Munich,Mainz,1.6,3.0,0.8,2.4,0.8,0.8,2,5,2,0,1,0,5,5,1.6666666666666667,3.0,0.6666666666666666,3.0,0.3333333333333333,1.5,1,2,3,2,A
2010-09-25,Schalke 04,M'gladbach,0.6,0.8,1.0,1.6,2.0,3.4,1,1,0,1,4,3,5,5,0.0,1.5,1.0,3.0,2.5,5.0,0,1,2,2,D
2010-09-26,Kaiserslautern,Hannover,1.4,2.0,1.6,2.0,2.0,1.4,2,3,1,1,2,1,5,5,2.0,1.5,2.0,1.0,1.0,1.5,1,1,2,2,A
2010-09-26,Wolfsburg,Freiburg,1.2,1.8,1.8,1.4,1.8,1.4,2,3,0,0,3,2,5,5,1.5,3.0,2.5,1.5,2.0,0.5,1,2,2,2,H
2010-10-01,Hannover,St Pauli,2.0,0.8,1.8,0.8,1.2,1.4,3,1,1,1,1,3,5,5,2.3333333333333335,2.0,2.6666666666666665,1.6666666666666667,1.3333333333333333,1.0,2,2,3,3,A
2010-10-02,Nurnberg,Schalke 04,1.0,0.8,0.8,1.2,1.2,2.0,1,1,2,1,2,3,5,5,1.5,1.0,1.5,1.0,1.5,1.6666666666666667,1,1,2,3,H
2010-10-02,M'gladbach,Wolfsburg,0.8,1.8,1.8,2.0,3.6,1.6,1,3,1,0,3,2,5,5,0.3333333333333333,1.0,0.6666666666666666,1.3333333333333333,2.3333333333333335,1.6666666666666667,0,1,3,3,D
2010-10-02,Hamburg,Kaiserslautern,1.0,0.8,1.6,1.0,1.8,2.0,1,1,2,1,2,3,5,5,1.3333333333333333,1.0,1.3333333333333333,1.3333333333333333,1.6666666666666667,2.6666666666666665,1,1,3,3,H
2010-10-02,Freiburg,FC Koln,1.8,1.0,1.4,0.8,1.2,1.4,3,1,0,2,2,2,5,5,1.0,0.3333333333333333,1.3333333333333333,0.6666666666666666,2.0,2.0,1,0,3,3,H
2010-10-02,Mainz,Hoffenheim,3.0,1.6,2.4,1.4,1.0,1.0,5,2,0,2,0,1,5,5,3.0,1.6666666666666667,2.0,1.3333333333333333,0.3333333333333333,1.0,3,1,3,3,H
2010-10-03,Dortmund,Bayern Munich,3.0,1.0,3.2,0.6,0.6,1.0,5,1,0,2,0,2,5,5,2.0,1.5,2.3333333333333335,1.0,0.6666666666666666,1.5,2,1,3,2,H
2010-10-03,Leverkusen,Werder Bremen,1.6,1.4,2.2,1.6,2.0,2.0,2,2,2,1,1,2,5,5,1.3333333333333333,0.3333333333333333,1.6666666666666667,0.6666666666666666,2.3333333333333335,2.6666666666666665,1,0,3,3,D
2010-10-03,Stuttgart,Ein Frankfurt,0.6,1.2,2.2,1.6,2.2,1.2,1,2,0,0,4,3,5,5,1.0,1.0,3.0,2.0,2.3333333333333335,1.3333333333333333,1,1,3,3,A
2010-10-15,FC Koln,Dortmund,1.0,3.0,0.8,3.0,1.2,0.4,1,5,2,0,2,0,5,5,1.3333333333333333,3.0,1.0,3.0,1.3333333333333333,1.0,1,3,3,3,A
2010-10-16,Schalke 04,Stuttgart,0.8,0.6,1.2,2.2,2.0,2.0,1,1,1,0,3,4,5,5,0.3333333333333333,0.0,1.3333333333333333,0.6666666666666666,2.3333333333333335,2.0,0,0,3,3,D
2010-10-16,Bayern Munich,Hannover,1.0,1.4,0.6,1.4,1.0,1.2,1,2,2,1,2,2,5,5,1.25,2.0,0.75,1.0,0.75,1.0,1,2,4,3,H
2010-10-16,Mainz,Hamburg,3.0,1.0,2.4,1.4,0.8,1.8,5,1,0,2,0,2,5,5,3.0,1.3333333333333333,2.5,2.0,0.75,1.6666666666666667,4,1,4,3,A
2010-10-16,St Pauli,Nurnberg,1.4,1.6,1.0,1.0,1.2,1.0,2,2,1,2,2,1,5,5,0.3333333333333333,0.75,0.6666666666666666,0.5,1.6666666666666667,1.0,0,0,3,4,H
2010-10-16,Werder Bremen,Freiburg,1.0,1.8,1.2,1.6,2.0,1.4,1,3,2,0,2,2,5,5,2.0,2.0,2.3333333333333335,1.3333333333333333,2.0,1.0,2,2,3,3,H
2010-10-16,Wolfsburg,Leverkusen,2.0,1.8,1.6,2.0,1.0,1.2,3,2,1,3,1,0,5,5,2.0,2.3333333333333335,2.3333333333333335,2.6666666666666665,1.6666666666666667,1.0,2,2,3,3,A
2010-10-17,Hoffenheim,M'gladbach,1.0,0.4,1.6,0.8,1.8,3.2,1,0,2,2,2,3,5,5,2.0,1.3333333333333333,2.3333333333333335,2.6666666666666665,1.0,4.0,2,1,3,3,H
2010-10-17,Kaiserslautern,Ein Frankfurt,0.2,1.8,0.8,1.8,2.4,0.8,0,3,1,0,4,2,5,5,1.3333333333333333,1.5,1.3333333333333333,2.0,1.0,1.25,1,2,3,4,A
2010-10-22,Hamburg,Bayern Munich,1.4,1.4,1.4,1.2,1.6,1.0,2,2,1,1,2,2,5,5,1.75,1.0,1.5,0.6666666666666666,1.5,1.6666666666666667,2,1,4,3,D
2010-10-23,Nurnberg,Wolfsburg,1.4,2.0,1.2,2.0,1.4,1.2,2,3,1,1,2,1,5,5,2.0,1.0,1.6666666666666667,1.25,1.3333333333333333,1.5,2,1,3,4,H
2010-10-23,M'gladbach,Werder Bremen,0.4,1.4,1.2,1.6,3.0,2.2,0,2,2,1,3,2,5,5,0.5,0.5,0.75,1.0,2.0,2.5,0,0,4,4,A
2010-10-23,Ein Frankfurt,Schalke 04,1.8,1.0,1.6,1.6,0.8,2.0,3,1,0,2,2,2,5,5,1.0,0.75,1.0,1.0,1.3333333333333333,1.75,1,1,3,4,D
2010-10-23,Freiburg,Kaiserslautern,1.2,0.2,1.4,0.6,1.6,2.6,2,0,0,1,3,4,5,5,1.5,0.75,1.75,1.25,2.0,2.5,2,1,4,4,H
2010-10-23,Hannover,FC Koln,1.2,0.4,1.0,0.8,1.4,1.6,2,0,0,2,3,3,5,5,1.75,0.25,2.0,1.0,1.25,2.25,2,0,4,4,H
2010-10-24,Dortmund,Hoffenheim,3.0,1.0,3.0,1.8,0.6,2.2,5,1,0,2,0,2,5,5,2.25,1.25,2.25,1.5,0.5,1.75,3,1,4,4,D
2010-10-24,Leverkusen,Mainz,2.2,2.4,2.2,2.0,1.2,0.8,3,4,2,0,0,1,5,5,1.25,3.0,1.75,2.6666666666666665,2.25,1.3333333333333333,1,3,4,3,A
2010-10-24,Stuttgart,St Pauli,0.8,2.0,2.4,1.6,2.0,1.4,1,3,1,1,3,1,5,5,0.75,2.25,2.5,1.5,2.25,0.75,1,3,4,4,H
2010-10-29,Bayern Munich,Freiburg,1.4,1.2,1.2,1.6,1.0,1.8,2,2,1,0,2,3,5,5,1.6,1.5,1.2,1.25,0.6,1.25,2,2,5,4,H
2010-10-30,FC Koln,Hamburg,0.2,1.4,1.0,1.2,2.0,1.4,0,2,1,1,4,2,5,5,1.0,1.75,1.0,1.75,1.5,1.25,1,2,4,4,H
2010-10-30,Kaiserslautern,M'gladbach,0.0,0.4,0.4,1.4,2.6,2.4,0,0,0,2,5,3,5,5,1.0,1.0,1.0,2.5,1.5,3.75,1,1,4,4,H
2010-10-30,Schalke 04,Leverkusen,1.2,2.0,1.4,2.2,1.4,1.4,1,3,3,1,1,1,5,5,0.5,2.5,1.5,2.75,2.25,1.25,0,3,4,4,A
2010-10-30,St Pauli,Ein Frankfurt,1.8,2.0,1.4,1.6,1.6,0.6,3,3,0,1,2,1,5,5,1.0,1.8,1.25,2.2,1.75,1.0,1,3,4,5,A
2010-10-30,Werder Bremen,Nurnberg,2.0,1.8,2.4,1.6,2.0,1.6,3,3,1,0,1,2,5,5,2.25,0.6,2.25,0.8,1.75,1.4,3,0,4,5,A
2010-10-30,Wolfsburg,Stuttgart,1.4,0.8,1.8,1.4,1.6,2.0,2,1,1,1,2,3,5,5,1.5,0.25,2.25,1.0,2.0,2.0,2,0,4,4,H
2010-10-31,Hoffenheim,Hannover,1.0,1.8,1.6,1.4,2.0,1.2,1,3,2,0,2,2,5,5,2.25,1.5,2.5,0.75,1.25,1.5,3,2,4,4,H
2010-10-31,Mainz,Dortmund,2.4,2.6,1.8,2.6,0.8,0.6,4,4,0,1,1,0,5,5,2.4,3.0,2.0,2.75,0.8,1.0,4,4,5,4,A
2010-11-05,Schalke 04,St Pauli,0.6,1.2,1.0,1.2,1.4,2.0,0,2,3,0,2,3,5,5,0.4,1.8,1.2,1.2,2.0,1.0,0,3,5,5,H
2010-11-06,Nurnberg,FC Koln,1.8,0.8,1.8,1.6,1.8,2.0,3,1,0,1,2,3,5,5,2.25,0.2,1.75,1.0,1.25,2.2,3,0,4,5,H
2010-11-06,M'gladbach,Bayern Munich,0.4,1.4,1.2,1.6,2.6,1.2,0,2,2,1,3,2,5,5,0.4,1.0,0.8,0.5,2.4,1.25,0,1,5,4,D
2010-11-06,Hamburg,Hoffenheim,1.4,1.6,1.4,2.2,1.4,1.6,2,2,1,2,2,1,5,5,1.6,1.2,1.2,1.4,1.2,1.6,2,1,5,5,H
2010-11-06,Ein Frankfurt,Wolfsburg,2.6,1.4,2.0,1.6,0.4,1.4,4,2,1,1,0,2,5,5,1.0,0.8,0.75,1.2,1.0,1.6,1,1,4,5,H
2010-11-06,Freiburg,Mainz,1.2,1.8,1.8,1.4,2.2,1.2,2,3,0,0,3,2,5,5,1.8,3.0,1.8,2.25,1.8,1.0,3,4,5,4,H
2010-11-07,Hannover,Dortmund,1.2,2.6,0.6,2.0,1.8,0.6,2,4,0,1,3,0,5,5,2.0,3.0,2.0,2.6,1.2,0.8,3,5,5,5,A
2010-11-07,Leverkusen,Kaiserslautern,2.0,0.6,2.0,1.0,1.2,1.6,3,1,1,0,1,4,5,5,1.0,0.6,1.4,1.2,2.0,2.4,1,1,5,5,H
2010-11-07,Stuttgart,Werder Bremen,0.8,2.0,1.2,2.6,2.0,1.8,1,3,1,1,3,1,5,5,1.2,1.0,2.4,1.6,1.8,2.2,2,1,5,5,H
2010-11-12,Dortmund,Hamburg,2.6,2.0,2.2,1.4,0.4,1.0,4,3,1,1,0,1,5,5,2.0,1.4,2.0,1.8,0.6,1.6,3,2,5,5,H
2010-11-13,Wolfsburg,Schalke 04,0.8,1.0,1.4,1.2,1.8,1.0,1,1,1,2,3,2,5,5,1.8,0.8,2.2,0.8,1.6,1.4,3,1,5,5,D
2010-11-13,Werder Bremen,Ein Frankfurt,1.4,2.6,2.0,2.2,2.6,0.6,2,4,1,1,2,0,5,5,1.8,2.4,2.2,2.6,2.0,0.8,3,4,5,5,D
2010-11-13,St Pauli,Leverkusen,1.2,2.0,1.0,1.8,2.0,1.2,2,3,0,1,3,1,5,5,0.8,2.6,1.2,2.4,2.0,1.0,1,4,5,5,A
2010-11-13,Kaiserslautern,Stuttgart,0.6,1.4,1.2,2.2,2.0,1.2,1,2,0,1,4,2,5,5,1.4,0.2,1.4,0.8,1.2,2.0,2,0,5,5,D
2010-11-13,FC Koln,M'gladbach,0.6,0.4,1.6,1.4,2.4,2.8,1,0,0,2,4,3,5,5,1.4,0.8,1.4,2.0,1.6,3.6,2,1,5,5,A
2010-11-13,Mainz,Hannover,1.2,0.6,1.0,0.4,1.2,2.6,2,1,0,0,3,4,5,5,1.8,1.2,1.6,0.6,1.2,2.0,3,2,5,5,A
2010-11-14,Bayern Munich,Nurnberg,1.6,2.4,2.0,2.4,1.4,1.6,2,4,2,0,1,1,5,5,1.6,1.0,1.6,1.2,0.8,1.6,2,1,5,5,H
2010-11-14,Hoffenheim,Freiburg,1.4,1.8,2.2,1.8,1.8,1.8,2,3,1,0,2,2,5,5,2.4,1.2,2.8,1.4,1.0,1.8,4,2,5,5,A
2010-11-20,Schalke 04,Werder Bremen,1.2,1.4,1.4,1.6,1.0,2.2,1,2,3,1,1,2,5,5,1.0,1.0,1.6,1.4,1.6,2.6,1,1,5,5,H
2010-11-20,Nurnberg,Kaiserslautern,1.8,0.8,2.0,1.6,2.0,2.2,3,1,0,1,2,3,5,5,2.4,0.0,2.0,0.8,1.2,2.8,4,0,5,5,A
2010-11-20,M'gladbach,Mainz,0.8,0.6,2.0,0.2,2.6,1.0,1,1,1,0,3,4,5,5,0.4,2.4,1.2,1.8,2.8,1.0,0,4,5,5,A
2010-11-20,Leverkusen,Bayern Munich,2.4,2.2,1.6,2.6,0.8,1.0,4,3,0,2,1,0,5,5,1.6,1.0,1.4,1.0,1.0,1.6,2,1,5,5,D
2010-11-20,Freiburg,Dortmund,1.8,2.6,1.4,2.2,1.4,0.4,3,4,0,1,2,0,5,5,2.4,3.0,1.8,2.8,1.2,0.6,4,5,5,5,A
2010-11-20,Hannover,Hamburg,1.2,1.4,0.6,1.0,2.4,1.2,2,2,0,1,3,2,5,5,1.4,0.8,1.6,1.2,1.8,1.8,2,1,5,5,H
2010-11-20,Ein Frankfurt,Hoffenheim,2.2,1.4,1.8,1.8,0.4,1.2,3,2,2,1,0,2,5,5,1.4,0.6,1.2,1.4,1.0,2.0,2,0,5,5,A
2010-11-21,St Pauli,Wolfsburg,0.6,0.8,0.8,1.6,2.2,2.0,1,1,0,1,4,3,5,5,0.8,0.8,1.2,1.2,2.0,1.8,1,1,5,5,D
2010-11-21,Stuttgart,FC Koln,1.6,0.6,2.6,1.2,1.4,2.6,2,1,2,0,1,4,5,5,1.8,0.2,3.4,0.8,1.2,2.0,3,0,5,5,A
2010-11-26,Mainz,Nurnberg,1.2,1.8,0.8,1.8,1.2,2.0,2,3,0,0,3,2,5,5,1.2,0.8,1.2,1.0,1.2,2.0,2,1,5,5,H
2010-11-27,Bayern Munich,Ein Frankfurt,1.8,1.6,2.2,1.2,1.2,1.2,2,2,3,2,0,1,5,5,2.0,2.0,2.2,1.8,0.8,0.8,3,3,5,5,H
2010-11-27,Dortmund,M'gladbach,2.6,0.8,2.2,2.0,0.4,2.6,4,1,1,1,0,3,5,5,2.6,0.8,2.4,1.6,0.2,3.0,4,1,5,5,H
2010-11-27,Hannover,Freiburg,1.8,1.8,1.2,1.4,2.2,1.4,3,3,0,0,2,2,5,5,1.8,1.2,1.8,1.2,1.8,1.6,3,2,5,5,H
2010-11-27,Hoffenheim,Leverkusen,1.4,2.0,2.0,1.2,0.8,0.6,2,3,1,1,2,1,5,5,1.8,2.6,2.0,2.2,1.0,1.0,3,4,5,5,D
2010-11-27,Kaiserslautern,Schalke 04,1.4,1.6,2.2,1.8,1.8,0.6,2,2,1,2,2,1,5,5,1.0,1.0,1.6,1.0,1.8,1.4,1,1,5,5,H
2010-11-27,Hamburg,Stuttgart,0.8,1.4,1.2,2.2,1.8,1.2,1,2,1,1,3,2,5,5,1.6,0.4,1.2,1.4,1.2,2.2,2,0,5,5,H
2010-11-28,FC Koln,Wolfsburg,1.2,1.0,1.2,1.4,2.2,1.6,2,1,0,2,3,2,5,5,1.4,1.0,1.2,1.4,1.8,1.6,2,1,5,5,D
2010-11-28,Werder Bremen,St Pauli,0.8,0.2,1.2,0.4,2.8,2.0,1,0,1,1,3,4,5,5,1.4,1.2,1.4,0.6,1.6,1.4,2,2,5,5,H
2010-12-03,St Pauli,Kaiserslautern,0.2,2.0,0.4,3.0,2.2,1.4,0,3,1,1,4,1,5,5,0.8,0.6,1.2,1.2,2.0,2.6,1,1,5,5,H
2010-12-04,Wolfsburg,Werder Bremen,1.2,0.8,1.4,1.0,1.4,2.6,1,1,3,1,1,3,5,5,2.0,0.8,2.0,1.4,1.2,3.4,3,1,5,5,D
2010-12-04,Schalke 04,Bayern Munich,1.4,2.2,1.8,3.0,1.6,1.4,2,3,1,2,2,0,5,5,1.6,1.2,2.2,1.2,1.0,1.4,2,1,5,5,H
2010-12-04,Stuttgart,Hoffenheim,0.8,1.4,2.2,2.2,2.0,1.0,1,2,1,1,3,2,5,5,1.2,1.0,2.0,1.8,1.4,1.6,2,1,5,5,D
2010-12-04,M'gladbach,Hannover,0.8,1.8,2.0,1.4,2.6,2.0,1,3,1,0,3,2,5,5,0.4,1.2,1.6,0.4,2.6,1.8,0,2,5,5,A
2010-12-04,Ein Frankfurt,Mainz,1.4,1.2,1.4,1.2,2.0,1.2,2,2,1,0,2,3,5,5,1.4,2.4,1.0,1.6,1.2,0.8,2,4,5,5,H
2010-12-04,Freiburg,Hamburg,1.2,1.2,1.0,2.0,1.8,2.2,2,2,0,0,3,3,5,5,1.8,0.6,1.6,1.4,1.4,2.2,3,1,5,5,H
2010-12-05,Leverkusen,FC Koln,2.2,1.4,1.6,1.2,0.8,2.0,3,2,2,1,0,2,5,5,1.6,0.6,1.6,1.0,1.2,2.0,2,1,5,5,H
2010-12-05,Nurnberg,Dortmund,1.2,3.0,1.4,2.8,2.4,0.4,2,5,0,0,3,0,5,5,2.4,3.0,2.0,2.6,1.4,0.6,4,5,5,5,A
2010-12-10,Hannover,Stuttgart,2.4,1.0,1.8,2.4,1.4,1.8,4,1,0,2,1,2,5,5,1.8,0.4,1.6,1.6,1.6,2.6,3,0,5,5,H
2010-12-11,Bayern Munich,St Pauli,1.6,0.8,2.2,0.4,1.4,1.6,2,1,2,1,1,3,5,5,2.4,1.2,3.0,0.6,1.0,1.8,4,2,5,5,H
2010-12-11,Dortmund,Werder Bremen,3.0,1.0,2.8,0.6,0.4,2.0,5,1,0,2,0,2,5,5,2.6,1.0,2.8,1.2,0.4,2.6,4,1,5,5,H
2010-12-11,FC Koln,Ein Frankfurt,0.8,1.4,1.0,1.2,2.2,2.0,1,2,1,1,3,2,5,5,1.0,2.0,1.2,1.8,2.0,1.2,1,3,5,5,H
2010-12-11,Hamburg,Leverkusen,1.2,2.2,1.6,2.0,1.8,1.2,2,3,0,2,3,0,5,5,2.0,2.6,1.8,2.2,1.4,1.0,3,4,5,5,A
2010-12-11,Hoffenheim,Nurnberg,1.0,0.6,1.6,0.8,1.2,2.4,1,1,2,0,2,4,5,5,1.4,0.6,2.0,1.0,1.4,2.6,2,1,5,5,D
2010-12-11,Kaiserslautern,Wolfsburg,1.4,0.8,2.4,1.0,1.6,1.4,2,0,1,4,2,1,5,5,1.4,0.6,2.2,1.0,1.4,1.6,2,0,5,5,D
2010-12-12,Freiburg,M'gladbach,1.8,0.8,0.8,2.2,1.0,2.4,3,1,0,1,2,3,5,5,2.4,0.8,1.6,1.8,1.0,2.4,4,1,5,5,H
2010-12-12,Mainz,Schalke 04,1.2,2.0,1.4,2.2,1.2,1.4,2,3,0,1,3,1,5,5,1.2,1.0,1.4,1.0,1.2,2.0,2,1,5,5,A
2010-12-17,M'gladbach,Hamburg,0.6,0.6,1.6,1.6,2.4,2.4,1,1,0,0,4,4,5,5,0.4,0.6,1.6,1.0,2.6,1.8,0,1,5,5,A
2010-12-18,Werder Bremen,Kaiserslautern,1.0,1.6,0.6,2.2,1.2,1.0,1,2,2,2,2,1,5,5,2.0,0.6,2.0,1.2,1.2,1.8,3,1,5,5,A
2010-12-18,St Pauli,Mainz,0.8,1.2,0.4,1.4,1.6,1.2,1,2,1,0,3,3,5,5,1.4,1.8,1.2,1.4,1.4,1.2,2,3,5,5,A
2010-12-18,Wolfsburg,Hoffenheim,1.0,1.2,0.8,1.6,0.8,1.0,0,1,5,3,0,1,5,5,1.6,1.0,1.6,1.8,1.2,1.6,2,1,5,5,D
2010-12-18,Nurnberg,Hannover,0.2,3.0,0.4,2.2,2.4,0.8,0,5,1,0,4,0,5,5,1.8,1.8,1.6,0.8,1.6,1.6,3,3,5,5,H
2010-12-18,Ein Frankfurt,Dortmund,0.8,3.0,0.6,2.4,2.0,0.4,1,5,1,0,3,0,5,5,2.0,3.0,1.4,2.4,1.2,0.4,3,5,5,5,H
2010-12-18,Schalke 04,FC Koln,2.0,1.4,1.8,1.0,1.4,1.6,3,2,1,1,1,2,5,5,2.0,0.6,2.2,1.4,0.6,2.2,3,1,5,5,H
2010-12-19,Leverkusen,Freiburg,2.2,1.8,2.2,1.2,1.4,1.0,3,3,2,0,0,2,5,5,1.6,0.6,1.8,1.0,1.4,2.2,2,1,5,5,D
2010-12-19,Stuttgart,Bayern Munich,0.4,2.0,1.4,2.2,2.2,0.8,0,3,2,1,3,1,5,5,1.4,0.6,2.0,0.8,0.8,1.6,2,0,5,5,A
2011-01-14,Leverkusen,Dortmund,1.8,2.4,2.4,2.0,1.8,0.6,2,4,3,0,0,1,5,5,1.6,2.4,1.8,2.0,1.4,0.4,2,4,5,5,A
2011-01-15,Wolfsburg,Bayern Munich,1.0,2.0,0.8,2.6,0.8,1.4,0,3,5,1,0,1,5,5,1.2,1.2,1.6,1.8,1.4,1.8,1,1,5,5,D
2011-01-15,Werder Bremen,Hoffenheim,0.8,1.4,0.8,2.0,1.6,1.2,1,1,1,4,3,0,5,5,1.4,1.2,1.6,1.8,1.2,1.2,2,1,5,5,H
2011-01-15,Stuttgart,Mainz,0.2,1.8,1.4,2.2,2.6,1.4,0,3,1,0,4,2,5,5,1.4,1.8,2.4,1.8,1.4,1.4,2,3,5,5,H
2011-01-15,St Pauli,Freiburg,0.8,1.4,0.8,1.4,2.2,1.4,1,2,1,1,3,2,5,5,0.8,0.8,1.0,1.2,1.8,2.2,1,1,5,5,D
2011-01-15,Schalke 04,Hamburg,2.4,1.2,2.0,2.0,1.0,2.2,4,2,0,0,1,3,5,5,2.4,0.6,2.4,1.2,0.2,2.0,4,1,5,5,A
2011-01-15,Nurnberg,M'gladbach,0.8,0.0,1.0,1.0,2.0,2.8,1,0,1,0,3,5,5,5,1.8,0.6,1.8,1.4,1.6,2.6,3,1,5,5,A
2011-01-16,Ein Frankfurt,Hannover,1.2,2.4,0.8,2.2,2.0,1.4,2,4,0,0,3,1,5,5,2.0,1.2,1.2,0.8,1.2,2.2,3,2,5,5,A
2011-01-16,Kaiserslautern,FC Koln,2.0,1.4,2.0,1.0,0.6,1.4,3,2,1,1,1,2,5,5,1.6,0.6,2.2,1.0,1.2,2.2,2,1,5,5,D
2011-01-21,Hamburg,Ein Frankfurt,1.8,1.2,1.8,0.8,1.6,1.8,3,2,0,0,2,3,5,5,2.0,1.4,2.0,1.4,1.6,1.2,3,2,5,5,H
2011-01-22,Mainz,Wolfsburg,1.2,1.0,1.6,0.8,1.2,0.8,2,0,0,5,3,0,5,5,0.6,0.6,0.6,0.8,1.0,1.4,1,0,5,5,A
2011-01-22,Hannover,Schalke 04,2.4,1.8,2.2,1.2,1.0,1.2,4,3,0,0,1,2,5,5,2.4,1.0,2.0,0.8,1.6,1.8,4,1,5,5,A
2011-01-22,Freiburg,Nurnberg,1.6,0.8,1.6,0.8,1.4,1.6,2,1,2,1,1,3,5,5,2.4,0.8,1.6,1.2,0.6,2.4,4,1,5,5,D
2011-01-22,FC Koln,Werder Bremen,1.0,1.4,1.0,1.2,1.6,1.0,1,2,2,1,2,2,5,5,1.4,0.8,1.2,0.8,1.8,2.6,2,1,5,5,H
2011-01-22,Dortmund,Stuttgart,2.4,0.8,2.2,1.6,0.6,2.4,4,1,0,1,1,3,5,5,2.6,0.4,2.2,1.6,0.4,2.6,4,0,5,5,D
2011-01-22,Bayern Munich,Kaiserslautern,2.0,1.6,2.6,1.6,1.4,0.6,3,2,1,2,1,1,5,5,3.0,1.2,3.4,1.4,0.6,1.6,5,2,5,5,H
2011-01-23,Hoffenheim,St Pauli,0.8,0.8,1.4,1.0,1.6,2.4,0,1,4,1,1,3,5,5,1.6,0.6,2.0,0.2,1.2,2.2,2,1,5,5,D
2011-01-23,M'gladbach,Leverkusen,0.6,1.6,0.8,2.4,2.2,2.2,1,2,0,2,4,1,5,5,0.2,2.6,1.6,2.2,2.8,1.2,0,4,5,5,A
2011-01-28,Leverkusen,Hannover,2.0,1.8,2.6,1.6,2.0,1.2,3,3,1,0,1,2,5,5,1.6,1.8,2.0,1.4,1.8,1.6,2,3,5,5,H
2011-01-29,Kaiserslautern,Mainz,1.0,0.6,0.8,1.0,1.6,1.4,1,1,2,0,2,4,5,5,1.8,1.2,2.4,1.6,0.8,1.6,2,2,5,5,A
2011-01-29,Nurnberg,Hamburg,1.0,1.8,1.0,1.2,1.2,1.2,1,3,2,0,2,2,5,5,1.2,1.2,1.4,1.0,1.6,1.4,2,2,5,5,H
2011-01-29,Schalke 04,Hoffenheim,2.4,0.8,1.4,1.4,0.2,1.6,4,0,0,4,1,1,5,5,2.4,1.0,2.4,1.8,0.2,1.4,4,1,5,5,A
2011-01-29,St Pauli,FC Koln,1.0,1.4,1.4,1.4,2.2,1.4,1,2,2,1,2,2,5,5,1.0,0.8,1.2,1.0,1.6,2.0,1,1,5,5,H
2011-01-29,Werder Bremen,Bayern Munich,0.8,2.0,0.6,2.8,1.6,1.4,1,3,1,1,3,1,5,5,1.4,1.2,1.6,2.0,1.2,2.0,2,1,5,5,A
2011-01-29,Wolfsburg,Dortmund,1.4,2.0,0.8,1.6,0.6,0.6,1,3,4,1,0,1,5,5,1.4,2.4,1.4,2.2,1.0,0.6,1,4,5,5,A
2011-01-30,Ein Frankfurt,M'gladbach,1.2,0.6,0.6,0.8,1.2,2.0,2,1,0,0,3,4,5,5,1.8,1.2,1.2,1.2,1.8,2.0,3,2,5,5,A
2011-01-30,Stuttgart,Freiburg,1.0,1.8,1.4,1.8,1.8,1.0,1,2,2,3,2,0,5,5,1.4,1.0,2.2,1.4,1.4,2.2,2,1,5,5,A
2011-02-04,Dortmund,Schalke 04,2.0,1.8,1.8,1.0,0.6,0.4,3,3,1,0,1,2,5,5,2.2,1.6,2.0,0.8,0.6,1.4,3,2,5,5,D
2011-02-05,Nurnberg,Leverkusen,1.6,2.0,1.4,2.4,0.8,1.6,2,3,2,1,1,1,5,5,1.2,2.6,1.2,2.2,1.4,1.0,2,4,5,5,H
2011-02-05,Mainz,Werder Bremen,1.2,0.6,1.0,0.8,1.0,2.2,2,1,0,0,3,4,5,5,0.6,0.2,0.6,0.0,1.0,3.0,1,0,5,5,D
2011-02-05,M'gladbach,Stuttgart,1.2,0.8,0.8,1.2,1.6,1.8,2,1,0,1,3,3,5,5,0.2,0.4,1.6,1.4,2.6,2.4,0,0,5,5,A
2011-02-05,Hannover,Wolfsburg,1.2,1.2,1.2,0.8,1.4,1.2,2,1,0,3,3,1,5,5,1.8,1.2,1.6,0.8,1.6,1.0,3,1,5,5,H
2011-02-05,FC Koln,Bayern Munich,1.4,2.6,1.0,3.4,1.4,1.2,2,4,1,1,2,0,5,5,2.0,1.6,1.6,2.0,1.4,1.6,3,2,5,5,H
2011-02-05,Hoffenheim,Kaiserslautern,1.2,1.0,1.4,0.8,1.4,1.6,1,1,3,2,1,2,5,5,1.2,1.2,1.8,1.4,1.2,2.2,1,2,5,5,H
2011-02-06,Freiburg,Ein Frankfurt,1.8,0.6,1.8,0.2,1.0,1.2,2,1,3,0,0,4,5,5,2.0,0.8,1.4,0.8,0.6,1.4,3,1,5,5,D
2011-02-12,Wolfsburg,Hamburg,1.0,1.8,0.8,1.2,1.4,1.4,1,3,2,0,2,2,5,5,0.8,1.2,1.0,1.0,1.6,1.4,0,2,5,5,A
2011-02-12,Stuttgart,Nurnberg,1.4,2.0,1.6,1.4,1.8,0.6,2,3,1,1,2,1,5,5,0.8,1.0,1.0,1.0,1.6,2.0,1,1,5,5,A
2011-02-12,Schalke 04,Freiburg,1.4,1.4,0.8,1.2,0.4,1.0,2,1,1,4,2,0,5,5,1.8,1.6,1.8,1.2,0.4,1.4,3,2,5,5,H
2011-02-12,St Pauli,M'gladbach,1.0,1.2,1.8,1.2,2.2,1.6,1,2,2,0,2,3,5,5,1.6,1.8,1.8,1.4,1.4,1.4,2,3,5,5,H
2011-02-12,Ein Frankfurt,Leverkusen,0.8,1.4,0.2,1.6,1.0,1.4,1,2,1,1,3,2,5,5,1.2,2.0,0.6,2.0,1.8,1.2,2,3,5,5,A
2011-02-12,Bayern Munich,Hoffenheim,2.0,1.6,3.2,1.8,1.8,1.6,3,2,1,2,1,1,5,5,3.0,1.6,3.8,1.8,0.8,1.0,5,2,5,5,H
2011-02-12,Kaiserslautern,Dortmund,0.8,1.6,1.2,1.4,2.2,0.6,1,2,1,2,3,1,5,5,1.2,2.4,1.8,2.0,1.0,0.6,1,4,5,5,D
2011-02-13,FC Koln,Mainz,1.4,1.4,1.4,1.2,1.8,1.0,2,2,1,1,2,2,5,5,2.0,1.8,1.6,1.8,1.4,1.4,3,3,5,5,H
2011-02-13,Werder Bremen,Hannover,0.8,1.2,1.0,1.0,2.0,1.2,1,2,1,0,3,3,5,5,1.4,1.8,1.4,1.4,1.2,1.2,2,3,5,5,D
2011-02-16,Hamburg,St Pauli,2.4,1.6,1.0,2.4,0.6,1.8,4,2,0,2,1,1,5,5,2.0,0.2,1.8,0.4,1.4,2.6,3,0,5,5,A
2011-02-18,Nurnberg,Ein Frankfurt,2.0,0.2,1.6,0.0,0.6,1.6,3,0,1,1,1,4,5,5,1.8,0.4,1.2,0.2,0.8,1.2,3,0,5,5,H
2011-02-19,Mainz,Bayern Munich,0.8,2.0,0.8,3.0,1.4,1.2,1,3,1,1,3,1,5,5,0.8,1.4,0.8,2.2,0.8,2.0,1,2,5,5,A
2011-02-19,Hannover,Kaiserslautern,1.4,0.4,1.0,1.0,0.8,2.2,2,0,1,2,2,3,5,5,2.4,1.2,1.8,1.6,0.8,2.2,4,2,5,5,H
2011-02-19,Hoffenheim,FC Koln,1.4,2.0,1.4,2.2,2.0,1.6,2,3,1,1,2,1,5,5,1.2,0.8,1.6,0.8,1.6,2.0,1,1,5,5,D
2011-02-19,Freiburg,Wolfsburg,1.2,0.8,0.8,0.4,0.8,1.2,1,1,3,1,1,3,5,5,1.6,1.2,1.2,0.6,0.6,0.6,2,1,5,5,H
2011-02-19,Dortmund,St Pauli,1.8,2.2,1.6,2.2,0.6,1.0,2,3,3,2,0,0,5,5,2.2,0.8,1.8,0.6,0.4,2.2,3,1,5,5,H
2011-02-19,Hamburg,Werder Bremen,1.8,1.0,0.6,1.0,0.6,1.8,3,1,0,2,2,2,5,5,1.8,0.4,1.8,0.2,1.6,2.0,3,0,5,5,H
2011-02-20,Leverkusen,Stuttgart,1.8,1.4,1.8,1.2,1.0,1.6,3,2,0,1,2,2,5,5,1.6,1.0,1.8,2.0,1.6,2.4,2,1,5,5,H
2011-02-20,M'gladbach,Schalke 04,1.2,1.4,1.2,0.4,1.8,0.4,2,2,0,1,3,2,5,5,0.0,1.6,1.4,0.8,2.6,1.4,0,2,5,5,H
2011-02-25,Wolfsburg,M'gladbach,0.6,1.2,0.4,1.4,1.4,2.0,1,2,0,0,4,3,5,5,0.6,1.2,0.6,0.8,1.4,2.0,0,2,5,5,H
2011-02-26,St Pauli,Hannover,2.0,1.4,1.8,1.0,1.0,0.8,3,2,1,1,1,2,5,5,2.0,1.4,2.2,1.4,1.4,1.4,3,2,5,5,A
2011-02-26,Kaiserslautern,Hamburg,0.2,1.8,0.8,1.2,2.6,0.6,0,3,1,0,4,2,5,5,1.2,1.8,1.4,0.8,0.6,0.8,1,3,5,5,D
2011-02-26,Schalke 04,Nurnberg,1.4,2.6,0.6,2.2,0.6,0.4,2,4,1,1,2,0,5,5,1.8,1.0,1.2,1.2,0.4,1.8,3,1,5,5,D
2011-02-26,FC Koln,Freiburg,2.0,1.6,2.2,0.8,1.6,0.6,3,2,1,2,1,1,5,5,2.6,1.0,2.4,1.0,1.0,1.6,4,1,5,5,H
2011-02-26,Bayern Munich,Dortmund,2.4,1.8,3.4,1.4,1.2,0.4,4,2,0,3,1,0,5,5,3.0,2.0,3.8,1.8,0.4,0.6,5,3,5,5,A
2011-02-26,Hoffenheim,Mainz,1.6,0.8,1.4,1.0,1.8,1.8,2,1,2,1,1,3,5,5,1.4,1.2,1.8,1.6,1.6,1.8,1,2,5,5,A
2011-02-27,Ein Frankfurt,Stuttgart,0.2,0.8,0.0,1.4,1.6,2.4,0,1,1,1,4,3,5,5,1.2,0.8,0.6,1.8,1.6,2.6,2,1,5,5,A
2011-02-27,Werder Bremen,Leverkusen,0.4,2.4,0.6,2.4,2.4,0.8,0,4,2,0,3,1,5,5,1.4,2.0,1.6,2.4,1.4,1.2,2,3,5,5,D
2011-03-04,Dortmund,FC Koln,2.2,2.0,1.8,1.8,0.4,1.6,3,3,2,1,0,1,5,5,2.2,0.4,1.8,0.8,0.4,2.2,3,0,5,5,H
2011-03-05,Nurnberg,St Pauli,2.6,1.8,2.2,1.4,0.4,0.8,4,3,1,0,0,2,5,5,2.4,0.8,1.8,0.6,0.4,2.0,4,1,5,5,H
2011-03-05,Ein Frankfurt,Kaiserslautern,0.2,0.4,0.0,0.8,1.8,1.8,0,0,1,2,4,3,5,5,0.6,0.6,0.2,1.0,1.8,2.6,1,1,5,5,D
2011-03-05,Hannover,Bayern Munich,2.0,1.8,1.2,2.6,0.6,1.6,3,3,1,0,1,2,5,5,2.4,2.0,1.8,2.8,0.4,1.8,4,3,5,5,H
2011-03-05,Leverkusen,Wolfsburg,2.0,0.6,2.2,0.6,1.0,1.6,3,1,1,0,1,4,5,5,2.0,1.0,2.4,0.6,1.8,0.8,3,1,5,5,H
2011-03-05,M'gladbach,Hoffenheim,1.2,1.4,1.4,1.2,1.8,1.8,2,2,0,1,3,2,5,5,0.6,1.0,1.4,1.0,2.2,1.8,1,1,5,5,H
2011-03-05,Stuttgart,Schalke 04,1.2,1.0,1.6,0.6,2.2,0.8,2,1,0,2,3,2,5,5,0.8,1.4,1.2,0.6,2.2,1.4,1,2,5,5,H
2011-03-06,Hamburg,Mainz,1.4,1.4,1.2,1.4,0.8,1.8,2,2,1,1,2,2,5,5,1.8,1.8,2.2,1.8,1.4,1.6,3,3,5,5,A
2011-03-06,Freiburg,Werder Bremen,1.4,0.6,0.6,1.0,0.6,2.2,2,0,1,3,2,2,5,5,2.2,0.4,1.4,0.2,0.4,2.0,3,0,5,5,A
2011-03-11,FC Koln,Hannover,2.0,2.6,1.8,1.8,1.2,0.4,3,4,1,1,1,0,5,5,3.0,1.4,2.4,1.2,0.8,1.2,5,2,5,5,H
2011-03-12,Bayern Munich,Hamburg,1.2,1.4,2.2,1.6,2.0,1.2,2,2,0,1,3,2,5,5,2.4,2.0,3.4,1.0,1.0,0.8,4,3,5,5,H
2011-03-12,Hoffenheim,Dortmund,0.8,2.2,1.0,1.4,2.2,0.4,1,3,1,2,3,0,5,5,1.2,2.0,1.6,2.0,1.6,0.8,1,3,5,5,H
2011-03-12,Kaiserslautern,Freiburg,0.6,0.8,0.8,0.6,1.6,1.2,0,1,3,1,2,3,5,5,0.8,1.0,0.6,1.0,0.8,1.2,0,1,5,5,H
2011-03-12,Schalke 04,Ein Frankfurt,1.0,0.4,0.6,0.0,0.8,1.6,1,0,2,2,2,3,5,5,1.4,0.2,1.0,0.2,0.6,1.8,2,0,5,5,H
2011-03-12,Werder Bremen,M'gladbach,1.2,1.2,1.4,1.6,1.8,1.8,1,2,3,0,1,3,5,5,1.0,1.2,1.4,0.8,1.8,1.6,1,2,5,5,D
2011-03-12,Wolfsburg,Nurnberg,0.6,2.6,0.6,2.8,1.6,0.4,1,4,0,1,4,0,5,5,1.0,1.2,1.0,1.4,1.6,1.4,1,1,5,5,A
2011-03-13,Mainz,Leverkusen,1.4,2.0,2.0,2.4,2.2,1.0,2,3,1,1,2,1,5,5,0.8,2.0,1.0,2.4,1.2,1.2,1,3,5,5,A
2011-03-13,St Pauli,Stuttgart,1.2,1.8,0.8,1.8,1.8,2.0,2,3,0,0,3,2,5,5,1.4,1.4,2.0,1.8,1.6,1.8,2,2,5,5,A
2011-03-18,M'gladbach,Kaiserslautern,1.4,1.2,1.4,0.8,1.4,1.2,2,1,1,3,2,1,5,5,1.2,0.8,1.6,1.0,1.8,2.4,2,1,5,5,A
2011-03-19,Hannover,Hoffenheim,2.0,0.8,1.6,0.6,1.2,1.8,3,1,1,1,1,3,5,5,2.4,0.8,1.8,0.8,0.6,2.0,4,1,5,5,H
2011-03-19,Hamburg,FC Koln,0.8,2.0,1.4,2.0,2.4,0.8,1,3,1,1,3,1,5,5,1.2,0.4,1.8,0.4,1.8,1.8,2,0,5,5,H
2011-03-19,Dortmund,Mainz,2.0,1.2,1.4,1.8,0.6,2.2,3,2,1,0,1,3,5,5,2.2,1.8,1.2,1.8,0.2,1.6,3,3,5,5,D
2011-03-19,Ein Frankfurt,St Pauli,0.2,0.6,0.2,0.4,2.0,2.0,0,1,1,0,4,4,5,5,0.2,0.8,0.0,0.6,1.8,2.4,0,1,5,5,H
2011-03-19,Nurnberg,Werder Bremen,2.6,1.2,3.0,1.4,0.6,1.8,4,1,1,3,0,1,5,5,2.4,0.8,2.2,0.8,0.2,2.2,4,1,5,5,A
2011-03-19,Freiburg,Bayern Munich,0.6,1.8,0.8,3.0,1.6,1.4,1,3,0,0,4,2,5,5,1.6,1.4,1.4,2.0,1.0,1.8,2,2,5,5,A
2011-03-20,Stuttgart,Wolfsburg,1.8,0.6,1.6,0.8,1.8,1.8,3,1,0,0,2,4,5,5,1.2,0.8,1.2,0.4,2.0,1.2,2,1,5,5,D
2011-03-20,Leverkusen,Schalke 04,2.6,1.4,2.6,1.0,0.8,1.0,4,2,1,1,0,2,5,5,2.0,1.4,2.4,0.6,1.4,0.6,3,2,5,5,H
2011-04-01,St Pauli,Schalke 04,0.0,0.8,0.4,0.8,2.4,1.4,0,1,0,1,5,3,5,5,1.4,0.8,1.8,0.4,1.2,1.0,2,1,5,5,A
2011-04-02,Mainz,Freiburg,1.4,0.6,1.6,1.0,1.6,1.8,2,1,1,0,2,4,5,5,0.2,0.8,0.4,0.8,1.4,1.2,0,1,5,5,D
2011-04-02,Werder Bremen,Stuttgart,1.6,2.0,1.8,1.6,1.8,1.2,2,3,2,1,1,1,5,5,1.2,2.0,1.4,2.0,1.6,1.6,1,3,5,5,D
2011-04-02,Kaiserslautern,Leverkusen,1.6,2.6,0.8,2.4,1.0,0.8,2,4,2,1,1,0,5,5,1.2,2.0,1.0,1.8,1.0,0.8,1,3,5,5,A
2011-04-02,Bayern Munich,M'gladbach,1.8,1.4,2.6,1.2,1.6,1.0,3,2,0,1,2,2,5,5,2.4,1.4,3.8,1.0,0.8,1.2,4,2,5,5,H
2011-04-02,Dortmund,Hannover,2.0,2.4,1.4,1.8,0.6,1.0,3,4,1,0,1,1,5,5,1.8,1.4,1.0,1.0,0.4,1.4,2,2,5,5,H
2011-04-02,Hoffenheim,Hamburg,0.8,1.4,0.6,2.6,1.4,2.6,1,2,1,1,3,2,5,5,1.6,1.4,1.6,0.6,1.4,1.8,2,2,5,5,D
2011-04-03,FC Koln,Nurnberg,1.4,2.0,1.6,2.4,1.6,1.0,2,3,1,1,2,1,5,5,3.0,1.8,3.0,1.8,0.8,1.0,5,2,5,5,H
2011-04-03,Wolfsburg,Ein Frankfurt,0.8,0.8,1.0,0.6,1.8,1.6,1,1,1,1,3,3,5,5,0.8,0.2,0.8,0.2,1.6,1.4,1,0,5,5,D
2011-04-08,Ein Frankfurt,Werder Bremen,1.0,1.8,0.8,2.0,1.2,1.2,1,2,2,3,2,0,5,5,0.8,1.4,0.4,1.4,1.4,2.0,1,2,5,5,D
2011-04-09,Schalke 04,Wolfsburg,1.4,1.0,1.0,1.0,1.0,1.6,2,1,1,2,2,2,5,5,1.4,0.8,0.8,0.6,0.8,1.4,2,1,5,5,H
2011-04-09,Freiburg,Hoffenheim,0.2,0.8,0.8,0.4,1.8,1.2,0,1,1,1,4,3,5,5,1.0,0.6,1.0,0.4,1.4,2.0,1,1,5,5,H
2011-04-09,Hamburg,Dortmund,1.0,2.0,1.8,1.8,2.6,0.8,1,3,2,1,2,1,5,5,1.8,2.0,2.6,2.0,1.4,0.8,3,3,5,5,D
2011-04-09,Hannover,Mainz,1.8,1.6,1.4,1.6,1.8,1.2,3,2,0,2,2,1,5,5,2.4,2.0,1.8,2.0,0.4,1.6,4,3,5,5,H
2011-04-09,Nurnberg,Bayern Munich,1.4,1.8,1.8,2.2,1.2,1.4,2,3,1,0,2,2,5,5,2.4,1.8,2.4,2.2,0.6,1.8,4,3,5,5,D
2011-04-09,Stuttgart,Kaiserslautern,2.2,1.6,1.4,0.8,0.6,0.6,3,2,2,2,0,1,5,5,1.4,0.8,0.8,0.8,1.2,2.2,2,1,5,5,A
2011-04-10,M'gladbach,FC Koln,0.8,1.8,0.8,1.6,1.0,1.4,1,3,1,0,3,2,5,5,1.2,0.4,1.4,0.8,1.6,2.4,2,0,5,5,H
2011-04-10,Leverkusen,St Pauli,2.6,0.0,1.8,0.4,0.4,2.4,4,0,1,0,0,5,5,5,2.4,0.8,2.4,0.8,1.0,2.2,4,1,5,5,H
2011-04-15,Mainz,M'gladbach,1.0,1.4,1.2,1.6,1.4,0.8,1,2,2,1,2,2,5,5,0.4,0.8,0.6,0.8,1.4,1.4,0,1,5,5,H
2011-04-16,Wolfsburg,St Pauli,0.4,0.0,0.6,0.6,1.6,2.6,0,0,2,0,3,5,5,5,0.8,0.6,0.8,0.6,1.6,2.2,1,1,5,5,D
2011-04-16,Werder Bremen,Schalke 04,1.8,1.8,1.8,1.0,1.0,0.8,2,3,3,0,0,2,5,5,0.8,0.8,1.2,0.6,1.6,1.0,0,1,5,5,D
2011-04-16,Kaiserslautern,Nurnberg,2.0,1.4,1.4,1.8,0.8,1.2,3,2,1,1,1,2,5,5,1.0,1.6,0.8,1.6,1.0,1.0,1,2,5,5,A
2011-04-16,FC Koln,Stuttgart,1.2,1.6,1.6,1.4,2.4,1.4,2,2,0,2,3,1,5,5,3.0,2.0,2.6,2.0,0.8,1.6,5,3,5,5,A
2011-04-16,Hamburg,Hannover,1.0,1.8,1.8,1.6,2.6,1.8,1,3,2,0,2,2,5,5,1.4,0.8,2.6,0.6,1.6,2.2,2,1,5,5,D
2011-04-16,Hoffenheim,Ein Frankfurt,0.8,1.2,0.6,1.0,1.4,1.0,1,1,1,3,3,1,5,5,1.6,0.4,1.2,0.4,1.0,1.4,2,0,5,5,H
2011-04-17,Bayern Munich,Leverkusen,2.0,3.0,2.2,1.8,1.0,0.2,3,5,1,0,1,0,5,5,2.4,2.0,3.4,1.4,0.8,0.6,4,3,5,5,H
2011-04-17,Dortmund,Freiburg,1.6,0.8,1.4,1.4,0.8,2.0,2,1,2,1,1,3,5,5,2.2,0.8,1.6,0.6,0.4,1.0,3,1,5,5,H
2011-04-21,Freiburg,Hannover,0.8,1.4,1.2,1.0,2.0,1.6,1,2,1,1,3,2,5,5,1.4,1.0,1.4,0.6,1.6,1.8,2,1,5,5,A
2011-04-23,Stuttgart,Hamburg,1.6,1.2,1.8,1.4,1.6,1.8,2,1,2,3,1,1,5,5,0.8,1.0,1.0,0.4,2.0,1.8,1,1,5,5,H
2011-04-23,St Pauli,Werder Bremen,0.2,1.4,1.0,1.4,2.0,1.0,0,1,1,4,4,0,5,5,1.2,1.6,1.4,1.6,1.2,1.6,2,2,5,5,A
2011-04-23,Schalke 04,Kaiserslautern,2.0,1.8,1.2,1.4,0.8,1.2,3,3,1,0,1,2,5,5,2.0,1.4,1.0,1.4,0.6,1.6,3,2,5,5,A
2011-04-23,Leverkusen,Hoffenheim,2.4,1.4,1.4,0.8,1.2,1.0,4,2,0,1,1,2,5,5,3.0,0.6,2.6,0.6,0.6,2.2,5,1,5,5,H
2011-04-23,Ein Frankfurt,Bayern Munich,1.0,2.6,1.0,3.0,1.2,0.6,1,4,2,1,2,0,5,5,1.0,1.4,0.6,1.8,1.4,1.8,1,2,5,5,D
2011-04-23,M'gladbach,Dortmund,0.8,1.6,1.2,1.8,1.0,0.8,1,2,1,2,3,1,5,5,1.8,1.6,2.2,1.6,1.2,0.8,3,2,5,5,H
2011-04-24,Nurnberg,Mainz,1.4,1.0,1.2,0.6,1.2,1.0,2,1,1,2,2,2,5,5,2.0,1.4,2.2,1.8,0.8,2.0,3,2,5,5,D
2011-04-24,Wolfsburg,FC Koln,0.6,1.2,1.0,1.8,1.4,2.8,0,2,3,0,2,3,5,5,1.0,0.2,1.2,0.8,1.4,3.2,1,0,5,5,H
2011-04-29,Kaiserslautern,St Pauli,1.8,0.2,1.2,1.0,1.0,2.2,3,0,0,1,2,4,5,5,1.0,0.2,0.8,0.8,1.2,2.6,1,0,5,5,H
2011-04-29,Werder Bremen,Wolfsburg,1.8,1.2,1.8,1.6,1.0,1.2,2,1,3,3,0,1,5,5,1.0,0.2,1.2,0.4,1.2,1.6,0,0,5,5,A
2011-04-30,Hoffenheim,Stuttgart,0.8,1.6,0.8,2.0,1.4,1.4,1,2,1,2,3,1,5,5,1.6,2.0,0.8,2.0,0.6,1.4,2,3,5,5,A
2011-04-30,Mainz,Ein Frankfurt,1.2,1.2,0.6,1.0,0.8,1.0,1,1,3,3,1,1,5,5,1.0,0.4,0.8,0.4,1.2,1.4,1,0,5,5,H
2011-04-30,Hannover,M'gladbach,2.0,1.2,1.6,1.2,1.0,0.8,3,2,1,0,1,3,5,5,3.0,0.2,2.2,0.6,0.2,1.6,5,0,5,5,A
2011-04-30,Bayern Munich,Schalke 04,2.2,1.4,2.0,0.8,0.8,0.8,3,2,2,1,0,2,5,5,2.4,0.8,3.4,0.8,0.8,1.2,4,1,5,5,H
2011-04-30,FC Koln,Leverkusen,0.6,2.4,1.2,1.6,3.6,1.4,1,4,0,0,4,1,5,5,2.4,2.0,2.2,1.6,1.0,1.4,4,3,5,5,H
2011-04-30,Dortmund,Nurnberg,1.6,1.0,1.8,0.8,0.8,1.0,2,1,2,2,1,2,5,5,2.6,2.0,2.2,1.8,0.4,0.8,4,3,5,5,H
2011-04-30,Hamburg,Freiburg,1.2,0.8,1.4,1.2,1.2,2.2,1,1,3,1,1,3,5,5,1.6,0.2,2.6,0.4,1.4,1.6,2,0,5,5,A
2011-05-07,Wolfsburg,Kaiserslautern,1.6,1.8,1.6,1.4,1.0,1.0,2,3,2,0,1,2,5,5,1.6,2.0,2.0,1.2,1.4,1.0,2,3,5,5,A
2011-05-07,Ein Frankfurt,FC Koln,0.6,1.2,0.6,1.2,1.4,2.4,0,2,3,0,2,3,5,5,1.2,0.2,0.8,1.0,1.0,3.4,1,0,5,5,A
2011-05-07,Leverkusen,Hamburg,1.8,0.6,1.2,0.2,1.8,1.2,3,0,0,3,2,2,5,5,3.0,1.0,2.6,0.4,0.8,2.0,5,1,5,5,D
2011-05-07,M'gladbach,Freiburg,1.8,1.4,1.4,1.4,0.6,1.8,3,2,0,1,2,2,5,5,2.4,0.8,2.0,0.8,0.6,1.4,4,1,5,5,H
2011-05-07,Nurnberg,Hoffenheim,1.0,0.8,0.6,1.0,0.8,1.4,1,1,2,1,2,3,5,5,1.6,0.0,2.0,0.6,0.8,2.6,2,0,5,5,A
2011-05-07,Schalke 04,Mainz,1.4,1.6,1.0,1.0,1.2,0.6,2,2,1,2,2,1,5,5,2.0,1.6,1.0,1.4,0.6,1.2,3,2,5,5,A
2011-05-07,St Pauli,Bayern Munich,0.2,2.2,0.8,2.4,2.2,0.8,0,3,1,2,4,0,5,5,0.6,1.6,1.0,1.6,1.8,1.4,1,2,5,5,A
2011-05-07,Stuttgart,Hannover,2.0,1.4,2.2,1.2,1.4,1.2,3,2,1,1,1,2,5,5,1.4,1.4,1.6,1.0,1.8,1.8,2,2,5,5,H
2011-05-07,Werder Bremen,Dortmund,1.2,2.0,1.2,2.0,1.0,0.6,1,3,3,1,1,1,5,5,0.8,1.0,1.0,1.0,1.2,1.0,0,1,5,5,H
2011-05-14,Kaiserslautern,Werder Bremen,2.4,1.6,1.8,1.4,1.0,0.8,4,2,0,2,1,1,5,5,1.4,2.0,1.0,2.0,1.0,1.6,2,3,5,5,H
2011-05-14,Hannover,Nurnberg,1.4,1.0,1.2,0.8,0.8,1.0,2,1,1,2,2,2,5,5,2.4,1.4,2.0,1.0,0.4,1.0,4,2,5,5,H
2011-05-14,Mainz,St Pauli,2.0,0.2,1.4,1.0,0.6,3.4,3,0,1,1,1,4,5,5,1.4,0.2,1.2,0.8,1.0,2.6,2,0,5,5,H
2011-05-14,Hamburg,M'gladbach,0.6,2.4,0.4,1.8,1.4,0.4,0,4,3,0,2,1,5,5,1.0,0.8,1.8,0.6,1.8,1.0,1,1,5,5,D
2011-05-14,Hoffenheim,Wolfsburg,1.2,1.4,1.4,1.6,1.6,1.2,2,2,0,1,3,2,5,5,1.4,0.8,0.8,0.6,0.8,1.4,2,1,5,5,A
2011-05-14,FC Koln,Schalke 04,1.2,0.8,1.4,0.8,2.4,1.8,2,1,0,1,3,3,5,5,2.4,0.8,1.8,0.8,0.6,1.6,4,1,5,5,H
2011-05-14,Bayern Munich,Stuttgart,2.2,2.4,3.8,2.4,1.0,1.4,3,4,2,0,0,1,5,5,2.4,2.6,3.4,2.0,1.0,0.8,4,4,5,5,H
2011-05-14,Freiburg,Leverkusen,1.2,1.4,1.2,1.2,2.0,2.0,2,2,0,1,3,2,5,5,1.2,1.4,1.6,1.0,2.2,1.8,2,2,5,5,A
2011-05-14,Dortmund,Ein Frankfurt,1.4,0.4,1.2,0.4,0.8,1.6,2,0,1,2,2,3,5,5,2.6,0.2,2.2,0.4,0.4,2.0,4,0,5,5,H
2011-08-05,Dortmund,Hamburg,1.8,0.6,1.6,0.4,0.8,1.4,3,0,0,3,2,2,5,5,2.6,0.6,2.6,0.4,0.6,2.2,4,0,5,5,H
2011-08-06,Augsburg,Freiburg,0.0,0.6,0.0,0.6,0.0,1.8,0,1,0,0,0,4,0,5,0.0,0.8,0.0,0.8,0.0,1.6,0,1,0,5,D
2011-08-06,FC Koln,Wolfsburg,1.8,2.0,1.6,2.2,1.6,1.2,3,3,0,1,2,1,5,5,2.4,1.4,2.0,1.0,0.8,1.2,4,2,5,5,A
2011-08-06,Hannover,Hoffenheim,1.4,1.2,1.4,1.2,1.0,1.6,2,2,1,0,2,3,5,5,2.4,0.6,2.0,1.0,0.6,2.0,4,1,5,5,H
2011-08-06,Hertha,Nurnberg,0.0,0.8,0.0,0.8,0.0,1.4,0,1,0,1,0,3,0,5,0.0,1.2,0.0,1.0,0.0,1.4,0,2,0,5,A
2011-08-06,Stuttgart,Schalke 04,2.4,0.2,2.2,0.8,1.0,2.2,4,0,0,1,1,4,5,5,2.0,0.8,1.8,1.0,1.2,1.8,3,1,5,5,H
2011-08-06,Werder Bremen,Kaiserslautern,1.4,2.4,1.6,1.6,1.2,1.0,2,4,1,0,2,1,5,5,1.2,2.6,1.0,1.6,0.8,0.6,1,4,5,5,H
2011-08-07,Mainz,Leverkusen,2.6,1.4,1.8,1.0,0.4,1.8,4,2,1,1,0,2,5,5,2.0,1.8,1.4,0.8,0.6,1.4,3,3,5,5,H
2011-08-07,Bayern Munich,M'gladbach,2.6,2.0,4.0,1.0,1.0,0.4,4,3,1,1,0,1,5,5,3.0,1.0,3.6,0.6,0.6,0.8,5,1,5,5,A
2011-08-13,Freiburg,Mainz,0.8,2.6,1.0,2.0,1.6,0.4,1,4,1,1,3,0,5,5,0.6,1.6,1.2,1.6,2.2,1.2,1,2,5,5,A
2011-08-13,Hamburg,Hertha,0.4,0.0,0.6,0.0,2.0,1.0,0,0,2,0,3,1,5,1,1.2,0.0,1.6,0.0,1.2,0.0,1,0,5,0,D
2011-08-13,Hoffenheim,Dortmund,0.6,1.8,1.2,1.6,2.0,1.0,1,3,0,0,4,2,5,5,1.4,0.8,0.8,0.8,1.0,1.2,2,1,5,5,H
2011-08-13,M'gladbach,Stuttgart,2.6,2.4,1.2,2.2,0.2,0.8,4,4,1,0,0,1,5,5,2.4,2.0,2.0,1.8,0.4,1.2,4,3,5,5,D
2011-08-13,Nurnberg,Hannover,0.8,1.8,0.6,1.8,1.4,1.2,1,3,1,0,3,2,5,5,1.0,0.8,1.6,1.0,1.2,2.2,1,1,5,5,A
2011-08-13,Schalke 04,FC Koln,0.0,1.8,0.6,1.4,2.6,1.6,0,3,0,0,5,2,5,5,1.4,0.6,1.0,1.2,1.2,3.2,2,1,5,5,H
2011-08-13,Wolfsburg,Bayern Munich,2.4,2.0,2.4,3.0,0.8,1.0,4,3,0,1,1,1,5,5,1.0,1.6,1.8,2.6,1.6,1.4,1,2,5,5,A
2011-08-14,Leverkusen,Werder Bremen,1.4,1.8,0.8,1.8,1.2,1.0,2,3,1,0,2,2,5,5,2.6,2.0,2.0,2.4,0.6,1.4,4,3,5,5,H
2011-08-14,Kaiserslautern,Augsburg,2.4,1.0,1.6,2.0,1.0,2.0,4,0,0,1,1,0,5,1,1.8,0.0,1.4,0.0,1.2,0.0,3,0,5,0,D
2011-08-19,M'gladbach,Wolfsburg,2.2,1.8,1.2,1.6,0.4,0.8,3,3,2,0,0,2,5,5,2.0,2.0,1.8,1.6,0.6,0.6,3,3,5,5,H
2011-08-20,Augsburg,Hoffenheim,1.0,1.2,1.5,1.2,1.5,1.6,0,2,2,0,0,3,2,5,1.0,0.6,2.0,1.2,2.0,2.0,0,1,1,5,A
2011-08-20,Bayern Munich,Hamburg,2.4,0.6,3.0,1.0,0.8,1.8,4,0,0,3,1,2,5,5,2.4,0.4,2.4,0.4,0.8,2.6,4,0,5,5,H
2011-08-20,Dortmund,Nurnberg,1.8,0.6,1.6,0.8,1.0,1.8,3,1,0,0,2,4,5,5,3.0,1.2,3.0,0.8,0.6,1.2,5,2,5,5,H
2011-08-20,FC Koln,Kaiserslautern,1.8,2.0,1.4,1.6,1.8,1.2,3,3,0,1,2,1,5,5,1.8,2.4,1.2,1.6,1.4,1.0,3,4,5,5,D
2011-08-20,Stuttgart,Leverkusen,2.0,1.4,1.8,0.6,1.0,1.0,3,2,1,1,1,2,5,5,2.0,1.2,2.2,0.6,1.2,1.8,3,2,5,5,A
2011-08-20,Werder Bremen,Freiburg,1.2,0.8,1.2,1.0,1.0,1.4,2,1,0,1,3,3,5,5,1.6,1.0,1.2,1.0,0.6,1.6,2,1,5,5,H
2011-08-21,Hannover,Hertha,1.8,0.5,1.6,1.0,1.2,1.5,3,0,0,1,2,1,5,2,2.4,1.0,1.8,2.0,0.6,2.0,4,0,5,1,D
2011-08-21,Mainz,Schalke 04,3.0,0.6,2.4,1.6,0.6,2.6,5,1,0,0,0,4,5,5,2.6,0.8,1.8,1.0,0.4,2.0,4,1,5,5,A
2011-08-26,Hertha,Stuttgart,0.6666666666666666,1.4,1.0,1.4,1.3333333333333333,1.0,0,2,2,1,1,2,3,5,0.0,1.6,0.0,1.6,1.0,1.2,0,2,1,5,H
2011-08-27,Freiburg,Wolfsburg,0.2,1.2,1.2,1.6,2.4,1.6,0,2,1,0,4,3,5,5,0.6,1.8,1.2,1.6,2.0,1.2,1,3,5,5,H
2011-08-27,Hamburg,FC Koln,0.6,1.4,1.0,1.2,2.4,2.0,0,2,3,1,2,2,5,5,0.8,0.6,0.8,1.4,1.2,4.0,0,1,5,5,A
2011-08-27,Hoffenheim,Werder Bremen,1.8,1.8,1.4,2.2,1.2,1.4,3,3,0,0,2,2,5,5,1.4,1.4,0.8,1.8,1.0,1.4,2,2,5,5,A
2011-08-27,Kaiserslautern,Bayern Munich,1.6,2.4,1.4,3.2,1.4,0.6,2,4,2,0,1,1,5,5,1.4,2.2,1.2,2.6,1.2,0.8,2,3,5,5,A
2011-08-27,Leverkusen,Dortmund,2.0,1.8,0.8,1.6,0.6,1.0,3,3,1,0,1,2,5,5,2.6,0.2,1.6,0.2,0.6,1.2,4,0,5,5,D
2011-08-27,Nurnberg,Augsburg,0.6,0.6666666666666666,0.8,1.0,1.8,1.6666666666666667,1,0,0,2,4,1,5,3,0.4,1.0,0.8,1.0,1.6,1.0,0,0,5,1,H
2011-08-28,Schalke 04,M'gladbach,1.2,2.2,2.2,1.8,2.2,0.6,2,3,0,2,3,0,5,5,1.8,1.4,1.8,0.6,1.2,0.6,3,2,5,5,H
2011-08-28,Hannover,Mainz,2.0,2.4,1.8,2.2,1.2,1.4,3,4,1,0,1,1,5,5,2.0,1.6,1.6,1.2,0.8,1.0,3,2,5,5,D
2011-09-09,Augsburg,Leverkusen,0.5,2.0,0.75,0.6,1.5,0.4,0,3,2,1,2,1,4,5,0.5,1.2,1.0,0.6,2.0,1.8,0,2,2,5,A
2011-09-10,Bayern Munich,Freiburg,2.4,0.8,2.2,1.8,0.4,2.0,4,1,0,1,1,3,5,5,2.4,0.8,3.2,1.4,0.8,2.4,4,1,5,5,H
2011-09-10,Dortmund,Hertha,2.0,1.25,1.6,1.0,0.6,1.0,3,1,1,2,1,1,5,4,3.0,1.0,2.6,1.5,0.4,1.5,5,0,5,2,A
2011-09-10,Mainz,Hoffenheim,2.0,1.2,1.8,1.2,1.4,1.4,3,2,1,0,1,3,5,5,2.4,1.2,2.0,1.6,1.0,1.6,4,2,5,5,A
2011-09-10,M'gladbach,Kaiserslautern,1.6,1.0,1.4,1.0,0.8,1.8,2,1,2,2,1,2,5,5,2.6,2.0,2.6,1.6,0.6,1.2,4,3,5,5,H
2011-09-10,Stuttgart,Hannover,0.8,2.2,1.0,1.8,1.0,1.0,1,3,1,2,3,0,5,5,1.8,1.4,2.0,1.4,1.2,1.6,3,2,5,5,H
2011-09-10,Werder Bremen,Hamburg,1.8,0.4,2.2,1.4,1.6,3.0,3,0,0,2,2,3,5,5,2.0,0.4,2.0,0.4,1.0,2.4,3,0,5,5,H
2011-09-11,Wolfsburg,Schalke 04,1.2,1.8,1.4,2.2,1.8,1.6,2,3,0,0,3,2,5,5,1.0,0.8,1.6,1.4,1.4,2.4,1,1,5,5,H
2011-09-11,FC Koln,Nurnberg,1.4,1.2,1.6,0.8,2.6,1.4,2,2,1,0,2,3,5,5,1.4,1.2,1.2,0.8,1.6,1.4,2,2,5,5,A
2011-09-16,Freiburg,Stuttgart,0.8,1.4,1.8,1.4,3.2,0.6,1,2,1,1,3,2,5,5,1.2,1.4,1.6,1.4,1.6,1.2,2,2,5,5,A
2011-09-17,Hamburg,M'gladbach,0.2,2.0,1.2,1.4,3.2,0.6,0,3,1,1,4,1,5,5,0.6,1.4,1.2,0.6,1.8,0.6,0,2,5,5,A
2011-09-17,Hertha,Augsburg,1.6,0.4,1.2,0.8,1.0,2.0,2,0,2,2,1,3,5,5,1.5,0.5,0.5,0.5,0.5,1.0,1,0,2,2,D
2011-09-17,Hoffenheim,Wolfsburg,1.8,1.2,1.8,1.2,0.8,1.8,3,2,0,0,2,3,5,5,1.2,1.8,1.0,1.6,1.4,1.6,2,3,5,5,H
2011-09-17,Kaiserslautern,Mainz,0.4,1.4,0.4,1.4,1.6,2.0,0,2,2,1,3,2,5,5,1.4,1.6,1.2,1.2,1.6,1.0,2,2,5,5,H
2011-09-17,Leverkusen,FC Koln,2.0,0.8,1.2,1.4,0.6,2.8,3,1,1,1,1,3,5,5,2.2,1.2,1.2,1.8,0.6,3.4,3,2,5,5,A
2011-09-17,Nurnberg,Werder Bremen,1.8,2.4,1.0,2.2,1.0,1.0,3,4,0,0,2,1,5,5,1.0,1.4,0.8,1.6,1.0,1.4,1,2,5,5,D
2011-09-18,Schalke 04,Bayern Munich,1.8,2.4,2.2,3.2,1.6,0.2,3,4,0,0,2,1,5,5,1.8,2.2,1.6,2.8,1.0,0.6,3,3,5,5,A
2011-09-18,Hannover,Dortmund,1.6,1.4,1.2,1.2,1.4,0.8,2,2,2,1,1,2,5,5,1.6,0.4,1.4,0.2,1.0,1.0,2,0,5,5,H
2011-09-23,Stuttgart,Hamburg,1.4,0.2,1.2,1.0,0.8,2.8,2,0,1,1,2,4,5,5,2.4,0.2,2.2,0.4,0.4,2.8,4,0,5,5,A
2011-09-24,Augsburg,Hannover,0.4,1.6,0.8,1.2,2.0,1.4,0,2,2,2,3,1,5,5,0.3333333333333333,1.4,1.0,1.2,2.6666666666666665,1.4,0,2,3,5,D
2011-09-24,Bayern Munich,Leverkusen,3.0,2.0,3.6,1.4,0.0,1.0,5,3,0,1,0,1,5,5,2.4,1.8,3.6,1.2,0.6,1.0,4,3,5,5,H
2011-09-24,Mainz,Dortmund,0.8,0.8,1.2,0.8,2.6,1.0,1,1,1,1,3,3,5,5,1.8,0.2,1.8,0.2,1.8,1.2,3,0,5,5,A
2011-09-24,M'gladbach,Nurnberg,2.0,1.4,1.4,1.0,0.6,1.2,3,2,1,1,1,2,5,5,2.6,1.2,1.8,0.8,0.4,1.6,4,2,5,5,H
2011-09-24,Schalke 04,Freiburg,1.8,0.6,2.2,1.6,1.4,3.2,3,1,0,0,2,4,5,5,1.2,0.8,1.4,1.4,1.4,3.2,2,1,5,5,H
2011-09-24,Wolfsburg,Kaiserslautern,0.6,1.0,0.8,1.0,2.4,1.4,1,1,0,2,4,2,5,5,1.4,1.4,1.8,0.8,1.4,1.0,2,2,5,5,H
2011-09-25,FC Koln,Hoffenheim,1.4,2.4,2.2,2.2,2.4,0.6,2,4,1,0,2,1,5,5,1.4,1.8,1.2,2.0,1.4,1.0,2,3,5,5,H
2011-09-25,Werder Bremen,Hertha,2.0,1.8,2.0,1.6,1.2,1.2,3,2,1,3,1,0,5,5,2.4,1.6666666666666667,2.2,1.6666666666666667,0.8,1.3333333333333333,4,1,5,3,H
2011-09-30,Kaiserslautern,Stuttgart,0.8,1.2,0.8,1.2,1.4,1.0,1,2,1,0,3,3,5,5,2.0,1.4,1.8,1.2,1.4,1.2,3,2,5,5,A
2011-10-01,Dortmund,Augsburg,1.4,0.4,1.2,0.6,1.0,1.8,2,0,1,2,2,3,5,5,2.4,0.6666666666666666,2.2,1.0,0.8,1.3333333333333333,4,0,5,3,H
2011-10-01,Freiburg,M'gladbach,0.6,2.4,1.8,1.4,3.6,0.4,1,4,0,0,4,1,5,5,0.6,2.0,1.2,0.8,1.6,0.4,1,3,5,5,H
2011-10-01,Hertha,FC Koln,1.6,2.0,1.4,2.4,1.2,1.4,2,3,2,1,1,1,5,5,1.3333333333333333,1.8,1.0,2.4,1.0,2.6,1,3,3,5,H
2011-10-01,Hoffenheim,Bayern Munich,1.8,3.0,2.0,4.0,1.0,0.0,3,5,0,0,2,0,5,5,1.2,2.6,1.4,3.0,1.6,0.4,2,4,5,5,D
2011-10-01,Leverkusen,Wolfsburg,1.4,1.2,1.2,1.0,1.6,2.2,2,2,1,0,2,3,5,5,1.6,1.2,1.0,1.6,1.2,2.2,2,2,5,5,H
2011-10-01,Nurnberg,Mainz,1.4,0.2,0.8,1.0,1.0,2.8,2,0,1,1,2,4,5,5,1.0,1.6,0.8,1.4,1.0,1.2,1,2,5,5,D
2011-10-02,Hamburg,Schalke 04,0.6,1.8,1.0,2.0,2.6,1.6,1,3,0,0,4,2,5,5,0.4,0.6,1.2,1.4,2.0,2.6,0,1,5,5,A
2011-10-02,Hannover,Werder Bremen,1.2,2.6,0.8,2.4,1.2,1.2,1,4,3,1,1,0,5,5,2.2,1.4,1.8,1.6,1.0,1.4,3,2,5,5,H
2011-10-14,Werder Bremen,Dortmund,2.0,1.4,1.8,1.6,1.2,1.0,3,2,1,1,1,2,5,5,3.0,0.8,2.6,0.6,0.8,1.2,5,1,5,5,A
2011-10-15,Bayern Munich,Hertha,2.6,2.0,3.0,1.8,0.0,1.0,4,3,1,1,0,1,5,5,2.4,1.25,3.4,1.5,0.4,1.5,4,1,5,4,H
2011-10-15,Mainz,Augsburg,0.4,0.4,1.2,0.6,2.6,2.2,0,0,2,2,3,3,5,5,1.2,0.5,1.4,0.75,2.2,2.0,2,0,5,4,A
2011-10-15,M'gladbach,Leverkusen,1.8,1.4,0.6,1.6,0.4,1.8,3,2,0,1,2,2,5,5,2.6,1.8,1.8,1.2,0.4,1.2,4,3,5,5,D
2011-10-15,Schalke 04,Kaiserslautern,1.8,0.6,1.6,0.6,1.4,1.6,3,1,0,0,2,4,5,5,1.8,0.8,2.2,0.6,1.6,1.2,3,1,5,5,A
2011-10-15,Stuttgart,Hoffenheim,1.8,1.4,1.6,1.6,0.8,1.0,3,2,0,1,2,2,5,5,1.8,1.8,1.8,1.8,0.8,1.0,3,3,5,5,H
2011-10-15,Wolfsburg,Nurnberg,1.2,1.6,1.0,1.4,2.0,1.2,2,2,0,2,3,1,5,5,1.8,1.2,1.6,0.8,1.0,1.4,3,2,5,5,H
2011-10-16,FC Koln,Hannover,1.8,1.6,2.2,1.2,1.8,1.4,3,2,0,2,2,1,5,5,1.4,1.4,1.2,1.2,1.4,1.4,2,2,5,5,H
2011-10-16,Freiburg,Hamburg,1.2,0.6,1.4,1.2,2.6,2.0,2,1,0,0,3,4,5,5,1.2,0.8,1.2,0.8,1.0,2.4,2,1,5,5,A
2011-10-21,Augsburg,Werder Bremen,1.0,1.4,0.8,1.4,2.0,1.4,1,2,2,1,2,2,5,5,0.5,0.8,0.75,1.4,2.0,1.8,0,1,4,5,D
2011-10-22,Nurnberg,Stuttgart,1.0,2.4,1.4,2.0,1.6,0.6,1,4,2,0,2,1,5,5,1.0,1.4,1.4,1.2,1.6,1.0,1,2,5,5,D
2011-10-22,Kaiserslautern,Freiburg,1.2,0.6,1.0,1.0,1.2,3.0,2,1,0,0,3,4,5,5,1.4,0.2,1.4,1.4,1.8,4.0,2,0,5,5,H
2011-10-22,Hoffenheim,M'gladbach,1.4,2.0,1.4,1.0,1.0,0.6,2,3,1,1,2,1,5,5,1.4,1.4,1.2,0.6,1.2,0.6,2,2,5,5,H
2011-10-22,Hamburg,Wolfsburg,1.2,1.8,1.0,1.4,1.4,1.6,2,3,0,0,3,2,5,5,0.4,0.6,1.4,1.2,2.0,2.6,0,1,5,5,D
2011-10-22,Dortmund,FC Koln,1.8,1.8,2.0,1.8,1.0,1.2,3,3,0,0,2,2,5,5,2.4,1.8,2.6,2.2,0.8,2.4,4,3,5,5,H
2011-10-22,Hertha,Mainz,1.4,0.2,1.6,1.0,1.8,2.6,2,0,1,1,2,4,5,5,1.75,1.6,1.5,2.0,0.75,1.8,2,2,4,5,D
2011-10-23,Hannover,Bayern Munich,1.4,2.6,1.0,3.2,1.6,0.0,2,4,1,1,2,0,5,5,2.2,2.6,1.8,2.8,1.2,0.2,3,4,5,5,H
2011-10-23,Leverkusen,Schalke 04,1.4,1.2,2.0,1.6,2.2,1.8,2,2,1,0,2,3,5,5,1.6,1.2,1.2,1.6,1.2,2.0,2,2,5,5,A
2011-10-28,Freiburg,Leverkusen,0.6,0.8,1.0,1.2,1.8,2.2,1,1,0,1,4,3,5,5,1.2,1.4,1.4,1.4,1.2,1.6,2,2,5,5,A
2011-10-29,Stuttgart,Dortmund,2.0,2.4,1.8,2.8,1.0,0.6,3,4,1,0,1,1,5,5,1.8,1.4,1.8,1.0,0.6,0.8,3,2,5,5,D
2011-10-29,Wolfsburg,Hertha,1.4,1.0,1.2,1.2,1.6,1.6,2,1,1,2,2,2,5,5,1.8,1.0,1.2,1.2,1.0,2.0,3,1,5,5,A
2011-10-29,Schalke 04,Hoffenheim,1.8,1.4,1.6,0.8,1.4,1.0,3,2,0,1,2,2,5,5,1.8,1.2,2.2,1.4,1.4,1.2,3,2,5,5,H
2011-10-29,Bayern Munich,Nurnberg,2.0,0.6,2.0,1.4,0.4,1.8,3,0,1,3,1,2,5,5,2.4,1.2,3.8,0.8,0.2,1.2,4,2,5,5,H
2011-10-29,Mainz,Werder Bremen,0.4,1.0,1.0,1.2,1.8,1.6,0,1,2,2,3,2,5,5,0.6,1.0,1.0,1.2,2.2,1.4,1,1,5,5,A
2011-10-29,M'gladbach,Hannover,1.4,2.0,0.8,1.4,0.8,1.2,2,3,1,1,2,1,5,5,2.2,0.8,1.8,0.6,0.8,1.6,3,1,5,5,H
2011-10-30,FC Koln,Augsburg,1.8,1.2,1.6,0.8,1.8,1.4,3,1,0,3,2,1,5,5,1.4,1.0,1.2,0.8,1.2,1.6,2,1,5,5,H
2011-10-30,Hamburg,Kaiserslautern,1.4,1.8,1.2,1.2,1.2,1.0,2,3,1,0,2,2,5,5,0.4,0.8,1.4,0.6,2.0,1.2,0,1,5,5,D
2011-11-04,Mainz,Stuttgart,0.4,1.6,1.0,1.6,1.8,1.0,0,2,2,2,3,1,5,5,0.0,1.6,0.8,1.4,2.8,1.0,0,2,5,5,H
2011-11-05,Dortmund,Wolfsburg,2.6,1.4,2.8,1.4,0.4,1.6,4,2,1,1,0,2,5,5,2.4,0.2,3.0,0.8,0.6,2.8,4,0,5,5,H
2011-11-05,Hertha,M'gladbach,1.4,1.4,1.4,1.0,1.6,1.0,2,2,1,1,2,2,5,5,1.6,1.2,1.2,0.4,0.6,0.6,2,2,5,5,A
2011-11-05,Hoffenheim,Kaiserslautern,0.8,1.4,0.4,0.8,1.4,1.0,1,2,1,1,3,2,5,5,2.0,1.0,1.2,0.8,0.6,1.0,3,1,5,5,D
2011-11-05,Leverkusen,Hamburg,1.4,1.6,1.2,1.4,1.4,1.2,2,2,1,2,2,1,5,5,1.4,1.2,1.0,1.0,1.2,2.4,2,2,5,5,D
2011-11-05,Nurnberg,Freiburg,0.4,0.6,1.2,0.8,2.4,1.6,0,1,2,0,3,4,5,5,1.2,0.2,1.6,1.4,1.6,3.8,1,0,5,5,A
2011-11-05,Werder Bremen,FC Koln,1.4,1.8,1.6,1.4,1.6,1.6,2,3,1,0,2,2,5,5,2.4,1.2,2.2,1.8,1.2,3.4,4,2,5,5,H
2011-11-06,Augsburg,Bayern Munich,1.0,2.0,0.4,2.4,1.6,0.4,1,3,2,1,2,1,5,5,0.6,2.0,0.8,1.4,1.8,0.4,0,3,5,5,A
2011-11-06,Hannover,Schalke 04,1.4,2.4,1.2,2.2,1.4,1.2,2,4,1,0,2,1,5,5,2.2,1.8,1.8,1.6,1.2,1.6,3,3,5,5,D
2011-11-18,Kaiserslautern,Leverkusen,1.6,1.6,1.0,1.6,1.0,1.2,2,2,2,2,1,1,5,5,1.4,2.0,1.0,1.6,1.4,1.2,2,3,5,5,A
2011-11-19,Wolfsburg,Hannover,0.8,1.4,1.4,1.6,2.6,1.8,1,2,1,1,3,2,5,5,1.8,0.8,1.4,0.6,1.2,1.6,3,1,5,5,H
2011-11-19,Schalke 04,Nurnberg,2.0,0.4,1.8,1.4,1.2,2.6,3,0,1,2,1,3,5,5,1.8,0.6,1.8,0.6,1.4,2.0,3,1,5,5,H
2011-11-19,Bayern Munich,Dortmund,2.0,2.6,2.2,3.4,0.6,0.4,3,4,1,1,1,0,5,5,3.0,1.6,4.6,1.2,0.0,0.8,5,2,5,5,A
2011-11-19,Freiburg,Hertha,1.2,1.4,0.8,1.4,1.0,1.6,2,2,0,1,3,2,5,5,1.2,1.4,1.2,1.4,1.0,2.0,2,2,5,5,D
2011-11-19,M'gladbach,Werder Bremen,1.4,1.4,1.2,1.8,1.2,1.8,2,2,1,1,2,2,5,5,2.6,1.6,2.0,1.8,0.8,1.4,4,2,5,5,H
2011-11-20,Hamburg,Hoffenheim,1.2,1.0,1.4,0.6,1.4,1.2,1,1,3,2,1,2,5,5,0.4,1.2,1.2,1.4,1.8,1.4,0,2,5,5,H
2011-11-20,Stuttgart,Augsburg,1.6,0.8,1.6,0.6,1.2,2.0,2,1,2,1,1,3,5,5,1.4,0.8,1.4,0.6,0.8,2.0,2,1,5,5,H
2011-11-25,FC Koln,M'gladbach,1.2,2.0,1.4,2.2,2.2,1.0,2,3,0,1,3,1,5,5,2.0,1.2,1.8,0.6,0.6,0.8,3,2,5,5,A
2011-11-26,Augsburg,Wolfsburg,0.8,1.4,0.8,2.0,1.6,2.2,1,2,1,1,3,2,5,5,0.4,0.2,0.6,0.8,1.8,3.0,0,0,5,5,H
2011-11-26,Dortmund,Schalke 04,2.6,2.0,2.8,2.2,0.4,1.0,4,3,1,1,0,1,5,5,2.4,2.0,3.4,2.0,0.6,1.4,4,3,5,5,H
2011-11-26,Hannover,Hamburg,0.8,1.8,1.2,1.6,2.2,1.0,1,2,1,3,3,0,5,5,2.2,1.4,2.0,1.2,1.4,2.2,3,2,5,5,D
2011-11-26,Hertha,Leverkusen,1.0,1.6,1.2,1.4,2.0,1.0,1,2,2,2,2,1,5,5,1.6,2.0,1.4,1.8,0.8,1.2,2,3,5,5,D
2011-11-26,Hoffenheim,Freiburg,0.8,0.8,0.6,1.0,1.6,1.4,1,1,1,1,3,3,5,5,1.6,0.6,1.2,1.4,0.8,3.6,2,1,5,5,D
2011-11-26,Nurnberg,Kaiserslautern,0.2,1.6,0.8,1.0,2.8,1.0,0,2,1,2,4,1,5,5,1.2,1.0,1.6,0.8,1.6,1.0,1,1,5,5,H
2011-11-27,Mainz,Bayern Munich,1.0,1.8,1.4,2.2,1.6,0.8,1,3,2,0,2,2,5,5,0.6,2.0,1.0,1.6,2.2,0.6,1,3,5,5,H
2011-11-27,Werder Bremen,Stuttgart,1.4,1.6,1.4,1.6,2.2,1.4,2,2,1,2,2,1,5,5,2.4,1.4,2.4,1.4,1.6,1.4,4,2,5,5,H
2011-12-02,Leverkusen,Hoffenheim,1.6,1.0,1.6,0.8,1.2,1.4,2,1,2,2,1,2,5,5,1.0,0.6,1.2,1.0,1.6,1.8,1,1,5,5,H
2011-12-03,Wolfsburg,Mainz,0.8,1.4,1.6,1.4,2.4,1.4,1,2,1,1,3,2,5,5,2.4,1.2,2.2,1.4,1.2,1.6,4,1,5,5,D
2011-12-03,Stuttgart,FC Koln,1.0,1.2,1.2,1.4,1.8,2.2,1,2,2,0,2,3,5,5,2.0,1.2,1.8,2.0,0.8,3.0,3,2,5,5,D
2011-12-03,M'gladbach,Dortmund,2.4,2.6,2.4,2.8,0.6,0.4,4,4,0,1,1,0,5,5,2.6,2.0,2.2,1.4,0.6,0.8,4,3,5,5,D
2011-12-03,Freiburg,Hannover,1.0,1.0,1.0,1.4,1.2,2.0,1,1,2,2,2,2,5,5,0.8,0.2,1.0,0.4,1.4,2.2,1,0,5,5,D
2011-12-03,Bayern Munich,Werder Bremen,1.2,2.0,1.8,1.8,1.4,1.8,2,3,0,1,3,1,5,5,2.4,1.0,3.6,1.4,0.2,2.2,4,1,5,5,H
2011-12-03,Kaiserslautern,Hertha,1.0,1.2,0.6,1.8,1.0,1.8,1,1,2,3,2,1,5,5,1.2,1.4,0.8,1.6,1.6,2.2,2,2,5,5,D
2011-12-04,Hamburg,Nurnberg,1.4,0.8,1.4,0.8,1.0,2.4,1,1,4,1,0,3,5,5,1.0,0.6,1.0,0.6,1.0,2.4,1,1,5,5,H
2011-12-04,Schalke 04,Augsburg,2.0,0.8,2.0,1.0,1.0,1.6,3,1,1,1,1,3,5,5,1.8,0.8,2.4,0.8,1.4,2.2,3,1,5,5,H
2011-12-09,Hertha,Schalke 04,1.2,2.0,2.0,2.4,2.0,1.2,1,3,3,1,1,1,5,5,1.2,1.4,1.8,1.2,1.4,1.4,1,2,5,5,A
2011-12-10,Werder Bremen,Wolfsburg,1.8,0.8,1.8,1.8,2.4,2.6,3,1,0,1,2,3,5,5,2.4,0.2,1.8,0.8,1.0,2.8,4,0,5,5,H
2011-12-10,Nurnberg,Hoffenheim,0.6,0.4,0.4,0.6,2.4,1.8,1,0,0,2,4,3,5,5,1.2,0.0,1.6,0.2,1.6,2.2,1,0,5,5,A
2011-12-10,Mainz,Hamburg,1.6,1.8,1.8,1.6,1.6,0.8,2,2,2,3,1,0,5,5,1.2,1.6,1.6,1.4,1.8,1.4,2,2,5,5,D
2011-12-10,Hannover,Leverkusen,0.6,2.2,1.2,2.0,2.0,1.0,0,3,3,2,2,0,5,5,2.2,1.6,2.0,1.6,1.4,1.6,3,2,5,5,D
2011-12-10,Augsburg,M'gladbach,0.6,2.6,1.0,2.6,2.0,0.6,1,4,0,1,4,0,5,5,1.0,1.8,1.0,1.2,1.4,0.6,1,3,5,5,H
2011-12-10,FC Koln,Freiburg,0.8,1.2,1.4,1.2,2.6,1.2,1,1,1,3,3,1,5,5,1.8,0.8,1.6,1.0,1.0,2.8,3,1,5,5,H
2011-12-11,Dortmund,Kaiserslautern,2.2,0.6,2.0,0.6,0.6,1.2,3,0,2,3,0,2,5,5,2.4,1.0,3.4,0.8,0.6,1.0,4,1,5,5,D
2011-12-11,Stuttgart,Bayern Munich,1.0,1.8,1.2,2.4,1.8,1.2,1,3,2,0,2,2,5,5,1.6,1.4,1.6,1.4,1.2,1.2,2,2,5,5,A
2011-12-13,FC Koln,Mainz,1.4,1.6,2.2,1.8,1.6,1.6,2,2,1,2,2,1,5,5,2.4,0.8,2.2,1.4,0.6,1.8,4,0,5,5,D
2011-12-16,Bayern Munich,FC Koln,1.8,1.0,2.0,1.8,1.4,1.8,3,1,0,2,2,2,5,5,2.4,0.8,3.0,1.6,0.4,2.8,4,1,5,5,H
2011-12-17,Schalke 04,Werder Bremen,2.0,1.8,2.2,2.0,1.2,2.4,3,3,1,0,1,2,5,5,2.4,0.8,3.0,1.4,1.2,2.8,4,1,5,5,H
2011-12-17,Wolfsburg,Stuttgart,0.8,0.8,1.6,1.2,2.8,2.0,1,1,1,1,3,3,5,5,2.0,1.4,2.2,1.4,1.4,1.6,3,2,5,5,H
2011-12-17,Leverkusen,Nurnberg,1.8,0.6,1.8,0.4,1.0,2.0,2,1,3,0,0,4,5,5,1.4,0.0,1.6,0.2,1.6,2.6,2,0,5,5,A
2011-12-17,Hamburg,Augsburg,1.8,1.2,1.4,1.2,0.6,1.4,2,2,3,0,0,3,5,5,1.6,0.6,1.4,0.6,0.8,2.4,2,1,5,5,D
2011-12-17,Freiburg,Dortmund,1.2,2.2,1.2,2.0,1.8,0.6,1,3,3,2,1,0,5,5,1.0,2.2,1.0,1.4,1.2,0.6,1,3,5,5,A
2011-12-17,Hoffenheim,Hertha,1.0,0.6,0.8,1.6,1.2,2.0,1,0,2,3,2,2,5,5,1.8,1.0,1.2,1.4,0.6,2.2,2,1,5,5,D
2011-12-18,Kaiserslautern,Hannover,0.6,0.8,0.6,1.0,1.2,1.6,0,0,3,4,2,1,5,5,1.4,0.4,1.0,0.6,1.2,1.8,2,0,5,5,D
2011-12-18,M'gladbach,Mainz,2.0,1.8,2.2,1.8,0.6,1.2,3,2,1,3,1,0,5,5,2.2,0.8,2.2,1.4,0.8,1.8,3,0,5,5,H
2012-01-20,M'gladbach,Bayern Munich,2.0,1.8,2.0,2.2,0.4,1.2,3,3,1,0,1,2,5,5,2.2,1.4,2.2,1.4,0.8,1.4,3,2,5,5,H
2012-01-21,Wolfsburg,FC Koln,1.4,1.0,1.6,1.4,1.8,1.8,2,1,1,2,2,2,5,5,2.0,0.2,2.2,0.8,1.4,3.2,3,0,5,5,H
2012-01-21,Schalke 04,Stuttgart,2.4,0.8,2.8,1.0,0.8,1.6,4,1,0,1,1,3,5,5,2.4,0.8,3.2,1.0,0.8,1.6,4,1,5,5,H
2012-01-21,Nurnberg,Hertha,1.2,0.8,0.8,1.6,1.6,1.8,2,0,0,4,3,1,5,5,1.0,1.2,1.4,1.4,1.8,2.0,1,1,5,5,H
2012-01-21,Kaiserslautern,Werder Bremen,0.6,1.2,0.6,1.4,1.2,3.0,0,2,3,0,2,3,5,5,1.0,0.8,0.6,1.0,1.2,3.2,1,1,5,5,D
2012-01-21,Hoffenheim,Hannover,1.0,0.8,0.8,0.8,1.2,1.4,1,0,2,4,2,1,5,5,1.4,0.4,0.8,0.8,0.6,2.0,1,0,5,5,D
2012-01-21,Freiburg,Augsburg,0.6,1.4,1.0,1.2,2.4,1.2,0,2,3,1,2,2,5,5,0.4,0.8,1.0,0.8,2.0,1.8,0,1,5,5,H
2012-01-22,Hamburg,Dortmund,1.8,2.2,1.2,1.8,0.4,0.6,2,3,3,2,0,0,5,5,1.8,2.2,1.4,1.8,0.6,0.6,2,3,5,5,A
2012-01-22,Leverkusen,Mainz,1.6,1.2,1.4,1.2,1.2,1.2,2,1,2,3,1,1,5,5,1.4,0.8,1.4,1.2,1.4,1.4,2,0,5,5,H
2012-01-27,Hannover,Nurnberg,1.0,1.8,0.6,1.2,0.6,0.8,0,3,5,0,0,2,5,5,1.8,0.6,1.6,0.8,1.2,2.4,2,1,5,5,H
2012-01-28,Werder Bremen,Leverkusen,1.4,1.6,1.4,1.6,2.0,1.6,2,2,1,2,2,1,5,5,2.4,1.8,2.2,1.6,1.2,1.0,4,2,5,5,D
2012-01-28,Hertha,Hamburg,0.6,1.2,1.2,1.0,1.8,1.4,0,1,3,3,2,1,5,5,1.0,1.8,1.6,1.4,1.4,1.0,1,2,5,5,A
2012-01-28,FC Koln,Schalke 04,1.0,2.4,1.4,2.6,1.4,1.0,1,4,2,0,2,1,5,5,2.0,2.0,2.0,1.4,0.8,1.2,3,3,5,5,A
2012-01-28,Dortmund,Hoffenheim,2.2,1.2,2.6,0.8,0.8,0.8,3,1,2,3,0,1,5,5,2.6,0.6,3.4,0.6,0.4,1.8,4,1,5,5,H
2012-01-28,Bayern Munich,Wolfsburg,1.8,1.4,2.4,1.0,1.6,1.6,3,2,0,1,2,2,5,5,2.4,0.2,3.0,0.8,0.4,3.0,4,0,5,5,H
2012-01-28,Augsburg,Kaiserslautern,1.4,0.8,1.0,0.6,1.0,0.8,2,0,1,4,2,1,5,5,1.6,1.2,1.0,1.0,0.6,1.0,2,1,5,5,D
2012-01-29,Mainz,Freiburg,0.6,1.0,1.0,0.8,1.4,2.0,0,1,3,2,2,2,5,5,1.4,0.8,1.4,1.0,1.4,2.2,2,1,5,5,H
2012-01-29,Stuttgart,M'gladbach,0.2,2.0,0.8,1.6,2.0,0.6,0,3,1,1,4,1,5,5,1.6,1.2,1.6,1.0,1.2,0.8,2,2,5,5,A
2012-02-03,Nurnberg,Dortmund,1.2,2.2,1.0,2.8,1.0,1.0,2,3,0,2,3,0,5,5,1.4,2.2,1.2,2.4,1.2,0.8,2,3,5,5,A
2012-02-04,Hamburg,Bayern Munich,1.6,2.4,1.2,2.4,1.4,1.0,2,4,2,0,1,1,5,5,1.6,1.2,1.4,1.6,1.4,2.0,2,2,5,5,D
2012-02-04,Hertha,Hannover,0.4,1.4,0.8,0.6,1.6,0.4,0,1,2,4,3,0,5,5,0.4,0.6,1.2,0.8,1.8,1.6,0,0,5,5,A
2012-02-04,Hoffenheim,Augsburg,1.0,1.0,0.8,1.0,1.2,1.4,1,1,2,2,2,2,5,5,1.4,0.2,0.8,0.6,0.6,2.0,1,0,5,5,D
2012-02-04,Leverkusen,Stuttgart,1.6,0.2,1.2,0.8,1.2,2.2,2,0,2,1,1,4,5,5,1.4,0.2,1.4,0.8,1.6,2.2,2,0,5,5,D
2012-02-04,Schalke 04,Mainz,3.0,1.0,3.4,1.2,0.8,1.2,5,1,0,2,0,2,5,5,3.0,0.6,3.6,1.0,0.6,1.4,5,0,5,5,D
2012-02-04,Wolfsburg,M'gladbach,1.4,2.0,1.0,1.6,1.6,0.6,2,3,1,1,2,1,5,5,2.0,1.8,2.0,1.6,1.2,0.6,3,3,5,5,D
2012-02-05,Freiburg,Werder Bremen,0.8,1.0,0.8,1.2,2.4,2.2,1,1,1,2,3,2,5,5,1.0,0.8,1.0,0.8,1.6,3.0,1,1,5,5,D
2012-02-05,Kaiserslautern,FC Koln,1.0,0.8,1.0,1.2,1.0,1.8,0,1,5,1,0,3,5,5,1.2,0.2,0.6,0.8,0.8,2.8,1,0,5,5,A
2012-02-10,Wolfsburg,Freiburg,1.4,0.8,0.6,1.0,1.2,2.6,2,1,1,1,2,3,5,5,2.2,0.8,1.6,0.8,0.6,2.0,3,1,5,5,H
2012-02-11,Werder Bremen,Hoffenheim,1.2,1.2,1.4,1.2,1.8,1.2,1,1,3,3,1,1,5,5,2.0,0.6,2.0,0.8,1.2,2.0,3,1,5,5,D
2012-02-11,M'gladbach,Schalke 04,2.0,2.6,1.4,3.0,0.4,0.8,3,4,1,1,1,0,5,5,2.6,2.0,2.4,1.8,0.6,1.2,4,3,5,5,H
2012-02-11,Stuttgart,Hertha,0.2,0.2,0.8,0.6,2.2,1.6,0,0,1,1,4,4,5,5,1.0,1.2,1.2,1.4,1.8,1.6,1,1,5,5,H
2012-02-11,Dortmund,Leverkusen,2.6,1.2,3.0,1.2,0.8,1.6,4,1,1,3,0,1,5,5,2.6,1.8,3.2,1.4,0.6,0.8,4,2,5,5,H
2012-02-11,Bayern Munich,Kaiserslautern,2.0,0.8,1.8,0.8,1.0,1.0,3,0,1,4,1,1,5,5,2.4,0.8,2.6,1.0,0.4,1.2,4,0,5,5,H
2012-02-11,Mainz,Hannover,1.0,1.8,1.4,0.6,1.4,0.2,1,2,2,3,2,0,5,5,2.0,1.2,2.0,0.8,1.4,1.2,3,1,5,5,D
2012-02-12,Augsburg,Nurnberg,1.2,1.2,1.2,1.0,1.2,1.0,1,2,3,0,1,3,5,5,1.6,0.6,1.4,0.6,1.0,2.2,2,1,5,5,D
2012-02-12,FC Koln,Hamburg,0.8,1.2,0.6,1.0,1.8,1.6,1,1,1,3,3,1,5,5,1.4,1.8,1.8,1.4,1.6,1.0,2,2,5,5,A
2012-02-17,Hoffenheim,Mainz,0.8,1.0,1.0,1.4,1.4,1.4,0,1,4,2,1,2,5,5,1.0,0.6,1.0,1.2,1.0,1.6,0,0,5,5,D
2012-02-18,Nurnberg,FC Koln,1.4,0.6,1.0,0.4,0.6,1.8,2,1,1,0,2,4,5,5,1.2,0.8,0.8,1.0,1.2,1.8,2,1,5,5,H
2012-02-18,Leverkusen,Augsburg,1.0,0.8,1.2,1.0,1.8,1.2,1,0,2,4,2,1,5,5,1.6,0.4,1.8,1.0,1.8,1.8,2,0,5,5,H
2012-02-18,Kaiserslautern,M'gladbach,0.6,2.6,0.6,2.0,1.2,0.2,0,4,3,1,2,0,5,5,0.6,2.0,0.4,1.6,1.0,0.4,0,3,5,5,A
2012-02-18,Hertha,Dortmund,0.2,3.0,0.4,3.0,2.2,0.6,0,5,1,0,4,0,5,5,0.2,2.6,1.2,2.6,2.0,0.6,0,4,5,5,A
2012-02-18,Freiburg,Bayern Munich,0.8,2.0,1.4,1.8,2.4,0.8,1,3,1,1,3,1,5,5,1.2,1.4,1.4,1.6,1.8,1.8,1,2,5,5,D
2012-02-18,Hamburg,Werder Bremen,1.6,0.8,1.2,0.8,1.6,1.8,2,0,2,4,1,1,5,5,1.6,0.4,1.4,0.6,1.4,3.2,2,0,5,5,A
2012-02-19,Hannover,Stuttgart,1.8,0.8,0.8,1.6,0.4,1.8,2,1,3,1,0,3,5,5,1.8,0.2,1.2,0.8,0.8,2.2,2,0,5,5,H
2012-02-19,Schalke 04,Wolfsburg,2.0,2.0,2.6,1.0,1.2,0.8,3,3,1,1,1,1,5,5,2.6,0.2,3.2,0.6,0.6,2.8,4,0,5,5,H
2012-02-24,M'gladbach,Hamburg,2.6,1.4,2.2,1.2,0.4,2.0,4,2,1,1,0,2,5,5,2.6,1.8,2.6,1.2,0.4,0.8,4,2,5,5,D
2012-02-25,Wolfsburg,Hoffenheim,1.4,0.8,0.8,1.0,1.6,1.4,2,0,1,4,2,1,5,5,2.2,0.8,1.4,0.8,0.8,1.6,3,1,5,5,A
2012-02-25,Stuttgart,Freiburg,0.8,1.0,2.0,1.2,2.4,1.6,1,1,1,2,3,2,5,5,1.4,0.8,2.0,1.2,1.6,2.4,2,1,5,5,H
2012-02-25,Werder Bremen,Nurnberg,1.4,1.4,1.4,0.8,1.0,0.8,1,2,4,1,0,2,5,5,2.2,0.8,2.2,0.6,1.0,1.4,3,1,5,5,A
2012-02-25,FC Koln,Leverkusen,0.6,1.6,0.6,2.0,1.6,1.4,1,2,0,2,4,1,5,5,0.8,1.2,1.2,1.2,1.8,1.0,1,1,5,5,A
2012-02-25,Augsburg,Hertha,0.6,0.0,1.0,0.2,1.8,2.2,0,0,3,0,2,5,5,5,1.6,0.6,1.2,0.8,0.8,2.2,2,0,5,5,H
2012-02-25,Mainz,Kaiserslautern,1.2,0.4,1.6,0.6,1.4,1.4,1,0,3,2,1,3,5,5,2.2,0.6,2.0,0.8,1.0,1.4,3,0,5,5,H
2012-02-26,Bayern Munich,Schalke 04,1.6,2.0,1.2,2.4,0.8,1.2,2,3,2,1,1,1,5,5,2.4,1.4,2.2,1.6,0.4,1.8,4,2,5,5,H
2012-02-26,Dortmund,Hannover,3.0,2.2,2.4,1.4,0.4,0.6,5,3,0,2,0,0,5,5,2.6,1.4,2.4,0.8,0.6,0.6,4,1,5,5,H
2012-03-03,Leverkusen,Bayern Munich,1.6,2.2,1.8,1.4,1.0,0.2,2,3,2,2,1,0,5,5,2.0,1.0,2.2,1.2,1.6,1.6,3,1,5,5,H
2012-03-03,Hertha,Werder Bremen,0.0,1.2,0.2,1.4,2.4,1.2,0,1,0,3,5,1,5,5,0.2,1.0,1.0,1.2,1.8,2.4,0,1,5,5,H
2012-03-03,Hannover,Augsburg,2.0,1.2,1.6,1.6,1.2,1.6,3,1,1,3,1,1,5,5,1.8,0.4,1.6,1.0,1.0,2.2,2,0,5,5,D
2012-03-03,Kaiserslautern,Wolfsburg,0.2,0.8,0.6,0.8,2.2,2.0,0,1,1,1,4,3,5,5,0.6,0.0,0.6,0.4,1.0,3.4,0,0,5,5,D
2012-03-03,Freiburg,Schalke 04,0.4,1.4,1.2,1.8,2.4,1.4,0,2,2,1,3,2,5,5,1.2,1.2,1.0,1.2,1.4,1.8,1,2,5,5,H
2012-03-03,Dortmund,Mainz,3.0,1.8,2.0,2.0,0.4,0.8,5,2,0,3,0,0,5,5,2.6,0.6,2.0,1.0,0.6,1.4,4,0,5,5,H
2012-03-03,Hamburg,Stuttgart,1.6,1.4,1.2,2.6,1.2,2.0,2,2,2,1,1,2,5,5,1.0,0.2,1.2,1.0,2.0,2.4,1,0,5,5,A
2012-03-04,Hoffenheim,FC Koln,1.2,0.6,1.4,0.6,1.6,1.8,1,1,3,0,1,4,5,5,1.0,0.8,1.0,0.8,1.0,1.6,0,1,5,5,D
2012-03-04,Nurnberg,M'gladbach,1.4,2.2,0.6,1.8,0.8,0.4,2,3,1,2,2,0,5,5,1.8,2.0,1.0,1.6,1.0,0.4,3,3,5,5,H
2012-03-09,Stuttgart,Kaiserslautern,2.0,0.2,3.4,0.2,1.4,1.8,3,0,1,1,1,4,5,5,1.4,0.4,2.4,0.6,1.6,2.0,2,0,5,5,D
2012-03-10,M'gladbach,Freiburg,1.6,1.0,1.2,1.4,0.6,2.0,2,1,2,2,1,2,5,5,2.2,0.2,1.8,1.0,0.6,3.0,3,0,5,5,D
2012-03-10,Augsburg,Dortmund,1.2,3.0,1.6,1.8,1.6,0.4,1,5,3,0,1,0,5,5,2.2,2.6,1.6,2.6,0.4,0.6,3,4,5,5,D
2012-03-10,Bayern Munich,Hoffenheim,1.6,1.4,1.0,1.4,0.6,1.2,2,1,2,4,1,0,5,5,3.0,1.4,2.6,1.2,0.2,1.4,5,2,5,5,H
2012-03-10,FC Koln,Hertha,0.8,0.6,0.6,0.2,1.2,2.0,1,1,1,0,3,4,5,5,0.8,0.4,1.2,0.4,1.6,2.4,1,0,5,5,H
2012-03-10,Mainz,Nurnberg,1.2,2.0,1.6,0.8,1.0,0.6,1,3,3,1,1,1,5,5,2.2,1.4,2.2,0.8,0.8,0.6,3,2,5,5,H
2012-03-10,Wolfsburg,Leverkusen,1.0,2.0,0.8,2.0,1.6,0.8,1,3,2,1,2,1,5,5,2.0,1.2,1.2,1.2,0.8,1.0,3,1,5,5,H
2012-03-11,Werder Bremen,Hannover,1.0,1.6,1.2,1.8,1.2,1.6,1,2,2,2,2,1,5,5,1.6,1.2,1.6,0.8,0.8,1.0,2,1,5,5,H
2012-03-11,Schalke 04,Hamburg,0.8,1.0,1.2,0.8,1.6,1.8,1,1,1,2,3,2,5,5,2.6,1.8,3.2,1.0,0.6,0.6,4,2,5,5,H
2012-03-16,Hoffenheim,Stuttgart,1.2,2.0,1.2,3.0,2.2,1.0,1,3,3,1,1,1,5,5,1.0,0.8,1.0,1.8,1.0,2.0,0,1,5,5,A
2012-03-17,Augsburg,Mainz,1.2,1.6,1.2,1.8,1.2,1.0,1,2,3,2,1,1,5,5,1.8,0.4,1.2,1.0,0.4,1.6,2,0,5,5,H
2012-03-17,Dortmund,Werder Bremen,2.6,1.4,1.4,1.4,0.4,0.8,4,2,1,1,0,2,5,5,2.6,1.0,2.0,1.0,0.8,1.8,4,1,5,5,H
2012-03-17,Hamburg,Freiburg,0.8,1.0,0.8,1.0,2.2,1.6,1,1,1,2,3,2,5,5,0.4,0.2,0.8,0.8,2.8,2.8,0,0,5,5,A
2012-03-17,Hertha,Bayern Munich,0.6,2.0,0.2,2.2,2.0,0.6,1,3,0,1,4,1,5,5,0.6,1.0,0.6,0.8,1.2,1.4,1,1,5,5,A
2012-03-17,Leverkusen,M'gladbach,1.8,1.6,2.0,1.2,1.0,0.6,3,2,0,2,2,1,5,5,2.0,1.4,2.2,1.0,1.6,0.6,3,2,5,5,A
2012-03-17,Nurnberg,Wolfsburg,2.0,1.4,1.0,1.4,0.6,2.0,3,2,1,1,1,2,5,5,1.8,0.2,1.0,0.2,1.0,2.4,3,0,5,5,A
2012-03-18,Kaiserslautern,Schalke 04,0.4,1.2,0.2,1.6,1.6,1.6,0,2,2,0,3,3,5,5,0.6,1.2,0.4,1.4,0.8,1.8,0,2,5,5,A
2012-03-18,Hannover,FC Koln,1.0,0.8,1.6,0.6,2.2,1.2,1,1,2,1,2,3,5,5,1.8,0.8,1.6,0.6,1.0,1.4,2,1,5,5,H
2012-03-23,Wolfsburg,Hamburg,1.4,0.2,1.4,0.8,1.8,2.8,2,0,1,1,2,4,5,5,2.0,1.6,1.6,1.0,1.2,1.0,3,2,5,5,H
2012-03-24,Bayern Munich,Hannover,2.0,1.4,3.0,2.2,0.6,2.2,3,2,1,1,1,2,5,5,3.0,1.0,3.2,0.6,0.2,1.4,5,1,5,5,H
2012-03-24,Freiburg,Kaiserslautern,1.6,0.4,1.2,0.4,1.2,2.0,2,0,2,2,1,3,5,5,1.6,0.6,1.2,0.6,1.4,1.8,2,0,5,5,H
2012-03-24,Mainz,Hertha,1.4,0.6,1.8,0.2,1.2,2.2,2,1,1,0,2,4,5,5,2.2,0.2,2.0,0.2,0.6,2.4,3,0,5,5,A
2012-03-24,M'gladbach,Hoffenheim,1.6,1.0,1.0,1.2,0.8,2.4,2,1,2,2,1,2,5,5,2.2,1.4,1.6,1.4,0.4,2.4,3,2,5,5,A
2012-03-24,Schalke 04,Leverkusen,1.8,1.8,2.4,2.2,1.2,1.2,3,3,0,0,2,2,5,5,2.6,1.0,3.2,1.0,0.6,1.0,4,1,5,5,H
2012-03-24,Werder Bremen,Augsburg,1.2,1.6,1.2,1.6,0.8,1.4,2,2,0,2,3,1,5,5,1.6,0.6,1.8,1.2,0.8,2.0,2,0,5,5,D
2012-03-25,FC Koln,Dortmund,0.8,2.6,0.8,1.4,1.8,0.4,1,4,1,1,3,0,5,5,0.8,2.6,0.6,2.4,1.6,0.4,1,4,5,5,A
2012-03-25,Stuttgart,Nurnberg,2.0,1.8,2.4,1.2,1.2,1.2,3,3,1,0,1,2,5,5,1.4,1.4,2.0,1.0,1.2,0.6,2,2,5,5,H
2012-03-30,Dortmund,Stuttgart,2.6,2.6,2.4,2.2,0.6,0.4,4,4,1,1,0,0,5,5,3.0,1.4,2.0,2.2,0.6,2.0,5,2,5,5,D
2012-03-31,Augsburg,FC Koln,1.8,0.8,1.6,0.8,0.8,2.6,2,1,3,1,0,3,5,5,1.8,0.8,1.4,0.8,0.6,1.6,2,1,5,5,H
2012-03-31,Hertha,Wolfsburg,1.2,2.0,0.8,1.8,2.2,1.2,2,3,0,1,3,1,5,5,0.6,0.8,0.4,0.8,2.0,2.2,1,1,5,5,A
2012-03-31,Kaiserslautern,Hamburg,0.4,0.2,0.2,0.8,2.0,2.6,0,0,2,1,3,4,5,5,0.4,1.4,0.4,1.2,1.4,1.4,0,2,5,5,A
2012-03-31,Leverkusen,Freiburg,1.2,2.0,1.4,1.6,1.4,1.2,2,3,0,1,3,1,5,5,2.0,0.8,2.4,1.4,1.4,2.2,3,1,5,5,A
2012-03-31,Nurnberg,Bayern Munich,1.2,2.4,0.8,3.4,1.2,0.8,2,4,0,0,3,1,5,5,1.8,1.0,1.2,1.6,1.2,1.2,3,1,5,5,A
2012-03-31,Werder Bremen,Mainz,0.8,1.2,0.8,1.8,0.8,1.6,1,2,1,0,3,3,5,5,1.2,0.4,1.2,1.2,0.8,1.8,1,0,5,5,A
2012-04-01,Hannover,M'gladbach,0.8,1.0,1.6,0.8,2.2,1.0,1,1,1,2,3,2,5,5,2.2,2.0,2.2,1.4,1.0,0.6,3,3,5,5,H
2012-04-01,Hoffenheim,Schalke 04,1.4,1.8,1.4,2.0,2.4,1.2,2,3,1,0,2,2,5,5,0.8,1.2,1.0,1.8,1.2,1.8,0,2,5,5,D
2012-04-07,Wolfsburg,Dortmund,2.6,2.2,2.4,2.6,1.0,1.2,4,3,1,2,0,0,5,5,2.0,2.6,1.8,2.8,1.4,0.4,3,4,5,5,A
2012-04-07,Stuttgart,Mainz,2.2,1.2,2.2,1.6,1.0,1.6,3,2,2,0,0,3,5,5,2.0,1.0,2.0,1.4,0.8,1.2,3,1,5,5,H
2012-04-07,M'gladbach,Hertha,0.8,1.2,0.8,1.0,1.2,2.4,1,2,1,0,3,3,5,5,1.6,0.6,1.6,0.6,0.8,2.4,2,1,5,5,D
2012-04-07,FC Koln,Werder Bremen,0.8,0.8,1.0,0.8,2.6,1.2,1,1,1,1,3,3,5,5,0.6,1.0,0.6,1.0,2.6,1.0,1,1,5,5,D
2012-04-07,Freiburg,Nurnberg,2.6,0.6,1.8,0.6,0.4,1.4,4,1,1,0,0,4,5,5,2.2,0.8,1.4,0.4,0.6,0.8,3,1,5,5,D
2012-04-07,Bayern Munich,Augsburg,2.4,1.8,3.2,1.4,0.8,1.0,4,2,0,3,1,0,5,5,3.0,0.6,3.0,1.2,0.4,2.0,5,0,5,5,H
2012-04-07,Kaiserslautern,Hoffenheim,0.4,1.0,0.2,1.2,1.4,2.4,0,1,2,2,3,2,5,5,0.2,1.4,0.4,1.4,1.6,2.6,0,2,5,5,A
2012-04-08,Hamburg,Leverkusen,0.6,0.6,0.8,1.0,2.4,1.8,1,1,0,0,4,4,5,5,0.2,0.8,0.8,1.0,3.2,1.4,0,1,5,5,D
2012-04-08,Schalke 04,Hannover,2.0,1.4,2.2,1.8,1.0,1.8,3,2,1,1,1,2,5,5,2.6,0.8,2.6,0.8,0.6,1.8,4,1,5,5,H
2012-04-10,Mainz,FC Koln,1.2,0.8,1.6,1.0,2.0,2.6,2,1,0,1,3,3,5,5,2.0,0.8,2.2,1.0,1.2,1.8,3,1,5,5,H
2012-04-10,Werder Bremen,M'gladbach,1.0,1.0,1.0,0.8,1.2,1.0,1,1,2,2,2,2,5,5,1.0,1.4,1.0,1.0,1.2,1.0,1,2,5,5,D
2012-04-10,Hertha,Freiburg,0.8,2.2,0.8,1.8,2.4,0.6,1,3,1,2,3,0,5,5,0.6,1.4,0.4,1.6,2.4,1.6,1,2,5,5,A
2012-04-10,Augsburg,Stuttgart,1.6,2.2,1.2,2.2,1.0,1.2,2,3,2,2,1,0,5,5,2.2,1.6,1.4,2.8,0.4,2.2,3,2,5,5,A
2012-04-11,Dortmund,Bayern Munich,2.2,3.0,2.8,3.6,1.2,0.6,3,5,2,0,0,0,5,5,2.6,1.6,2.2,1.6,1.2,0.6,4,2,5,5,H
2012-04-11,Hannover,Wolfsburg,1.2,2.4,1.4,2.6,2.0,1.6,2,4,0,0,3,1,5,5,2.6,1.4,2.6,1.4,1.2,1.6,4,2,5,5,H
2012-04-11,Hoffenheim,Hamburg,1.4,0.8,1.4,1.0,2.4,1.8,2,1,1,1,2,3,5,5,0.8,1.4,1.2,1.0,1.4,1.2,0,2,5,5,H
2012-04-11,Leverkusen,Kaiserslautern,0.2,0.2,0.8,0.4,2.0,1.8,0,0,1,1,4,4,5,5,1.4,0.4,1.8,0.4,1.4,2.0,2,0,5,5,H
2012-04-11,Nurnberg,Schalke 04,0.2,2.6,0.8,2.6,1.8,0.6,0,4,1,1,4,0,5,5,1.2,0.8,0.8,1.2,1.4,1.8,2,1,5,5,H
2012-04-13,Stuttgart,Werder Bremen,2.6,0.6,2.8,0.8,1.4,1.6,4,0,1,3,0,2,5,5,2.6,1.0,2.8,1.2,0.4,1.2,4,1,5,5,H
2012-04-14,Kaiserslautern,Nurnberg,0.0,0.8,0.6,1.4,2.4,1.6,0,1,0,1,5,3,5,5,0.2,1.0,0.6,0.8,1.8,1.0,0,1,5,5,A
2012-04-14,Bayern Munich,Mainz,2.4,1.2,2.2,2.0,0.6,1.8,4,2,0,0,1,3,5,5,3.0,0.8,3.0,1.4,0.6,1.8,5,1,5,5,D
2012-04-14,Hamburg,Hannover,0.8,1.8,0.8,1.8,2.0,1.4,1,3,1,0,3,2,5,5,0.4,0.2,0.8,0.6,2.4,2.4,0,0,5,5,H
2012-04-14,Leverkusen,Hertha,0.8,0.8,1.0,1.0,1.6,2.6,1,1,1,1,3,3,5,5,1.8,0.8,2.0,0.6,1.2,2.0,3,1,5,5,D
2012-04-14,Schalke 04,Dortmund,2.0,2.6,2.2,3.0,1.2,1.2,3,4,1,1,1,0,5,5,2.6,2.6,2.6,2.4,0.4,0.4,4,4,5,5,A
2012-04-14,Wolfsburg,Augsburg,1.8,1.4,2.0,1.4,1.6,1.6,3,2,0,1,2,2,5,5,1.8,0.6,2.0,1.4,2.0,2.2,3,0,5,5,A
2012-04-15,M'gladbach,FC Koln,1.0,0.2,1.2,0.8,1.4,3.4,1,0,2,1,2,4,5,5,1.2,0.2,1.0,0.8,0.6,2.6,1,0,5,5,H
2012-04-15,Freiburg,Hoffenheim,2.6,2.0,2.2,2.0,0.8,1.0,4,3,1,1,0,1,5,5,1.8,2.0,1.6,1.6,1.0,2.2,2,3,5,5,D
2012-04-20,Mainz,Wolfsburg,1.4,1.2,1.8,1.6,1.4,1.8,2,2,1,0,2,3,5,5,2.0,1.4,2.4,1.4,1.0,1.6,3,2,5,5,D
2012-04-21,Nurnberg,Hamburg,1.4,1.4,1.6,0.8,1.0,1.4,2,2,1,1,2,2,5,5,1.8,0.8,1.6,0.8,1.2,2.0,3,1,5,5,D
2012-04-21,Werder Bremen,Bayern Munich,0.6,2.0,1.0,1.0,2.2,0.6,0,3,3,1,2,1,5,5,1.0,1.4,1.2,1.4,1.4,0.6,1,2,5,5,A
2012-04-21,Hoffenheim,Leverkusen,2.2,1.0,1.8,1.4,0.6,1.8,3,1,2,2,0,2,5,5,1.2,0.8,1.6,1.0,1.0,1.4,1,1,5,5,A
2012-04-21,Dortmund,M'gladbach,2.6,1.0,3.2,1.4,1.4,1.2,4,1,1,2,0,2,5,5,2.6,1.4,2.2,1.4,1.2,1.4,4,2,5,5,H
2012-04-21,FC Koln,Stuttgart,0.2,2.6,0.6,3.2,3.2,1.4,0,4,1,1,4,0,5,5,0.8,2.0,0.6,3.0,2.0,2.0,1,3,5,5,D
2012-04-21,Hertha,Kaiserslautern,1.0,0.0,1.6,0.4,2.0,2.0,1,0,2,0,2,5,5,5,0.6,0.2,0.6,0.2,2.6,2.2,1,0,5,5,A
2012-04-22,Augsburg,Schalke 04,1.4,1.4,1.4,1.6,1.6,1.4,2,2,1,1,2,2,5,5,2.0,0.8,1.6,1.4,1.0,2.0,3,1,5,5,D
2012-04-22,Hannover,Freiburg,1.2,2.2,1.0,1.6,1.4,0.6,2,3,0,2,3,0,5,5,2.6,2.0,2.8,1.6,1.2,1.2,4,3,5,5,D
2012-04-28,Leverkusen,Hannover,1.6,1.4,1.6,0.8,1.4,1.0,2,2,2,1,1,2,5,5,1.4,0.0,1.8,0.4,1.6,2.4,2,0,5,5,H
2012-04-28,Schalke 04,Hertha,1.0,0.4,1.4,1.2,1.6,2.2,1,0,2,2,2,3,5,5,2.4,1.0,2.6,1.2,0.6,1.6,4,1,5,5,H
2012-04-28,M'gladbach,Augsburg,1.0,1.4,1.2,1.4,1.2,1.6,1,2,2,1,2,2,5,5,1.2,1.0,1.0,1.4,0.6,2.0,1,1,5,5,D
2012-04-28,Kaiserslautern,Dortmund,0.6,2.6,0.8,2.4,1.8,1.2,1,4,0,1,4,0,5,5,0.2,2.6,0.4,2.4,1.8,0.6,0,4,5,5,A
2012-04-28,Wolfsburg,Werder Bremen,0.8,0.4,1.2,1.0,1.6,2.4,1,0,1,2,3,3,5,5,1.2,0.8,1.6,1.0,2.0,1.6,2,1,5,5,H
2012-04-28,Hamburg,Mainz,1.6,1.6,0.8,1.6,1.2,0.8,2,2,2,2,1,1,5,5,0.8,0.8,0.8,1.2,2.2,1.6,1,1,5,5,D
2012-04-28,Freiburg,FC Koln,1.8,0.4,1.2,0.6,0.6,2.2,2,0,3,2,0,3,5,5,1.8,0.2,1.2,0.6,0.6,2.8,2,0,5,5,H
2012-04-28,Bayern Munich,Stuttgart,2.0,2.2,1.0,3.2,0.6,1.6,3,3,1,2,1,0,5,5,2.6,2.2,2.6,2.8,0.6,1.4,4,3,5,5,H
2012-04-28,Hoffenheim,Nurnberg,1.6,1.6,1.4,1.8,0.6,1.0,2,2,2,2,1,1,5,5,1.0,1.4,1.4,1.2,1.0,1.0,1,2,5,5,A
2012-05-05,Stuttgart,Wolfsburg,2.0,0.8,2.4,1.0,1.2,1.6,3,1,1,1,1,3,5,5,2.6,1.6,2.6,1.4,0.6,0.8,4,2,5,5,H
2012-05-05,Mainz,M'gladbach,1.2,1.2,1.0,1.0,0.8,0.8,1,1,3,3,1,1,5,5,2.0,0.8,2.2,1.0,0.8,1.6,3,1,5,5,A
2012-05-05,Werder Bremen,Schalke 04,0.4,1.4,1.2,2.0,2.4,1.4,0,2,2,1,3,2,5,5,1.0,1.0,1.4,1.6,1.6,1.8,1,1,5,5,A
2012-05-05,Hertha,Hoffenheim,0.4,1.4,1.0,1.6,2.2,1.0,0,2,2,1,3,2,5,5,0.6,2.0,0.8,1.4,2.8,2.0,1,3,5,5,H
2012-05-05,Nurnberg,Leverkusen,2.2,2.2,2.4,1.8,1.2,1.0,3,3,2,2,0,0,5,5,1.4,1.4,1.4,1.2,1.2,1.2,2,2,5,5,A
2012-05-05,FC Koln,Bayern Munich,0.4,2.0,0.6,1.2,2.6,0.6,0,3,2,1,3,1,5,5,1.0,1.8,0.8,1.8,2.0,0.8,1,3,5,5,A
2012-05-05,Augsburg,Hamburg,1.0,1.2,1.0,0.6,1.4,1.2,1,1,2,3,2,1,5,5,1.6,0.8,1.2,0.8,1.2,2.0,2,1,5,5,H
2012-05-05,Hannover,Kaiserslautern,0.8,0.6,0.4,1.2,1.0,2.6,1,1,1,0,3,4,5,5,2.2,0.8,2.0,0.6,0.8,2.0,3,1,5,5,H
2012-05-05,Dortmund,Freiburg,3.0,1.8,2.6,1.6,0.8,0.8,5,2,0,3,0,0,5,5,2.6,2.2,2.0,1.4,1.0,0.4,4,3,5,5,H
2012-08-24,Dortmund,Werder Bremen,3.0,0.2,2.8,1.4,0.6,2.8,5,0,0,1,0,4,5,5,2.6,0.2,2.4,0.6,0.8,2.0,4,0,5,5,H
2012-08-25,M'gladbach,Hoffenheim,1.6,0.8,1.6,1.4,0.8,1.4,2,1,2,1,1,3,5,5,1.2,1.4,0.8,1.2,0.4,2.4,1,2,5,5,H
2012-08-25,Hamburg,Nurnberg,1.0,2.0,0.4,2.2,1.2,1.6,1,3,2,1,2,1,5,5,1.0,1.4,0.6,1.6,1.6,1.4,1,2,5,5,A
2012-08-25,Greuther Furth,Bayern Munich,0.0,2.0,0.0,1.6,0.0,0.6,0,3,0,1,0,1,0,5,0.0,2.4,0.0,2.6,0.0,0.6,0,4,0,5,A
2012-08-25,Stuttgart,Wolfsburg,2.0,0.8,2.2,1.2,1.4,1.6,3,1,1,1,1,3,5,5,2.6,1.4,2.4,1.8,0.8,1.4,4,2,5,5,A
2012-08-25,Ein Frankfurt,Leverkusen,0.2,2.6,0.4,2.4,2.0,1.0,0,4,1,1,4,0,5,5,1.2,1.4,0.8,1.6,1.0,1.4,1,2,5,5,H
2012-08-25,Augsburg,Fortuna Dusseldorf,1.6,0.0,1.0,0.0,1.0,0.0,2,0,2,0,1,0,5,0,2.0,0.0,1.4,0.0,1.2,0.0,3,0,5,0,A
2012-08-25,Freiburg,Mainz,1.6,1.2,1.2,0.8,1.2,0.6,2,1,2,3,1,1,5,5,2.2,1.0,2.0,1.0,0.8,1.2,3,1,5,5,D
2012-08-26,Hannover,Schalke 04,1.4,1.4,0.8,2.0,0.6,1.8,2,2,1,1,2,2,5,5,2.6,1.6,2.0,2.0,0.6,1.8,4,2,5,5,D
2012-08-31,Mainz,Greuther Furth,0.8,0.0,0.2,0.0,0.8,3.0,0,0,4,0,1,1,5,1,1.4,0.0,1.4,0.0,1.4,0.0,2,0,5,0,A
2012-09-01,Werder Bremen,Hamburg,0.0,1.0,1.2,0.4,2.8,0.6,0,1,0,2,5,2,5,5,0.4,0.8,1.2,0.6,2.2,1.6,0,1,5,5,H
2012-09-01,Fortuna Dusseldorf,M'gladbach,3.0,2.0,2.0,1.6,0.0,0.6,1,3,0,1,0,1,1,5,0.0,1.4,0.0,1.6,0.0,1.4,0,2,0,5,D
2012-09-01,Hoffenheim,Ein Frankfurt,0.2,0.8,0.8,0.8,1.8,2.0,0,1,1,1,4,3,5,5,0.8,0.2,1.6,0.6,1.4,2.0,1,0,5,5,A
2012-09-01,Leverkusen,Freiburg,2.0,1.2,2.0,1.0,1.2,1.2,3,1,1,3,1,1,5,5,1.4,2.0,1.6,1.4,1.6,1.2,2,3,5,5,H
2012-09-01,Nurnberg,Dortmund,2.0,3.0,1.6,3.0,1.4,0.8,3,5,1,0,1,0,5,5,0.8,2.6,1.4,3.2,2.0,1.0,1,4,5,5,D
2012-09-01,Schalke 04,Augsburg,1.6,1.6,2.2,0.8,1.4,0.8,2,2,2,2,1,1,5,5,2.4,1.2,2.6,1.2,0.6,1.2,4,1,5,5,H
2012-09-02,Wolfsburg,Hannover,1.4,1.0,1.4,0.8,1.2,1.0,2,1,1,2,2,2,5,5,1.8,0.0,2.0,0.2,1.8,2.0,3,0,5,5,A
2012-09-02,Bayern Munich,Stuttgart,2.6,1.4,2.2,1.6,0.4,1.4,4,2,1,1,0,2,5,5,2.6,1.6,2.6,2.0,0.6,1.8,4,2,5,5,H
2012-09-14,Augsburg,Wolfsburg,1.0,1.4,0.6,1.2,1.2,1.6,1,2,2,1,2,2,5,5,1.4,1.4,1.0,1.4,1.4,1.2,2,2,5,5,D
2012-09-15,Bayern Munich,Mainz,3.0,0.6,3.4,0.2,0.6,1.0,5,0,0,3,0,2,5,5,2.6,1.2,2.4,1.0,0.6,1.0,4,1,5,5,H
2012-09-15,Dortmund,Leverkusen,2.6,2.4,2.8,1.8,0.8,0.6,4,4,1,0,0,1,5,5,2.6,1.4,2.6,1.4,1.0,1.2,4,2,5,5,H
2012-09-15,Greuther Furth,Schalke 04,1.5,2.2,0.5,2.6,1.5,1.2,1,3,0,2,1,0,2,5,0.0,1.2,0.0,1.6,3.0,2.0,0,1,1,5,A
2012-09-15,Hannover,Werder Bremen,1.6,0.6,1.6,1.4,0.8,2.0,2,1,2,0,1,4,5,5,2.2,0.2,1.6,0.8,0.8,2.2,3,0,5,5,H
2012-09-15,M'gladbach,Nurnberg,1.6,1.6,1.0,1.4,0.6,1.6,2,2,2,2,1,1,5,5,1.6,2.0,1.2,1.6,0.6,1.0,2,3,5,5,A
2012-09-15,Stuttgart,Fortuna Dusseldorf,0.8,2.0,1.0,1.0,2.4,0.0,1,1,1,1,3,0,5,2,2.4,3.0,2.4,2.0,1.0,0.0,4,1,5,1,D
2012-09-16,Ein Frankfurt,Hamburg,1.2,0.4,1.4,0.2,1.8,1.0,2,0,0,2,3,3,5,5,1.6,0.8,1.2,0.4,1.2,1.6,2,1,5,5,H
2012-09-16,Freiburg,Hoffenheim,1.0,0.0,1.0,0.8,1.6,2.6,1,0,2,0,2,5,5,5,1.8,1.4,1.8,1.2,0.8,1.4,2,2,5,5,H
2012-09-21,Nurnberg,Ein Frankfurt,2.0,1.8,1.8,2.0,1.8,1.6,3,3,1,0,1,2,5,5,1.0,0.8,1.4,1.2,1.6,1.6,1,1,5,5,A
2012-09-22,Fortuna Dusseldorf,Freiburg,1.6666666666666667,1.4,0.6666666666666666,2.0,0.0,2.2,1,2,2,1,0,2,3,5,1.0,1.4,0.0,0.8,0.0,1.4,0,2,1,5,D
2012-09-22,Hamburg,Dortmund,0.2,2.6,0.4,3.0,1.4,0.8,0,4,1,1,4,0,5,5,1.0,2.6,0.6,3.4,1.0,1.2,1,4,5,5,H
2012-09-22,Mainz,Augsburg,0.4,1.0,0.4,0.4,1.6,1.0,0,1,2,2,3,2,5,5,0.8,1.0,1.0,1.0,1.4,1.4,1,1,5,5,H
2012-09-22,Schalke 04,Bayern Munich,2.6,3.0,2.8,3.6,1.0,0.6,4,5,1,0,0,0,5,5,2.4,2.4,2.6,2.0,0.6,0.6,4,4,5,5,A
2012-09-22,Wolfsburg,Greuther Furth,1.4,1.0,1.2,0.3333333333333333,1.6,1.6666666666666667,2,1,1,0,2,2,5,3,1.2,3.0,1.4,1.0,2.2,0.0,2,1,5,1,D
2012-09-23,Leverkusen,M'gladbach,1.8,1.6,1.6,1.4,1.2,0.8,3,2,0,2,2,1,5,5,2.0,1.0,1.8,1.2,1.2,1.2,3,1,5,5,D
2012-09-23,Werder Bremen,Stuttgart,0.6,0.8,1.6,0.8,2.2,2.2,1,1,0,1,4,3,5,5,0.8,1.0,1.4,1.8,2.0,2.8,1,1,5,5,D
2012-09-23,Hoffenheim,Hannover,0.0,2.0,1.4,2.2,3.4,1.2,0,3,0,1,5,1,5,5,0.8,0.6,1.4,1.0,1.8,1.4,1,1,5,5,H
2012-09-25,Bayern Munich,Wolfsburg,3.0,1.0,3.6,0.8,0.6,1.6,5,1,0,2,0,2,5,5,2.6,1.0,2.6,0.6,0.6,1.0,4,1,5,5,H
2012-09-25,Ein Frankfurt,Dortmund,2.4,2.0,2.4,2.4,1.4,1.0,4,3,0,1,1,1,5,5,1.6,2.0,1.4,2.6,1.4,1.6,2,3,5,5,D
2012-09-25,Greuther Furth,Fortuna Dusseldorf,1.0,1.5,0.5,0.5,1.5,0.0,1,1,1,3,2,0,4,4,0.0,2.0,0.0,1.0,2.5,0.0,0,1,2,2,A
2012-09-25,Schalke 04,Mainz,2.0,0.8,2.0,0.8,1.4,1.6,3,1,1,1,1,3,5,5,1.8,0.6,2.2,0.6,1.0,1.6,3,0,5,5,H
2012-09-26,Stuttgart,Hoffenheim,1.0,0.6,1.2,1.6,2.2,3.0,1,1,2,0,2,4,5,5,2.0,0.8,2.2,1.4,1.0,2.2,3,1,5,5,A
2012-09-26,Hannover,Nurnberg,2.0,1.4,2.4,1.4,1.6,1.8,3,2,1,1,1,2,5,5,2.2,2.6,1.8,2.2,1.0,1.2,3,4,5,5,H
2012-09-26,M'gladbach,Hamburg,1.6,0.6,1.6,1.0,1.0,1.8,2,1,2,0,1,4,5,5,1.6,0.2,1.4,0.6,0.8,2.2,2,0,5,5,D
2012-09-26,Augsburg,Leverkusen,0.8,1.4,0.4,1.6,1.4,1.4,1,2,1,1,3,2,5,5,1.0,1.4,0.6,1.4,1.2,1.4,1,2,5,5,A
2012-09-26,Freiburg,Werder Bremen,1.0,0.8,1.2,1.8,2.0,2.0,1,1,2,1,2,3,5,5,1.8,0.2,2.4,1.2,1.4,2.6,2,0,5,5,A
2012-09-28,Fortuna Dusseldorf,Schalke 04,1.8,2.0,0.8,2.0,0.0,1.0,2,3,3,1,0,1,5,5,1.0,1.6,0.0,1.8,0.0,1.8,0,2,2,5,D
2012-09-29,Werder Bremen,Bayern Munich,1.4,3.0,1.8,3.4,1.6,0.4,2,5,1,0,2,0,5,5,1.0,2.4,1.8,2.2,1.8,0.6,1,4,5,5,A
2012-09-29,Dortmund,M'gladbach,1.6,1.2,2.2,1.4,1.6,1.4,2,1,2,3,1,1,5,5,3.0,1.2,2.4,1.2,0.2,1.0,5,1,5,5,H
2012-09-29,Hamburg,Hannover,0.8,2.0,1.4,2.8,2.0,1.6,1,3,1,1,3,1,5,5,1.6,0.6,1.0,1.0,0.8,1.6,2,1,5,5,H
2012-09-29,Hoffenheim,Augsburg,1.2,0.2,2.0,0.4,2.4,2.0,2,0,0,1,3,4,5,5,1.2,0.8,1.8,0.8,1.8,1.6,2,1,5,5,D
2012-09-29,Leverkusen,Greuther Furth,1.4,0.8,1.4,0.4,1.4,1.6,2,1,1,1,2,3,5,5,2.2,2.0,2.0,1.0,1.0,0.5,3,1,5,2,H
2012-09-29,Nurnberg,Stuttgart,1.4,0.4,1.4,0.6,1.8,2.4,2,0,1,2,2,3,5,5,1.0,1.0,1.6,1.4,1.8,2.4,1,1,5,5,A
2012-09-30,Wolfsburg,Mainz,1.0,0.8,0.4,0.8,1.6,1.6,1,1,2,1,2,3,5,5,0.8,0.6,1.2,0.4,2.2,1.4,1,0,5,5,A
2012-09-30,Ein Frankfurt,Freiburg,2.6,1.0,2.8,1.4,1.4,1.6,4,1,1,2,0,2,5,5,1.6,1.0,1.8,0.4,1.8,1.4,2,1,5,5,H
2012-10-05,Augsburg,Werder Bremen,0.4,1.4,0.4,1.6,1.6,1.6,0,2,2,1,3,2,5,5,1.0,0.6,0.6,1.4,1.2,2.6,1,1,5,5,H
2012-10-06,Bayern Munich,Hoffenheim,3.0,1.4,3.2,1.8,0.4,2.0,5,2,0,1,0,2,5,5,2.6,0.8,2.8,1.6,0.4,2.0,4,1,5,5,H
2012-10-06,Freiburg,Nurnberg,0.8,0.8,1.4,1.2,1.8,2.2,1,1,1,1,3,3,5,5,1.6,2.4,2.2,2.0,1.4,1.6,2,4,5,5,H
2012-10-06,Greuther Furth,Hamburg,0.8,1.4,0.4,1.6,1.4,1.8,1,2,1,1,3,2,5,5,0.0,0.4,0.0,1.0,2.3333333333333335,1.8,0,0,3,5,A
2012-10-06,Mainz,Fortuna Dusseldorf,1.2,1.4,1.0,0.8,1.4,0.4,2,1,0,4,3,0,5,5,1.4,2.3333333333333335,1.2,1.3333333333333333,0.8,0.0,2,2,5,3,H
2012-10-06,Schalke 04,Wolfsburg,2.0,0.4,2.0,0.2,1.0,2.0,3,0,1,2,1,3,5,5,1.8,1.0,2.2,0.6,1.0,1.2,3,1,5,5,H
2012-10-07,Hannover,Dortmund,1.8,1.6,2.4,2.8,1.4,1.4,3,2,0,2,2,1,5,5,2.2,1.6,2.2,2.6,1.2,2.0,3,2,5,5,D
2012-10-07,M'gladbach,Ein Frankfurt,0.6,2.6,1.0,2.8,2.2,1.4,0,4,3,1,2,0,5,5,1.6,1.2,1.8,1.4,1.2,1.6,2,2,5,5,H
2012-10-07,Stuttgart,Leverkusen,1.0,2.0,1.0,1.6,2.2,1.0,1,3,2,1,2,1,5,5,1.4,1.8,1.4,1.8,1.4,1.4,2,3,5,5,D
2012-10-19,Hoffenheim,Greuther Furth,1.4,0.2,1.8,0.2,1.6,1.6,2,0,1,1,2,4,5,5,0.8,1.3333333333333333,1.0,0.6666666666666666,1.8,1.0,1,1,5,3,D
2012-10-20,Dortmund,Schalke 04,1.6,2.0,2.8,2.0,1.4,0.8,2,3,2,1,1,1,5,5,3.0,1.8,3.2,2.0,0.2,1.4,5,2,5,5,A
2012-10-20,Ein Frankfurt,Hannover,2.0,1.4,2.0,1.8,1.8,1.6,3,2,1,1,1,2,5,5,2.0,0.6,2.0,1.0,1.8,1.2,3,1,5,5,H
2012-10-20,Fortuna Dusseldorf,Bayern Munich,1.2,3.0,0.8,2.4,0.6,0.2,1,5,3,0,1,0,5,5,1.0,3.0,0.6666666666666666,2.6,0.6666666666666666,0.4,0,5,3,5,A
2012-10-20,Leverkusen,Mainz,1.6,1.8,1.6,1.2,1.4,1.2,2,3,2,0,1,2,5,5,2.2,1.0,1.8,0.8,0.8,1.4,3,1,5,5,D
2012-10-20,Werder Bremen,M'gladbach,0.8,1.0,1.4,1.4,2.2,2.2,1,1,1,2,3,2,5,5,0.8,1.0,1.4,0.8,1.8,1.6,1,1,5,5,H
2012-10-20,Wolfsburg,Freiburg,0.4,1.4,0.2,2.0,1.8,1.4,0,2,2,1,3,2,5,5,0.8,0.4,1.0,0.2,2.0,1.6,1,0,5,5,A
2012-10-21,Hamburg,Stuttgart,2.0,1.2,1.8,1.2,1.4,1.4,3,1,1,3,1,1,5,5,2.0,1.0,1.0,1.2,0.6,2.2,3,1,5,5,A
2012-10-21,Nurnberg,Augsburg,0.6,1.0,1.0,0.8,2.6,1.2,1,1,0,2,4,2,5,5,0.4,1.0,0.8,0.6,2.0,1.2,0,1,5,5,D
2012-10-26,Augsburg,Hamburg,1.0,2.0,0.8,1.4,1.2,1.0,1,3,2,1,2,1,5,5,1.4,0.8,1.0,1.0,1.2,1.6,2,1,5,5,A
2012-10-27,Fortuna Dusseldorf,Wolfsburg,1.0,0.2,0.8,0.2,1.6,2.2,1,0,2,1,2,4,5,5,0.75,0.8,0.5,0.6,1.75,1.8,0,1,4,5,A
2012-10-27,Freiburg,Dortmund,1.4,1.0,1.4,2.4,0.8,1.8,2,1,1,2,2,2,5,5,2.0,1.2,2.8,2.4,1.4,2.0,3,1,5,5,A
2012-10-27,Greuther Furth,Werder Bremen,0.4,1.4,0.8,1.8,1.8,1.6,0,2,2,1,3,2,5,5,0.0,0.6,0.0,1.4,2.0,2.4,0,1,4,5,D
2012-10-27,Mainz,Hoffenheim,2.0,1.6,1.4,1.8,1.0,1.2,3,2,1,2,1,1,5,5,1.4,0.6,0.6,1.6,0.8,2.4,2,1,5,5,H
2012-10-27,Schalke 04,Nurnberg,2.0,0.2,2.0,0.4,1.0,2.2,3,0,1,1,1,4,5,5,2.4,1.8,2.6,1.6,0.6,2.2,4,3,5,5,H
2012-10-28,Bayern Munich,Leverkusen,3.0,1.8,2.8,2.0,0.0,1.2,5,2,0,3,0,0,5,5,3.0,1.4,3.2,2.0,0.4,1.8,5,2,5,5,A
2012-10-28,Hannover,M'gladbach,0.8,1.0,1.4,1.0,1.8,2.4,1,1,1,2,3,2,5,5,2.2,1.0,2.4,0.8,1.4,2.0,3,1,5,5,A
2012-10-28,Stuttgart,Ein Frankfurt,1.6,2.0,1.4,2.0,1.4,1.6,2,3,2,1,1,1,5,5,1.0,1.2,1.0,1.4,1.6,1.8,1,2,5,5,H
2012-11-02,Ein Frankfurt,Greuther Furth,1.4,0.4,1.8,0.8,1.8,1.8,2,0,1,2,2,3,5,5,2.6,1.25,2.6,1.25,1.6,1.5,4,1,5,4,D
2012-11-03,Nurnberg,Wolfsburg,0.2,0.6,0.2,0.8,2.0,2.2,0,1,1,0,4,4,5,5,0.4,1.4,0.6,1.0,1.8,1.4,0,2,5,5,H
2012-11-03,M'gladbach,Freiburg,1.4,1.2,1.4,1.4,2.6,1.2,2,2,1,0,2,3,5,5,1.6,0.8,1.6,0.6,1.2,1.6,2,1,5,5,D
2012-11-03,Hoffenheim,Schalke 04,1.0,2.6,1.2,2.2,1.6,0.6,1,4,2,1,2,0,5,5,1.0,2.2,1.6,2.2,2.2,1.4,1,3,5,5,H
2012-11-03,Dortmund,Stuttgart,1.6,2.0,2.4,1.4,1.2,1.2,2,3,2,1,1,1,5,5,2.4,1.4,3.0,1.2,0.6,2.0,4,2,5,5,D
2012-11-03,Hamburg,Bayern Munich,2.0,2.4,1.2,2.6,0.6,0.4,3,4,1,0,1,1,5,5,1.4,3.0,0.8,3.2,0.8,0.2,2,5,5,5,A
2012-11-03,Hannover,Augsburg,0.8,1.0,1.6,0.8,1.8,1.2,1,1,1,2,3,2,5,5,1.6,0.6,2.4,0.2,1.8,1.0,2,0,5,5,H
2012-11-04,Leverkusen,Fortuna Dusseldorf,2.2,0.8,2.2,1.0,1.2,2.4,3,1,2,1,0,3,5,5,2.2,1.75,1.6,1.0,0.6,0.25,3,2,5,4,H
2012-11-04,Werder Bremen,Mainz,1.4,2.0,1.6,1.6,1.4,1.0,2,3,1,1,2,1,5,5,1.4,1.0,2.0,1.2,1.4,1.8,2,1,5,5,H
2012-11-09,Mainz,Nurnberg,2.0,0.8,1.8,0.2,0.8,1.2,3,1,1,1,1,3,5,5,1.8,1.2,1.2,1.0,0.8,2.0,3,2,5,5,H
2012-11-10,Schalke 04,Werder Bremen,2.0,1.4,2.0,1.6,1.2,1.4,3,2,1,1,1,2,5,5,2.4,0.8,2.0,1.4,0.6,2.0,4,1,5,5,H
2012-11-10,Freiburg,Hamburg,1.4,1.8,1.4,0.8,1.0,0.8,2,3,1,0,2,2,5,5,1.4,1.4,2.0,1.4,1.6,1.4,2,2,5,5,D
2012-11-10,Augsburg,Dortmund,1.0,1.6,0.6,1.8,1.0,0.6,1,2,2,2,2,1,5,5,0.8,1.2,0.8,1.8,1.6,1.6,1,1,5,5,A
2012-11-10,Bayern Munich,Ein Frankfurt,2.4,1.4,2.6,1.4,0.4,1.4,4,2,0,1,1,2,5,5,2.4,1.2,3.0,1.6,0.8,1.6,4,2,5,5,H
2012-11-10,Fortuna Dusseldorf,Hoffenheim,0.2,1.0,1.0,1.2,3.0,2.0,0,1,1,2,4,2,5,5,0.6,0.6,0.6,1.4,2.2,2.4,0,1,5,5,D
2012-11-11,Greuther Furth,M'gladbach,0.6,1.4,1.0,1.2,1.6,2.4,0,2,3,1,2,2,5,5,0.2,1.0,0.2,0.8,1.8,2.4,0,1,5,5,A
2012-11-11,Stuttgart,Hannover,2.2,0.8,1.4,1.2,0.6,1.6,3,1,2,1,0,3,5,5,1.0,0.6,0.8,1.2,1.4,1.6,1,1,5,5,A
2012-11-11,Wolfsburg,Leverkusen,0.6,2.2,0.8,2.2,1.8,1.4,1,3,0,2,4,0,5,5,0.8,1.4,0.8,1.6,2.0,1.8,1,2,5,5,H
2012-11-17,Nurnberg,Bayern Munich,0.8,2.4,0.4,2.6,1.2,0.4,1,4,1,0,3,1,5,5,1.0,3.0,0.6,3.0,1.0,0.0,1,5,5,5,D
2012-11-17,M'gladbach,Stuttgart,2.0,1.6,2.0,1.4,1.8,1.4,3,2,1,2,1,1,5,5,1.6,1.6,1.8,1.2,1.4,1.6,2,2,5,5,A
2012-11-17,Leverkusen,Schalke 04,1.6,2.4,2.0,2.0,2.0,1.0,2,4,2,0,1,1,5,5,2.2,1.6,2.0,2.0,1.0,1.6,3,2,5,5,H
2012-11-17,Hannover,Freiburg,1.4,1.6,2.0,1.2,1.8,0.6,2,2,1,2,2,1,5,5,2.0,1.0,2.4,0.8,1.4,1.0,3,1,5,5,A
2012-11-17,Ein Frankfurt,Augsburg,0.8,0.8,1.0,0.8,1.6,1.6,1,1,1,1,3,3,5,5,2.2,0.4,2.4,0.2,1.6,1.4,3,0,5,5,H
2012-11-17,Dortmund,Greuther Furth,1.6,0.6,1.4,1.4,0.8,2.0,2,0,2,3,1,2,5,5,2.0,1.2,2.2,1.2,0.6,1.4,3,1,5,5,H
2012-11-17,Hamburg,Mainz,1.4,2.0,0.6,1.8,0.8,1.0,2,3,1,1,2,1,5,5,1.2,0.8,0.8,1.2,1.4,2.0,2,1,5,5,H
2012-11-18,Hoffenheim,Wolfsburg,1.0,1.2,1.4,1.4,2.2,1.6,1,2,2,0,2,3,5,5,1.6,0.8,1.8,0.8,2.0,1.6,2,1,5,5,A
2012-11-18,Werder Bremen,Fortuna Dusseldorf,1.4,0.2,1.8,0.8,1.4,2.8,2,0,1,1,2,4,5,5,2.0,1.4,2.0,1.2,1.0,0.8,3,2,5,5,H
2012-11-23,Fortuna Dusseldorf,Hamburg,0.2,1.4,1.0,0.6,3.0,0.8,0,2,1,1,4,2,5,5,0.6,1.6,0.8,1.4,2.4,1.0,0,2,5,5,H
2012-11-24,Wolfsburg,Werder Bremen,1.8,2.0,2.0,2.0,1.2,1.0,3,3,0,1,2,1,5,5,0.8,0.8,0.8,1.4,2.0,2.0,1,1,5,5,D
2012-11-24,Schalke 04,Ein Frankfurt,1.8,1.4,1.4,1.8,1.4,1.6,3,2,0,1,2,2,5,5,2.4,1.2,1.8,1.4,0.6,1.4,4,2,5,5,D
2012-11-24,Bayern Munich,Hannover,2.0,1.2,2.4,2.0,0.6,2.0,3,2,1,0,1,3,5,5,2.4,1.2,2.2,2.0,0.6,1.8,4,2,5,5,H
2012-11-24,Greuther Furth,Nurnberg,0.6,1.0,1.6,0.6,2.4,0.8,0,1,3,2,2,2,5,5,0.2,0.6,0.6,1.0,2.0,2.4,0,1,5,5,D
2012-11-24,Mainz,Dortmund,1.4,2.0,1.6,1.8,1.2,0.8,2,3,1,1,2,1,5,5,2.4,1.6,1.6,2.2,0.4,1.6,4,2,5,5,A
2012-11-25,Augsburg,M'gladbach,0.2,1.4,0.6,1.8,2.2,2.2,0,2,1,1,4,2,5,5,0.8,1.4,1.0,1.6,1.8,2.8,1,2,5,5,D
2012-11-25,Freiburg,Stuttgart,1.6,2.0,1.0,1.4,0.8,1.2,2,3,2,1,1,1,5,5,1.4,2.2,1.8,1.4,1.4,0.6,2,3,5,5,H
2012-11-25,Hoffenheim,Leverkusen,1.0,2.0,1.6,2.0,2.4,1.6,1,3,2,1,2,1,5,5,1.6,1.4,2.0,1.6,1.8,2.0,2,2,5,5,A
2012-11-27,Dortmund,Fortuna Dusseldorf,2.6,0.8,2.0,1.4,0.6,2.0,4,1,1,1,0,3,5,5,2.0,0.8,2.4,1.0,0.6,1.2,3,1,5,5,D
2012-11-27,Ein Frankfurt,Mainz,1.0,1.2,1.4,1.4,1.6,1.2,1,2,2,0,2,3,5,5,2.2,0.8,2.6,1.0,1.6,1.6,3,1,5,5,A
2012-11-27,Hamburg,Schalke 04,1.4,1.4,0.6,1.2,1.0,1.4,2,2,1,1,2,2,5,5,1.8,1.4,1.0,1.6,1.2,1.6,3,2,5,5,H
2012-11-27,Hannover,Greuther Furth,1.2,0.6,1.8,1.0,2.4,1.8,2,0,0,3,3,2,5,5,1.4,0.6,2.0,1.2,1.4,2.0,2,0,5,5,H
2012-11-28,Freiburg,Bayern Munich,1.6,2.0,1.2,2.4,0.8,0.6,2,3,2,1,1,1,5,5,1.4,2.6,1.4,2.6,0.8,0.2,2,4,5,5,A
2012-11-28,M'gladbach,Wolfsburg,1.6,2.0,2.0,2.2,1.6,1.0,2,3,2,1,1,1,5,5,1.0,1.2,1.6,1.4,1.6,1.8,1,2,5,5,H
2012-11-28,Nurnberg,Hoffenheim,1.0,0.8,0.6,1.2,0.8,2.2,1,1,2,1,2,3,5,5,1.0,0.8,0.6,1.4,1.0,2.2,1,1,5,5,H
2012-11-28,Stuttgart,Augsburg,1.4,0.2,1.2,0.8,1.8,2.4,2,0,1,1,2,4,5,5,1.0,0.4,1.2,0.4,2.0,1.6,1,0,5,5,H
2012-11-28,Werder Bremen,Leverkusen,1.6,2.4,1.4,2.0,1.2,1.4,2,4,2,0,1,1,5,5,2.0,2.0,2.0,2.0,1.2,1.6,3,3,5,5,A
2012-11-30,Fortuna Dusseldorf,Ein Frankfurt,1.0,1.0,1.4,1.4,1.4,1.8,1,1,2,2,2,2,5,5,1.0,0.8,1.2,0.8,2.4,1.6,1,1,5,5,H
2012-12-01,Leverkusen,Nurnberg,2.4,1.6,2.4,1.4,1.4,1.0,4,2,0,2,1,1,5,5,2.2,0.2,2.0,0.4,1.0,2.0,3,0,5,5,H
2012-12-01,Mainz,Hannover,1.2,1.8,1.4,1.8,1.4,1.8,2,3,0,0,3,2,5,5,2.4,0.6,1.8,1.2,0.6,2.8,4,1,5,5,H
2012-12-01,Schalke 04,M'gladbach,0.8,1.6,1.2,1.8,2.0,1.2,1,2,1,2,3,1,5,5,2.6,1.4,2.0,1.6,0.4,2.8,4,2,5,5,D
2012-12-01,Greuther Furth,Stuttgart,0.4,1.4,0.8,1.2,2.0,1.8,0,2,2,1,3,2,5,5,0.4,2.0,0.6,1.0,1.6,0.8,0,3,5,5,A
2012-12-01,Augsburg,Freiburg,0.2,1.6,1.0,1.2,2.4,0.8,0,2,1,2,4,1,5,5,0.8,1.6,1.2,1.2,2.0,0.8,1,2,5,5,D
2012-12-01,Bayern Munich,Dortmund,2.6,2.2,2.6,1.8,0.2,0.8,4,3,1,2,0,0,5,5,2.4,2.2,2.6,2.2,0.4,1.2,4,3,5,5,D
2012-12-02,Hoffenheim,Werder Bremen,0.8,1.4,1.6,1.4,2.4,1.8,1,2,1,1,3,2,5,5,1.0,1.0,1.6,1.2,2.0,1.6,1,1,5,5,A
2012-12-02,Wolfsburg,Hamburg,1.4,1.4,1.4,0.8,1.2,1.2,2,2,1,1,2,2,5,5,1.0,1.6,1.0,1.0,1.4,0.8,1,2,5,5,D
2012-12-07,Hamburg,Hoffenheim,1.6,0.2,1.0,1.2,0.8,2.8,2,0,2,1,1,4,5,5,1.8,0.8,1.0,1.2,1.0,2.0,3,1,5,5,H
2012-12-08,Augsburg,Bayern Munich,0.4,2.2,1.2,2.2,2.2,0.4,0,3,2,2,3,0,5,5,1.0,2.6,1.2,2.6,1.6,0.2,1,4,5,5,A
2012-12-08,Dortmund,Wolfsburg,2.2,1.6,2.0,1.6,1.0,1.2,3,2,2,2,0,1,5,5,1.6,1.2,2.0,1.4,0.8,1.6,2,2,5,5,A
2012-12-08,Ein Frankfurt,Werder Bremen,0.8,1.4,1.2,1.8,2.4,1.8,1,2,1,1,3,2,5,5,2.0,1.0,2.2,1.6,1.6,1.6,3,1,5,5,H
2012-12-08,Freiburg,Greuther Furth,1.6,0.2,1.2,0.6,0.8,2.0,2,0,2,1,1,4,5,5,1.4,0.4,1.2,1.0,0.8,2.2,2,0,5,5,H
2012-12-08,Nurnberg,Fortuna Dusseldorf,1.0,1.6,1.2,1.8,1.2,0.8,1,2,2,2,2,1,5,5,1.6,0.8,1.2,1.2,1.0,1.4,2,1,5,5,H
2012-12-08,Stuttgart,Schalke 04,1.8,1.0,1.4,1.0,1.8,1.6,3,1,0,2,2,2,5,5,1.4,0.8,1.6,1.4,2.2,2.2,2,1,5,5,H
2012-12-09,Hannover,Leverkusen,1.2,2.4,1.6,2.0,2.2,1.0,2,4,0,0,3,1,5,5,1.4,2.0,1.6,2.2,1.2,1.6,2,3,5,5,H
2012-12-09,M'gladbach,Mainz,1.6,1.8,1.8,1.6,1.2,1.2,2,3,2,0,1,2,5,5,1.6,1.4,1.6,1.6,1.0,1.2,2,2,5,5,H
2012-12-14,Bayern Munich,M'gladbach,2.2,1.6,2.2,1.4,0.4,0.8,3,2,2,2,0,1,5,5,2.0,1.6,2.2,1.8,0.6,2.0,3,2,5,5,D
2012-12-15,Wolfsburg,Ein Frankfurt,1.6,1.4,1.6,2.0,1.4,2.2,2,2,2,1,1,2,5,5,1.0,0.2,1.0,0.4,1.4,2.2,1,0,5,5,A
2012-12-15,Schalke 04,Freiburg,0.4,2.0,0.8,1.4,2.0,0.8,0,3,2,1,3,1,5,5,2.2,1.6,1.6,1.4,0.6,1.0,3,2,5,5,A
2012-12-15,Mainz,Stuttgart,1.2,2.4,1.2,1.6,1.4,1.2,2,4,0,0,3,1,5,5,2.4,2.0,1.8,0.8,0.8,0.8,4,3,5,5,H
2012-12-15,Leverkusen,Hamburg,2.4,2.0,2.2,1.4,1.0,0.8,4,3,0,1,1,1,5,5,2.6,1.6,2.0,0.8,0.8,0.6,4,2,5,5,H
2012-12-15,Greuther Furth,Augsburg,0.2,0.4,0.2,1.0,1.4,2.0,0,0,1,2,4,3,5,5,0.4,0.4,0.6,0.6,1.4,1.6,0,0,5,5,D
2012-12-15,Fortuna Dusseldorf,Hannover,1.4,1.2,1.6,1.4,1.0,2.2,2,2,1,0,2,3,5,5,1.4,0.6,1.6,1.2,2.0,2.6,2,1,5,5,H
2012-12-16,Hoffenheim,Dortmund,0.0,1.6,1.0,1.8,3.0,1.4,0,2,0,2,5,1,5,5,0.8,2.2,1.8,1.8,2.8,0.8,1,3,5,5,A
2012-12-16,Werder Bremen,Nurnberg,1.4,1.6,1.8,1.4,2.2,0.8,2,2,1,2,2,1,5,5,1.8,0.2,1.8,0.2,1.6,1.4,3,0,5,5,D
2013-01-18,Schalke 04,Hannover,0.4,1.2,1.0,1.4,2.2,2.2,0,2,2,0,3,3,5,5,1.6,0.6,1.2,1.4,1.2,2.8,2,1,5,5,H
2013-01-19,Wolfsburg,Stuttgart,1.0,1.8,1.0,1.4,1.6,1.6,1,3,2,0,2,2,5,5,1.0,1.4,1.0,0.8,1.4,1.4,1,2,5,5,H
2013-01-19,Werder Bremen,Dortmund,1.0,1.6,1.6,1.8,2.2,1.4,1,2,2,2,2,1,5,5,2.0,2.6,2.0,2.2,1.4,0.8,3,4,5,5,A
2013-01-19,Mainz,Freiburg,1.8,2.0,1.8,1.6,1.4,0.8,3,3,0,1,2,1,5,5,2.4,2.2,2.2,1.8,1.0,0.8,4,3,5,5,D
2013-01-19,Leverkusen,Ein Frankfurt,2.4,1.4,2.4,1.6,1.0,1.8,4,2,0,1,1,2,5,5,2.6,0.8,2.2,0.8,0.8,1.8,4,1,5,5,H
2013-01-19,Hoffenheim,M'gladbach,0.0,1.8,1.0,1.4,3.0,0.6,0,2,0,3,5,0,5,5,0.6,1.8,1.4,2.0,2.8,1.4,1,2,5,5,D
2013-01-19,Bayern Munich,Greuther Furth,2.2,0.4,2.2,0.2,0.4,1.0,3,0,2,2,0,3,5,5,1.6,0.4,2.0,1.0,0.8,2.0,2,0,5,5,H
2013-01-20,Fortuna Dusseldorf,Augsburg,2.0,0.6,1.8,0.8,0.8,1.4,3,0,1,3,1,2,5,5,2.0,0.4,2.0,0.8,1.2,1.8,3,0,5,5,A
2013-01-20,Nurnberg,Hamburg,1.6,1.4,1.4,1.2,0.8,1.4,2,2,2,1,1,2,5,5,2.2,1.0,1.6,0.6,0.6,1.2,3,1,5,5,D
2013-01-25,Dortmund,Nurnberg,1.6,1.6,2.4,1.6,1.2,1.0,2,2,2,2,1,1,5,5,1.0,0.4,1.4,0.4,1.4,1.0,1,0,5,5,H
2013-01-26,M'gladbach,Fortuna Dusseldorf,1.8,1.4,1.2,1.8,0.4,1.4,2,2,3,1,0,2,5,5,2.0,0.2,1.6,0.8,0.6,1.8,3,0,5,5,H
2013-01-26,Hannover,Wolfsburg,1.2,1.4,2.2,1.2,2.2,1.4,2,2,0,1,3,2,5,5,1.8,1.8,2.0,2.0,1.4,1.4,3,3,5,5,H
2013-01-26,Greuther Furth,Mainz,0.2,2.0,0.2,1.6,1.4,1.0,0,3,1,1,4,1,5,5,0.6,0.8,0.8,1.2,1.4,1.6,0,1,5,5,A
2013-01-26,Freiburg,Leverkusen,1.6,2.4,1.0,2.6,0.8,1.0,2,4,2,0,1,1,5,5,1.4,1.8,0.8,2.2,0.8,1.8,2,3,5,5,D
2013-01-26,Ein Frankfurt,Hoffenheim,1.2,0.2,1.6,0.8,2.2,2.6,2,0,0,1,3,4,5,5,2.0,0.2,2.6,0.6,1.6,2.4,3,0,5,5,H
2013-01-26,Augsburg,Schalke 04,1.0,0.8,1.2,1.8,1.6,2.8,1,1,2,1,2,3,5,5,0.4,0.6,0.6,1.2,1.8,2.4,0,1,5,5,D
2013-01-27,Hamburg,Werder Bremen,1.6,0.8,1.4,1.4,1.2,3.0,2,1,2,1,1,3,5,5,1.8,1.0,1.2,1.6,1.0,1.8,3,1,5,5,H
2013-01-27,Stuttgart,Bayern Munich,1.8,2.2,1.4,1.6,1.4,0.4,3,3,0,2,2,0,5,5,2.0,2.6,2.2,2.6,1.8,0.2,3,4,5,5,A
2013-02-01,Werder Bremen,Hannover,0.8,1.2,1.6,2.2,2.8,2.4,1,2,1,0,3,3,5,5,1.4,0.6,1.2,2.0,2.4,3.2,2,1,5,5,H
2013-02-02,Fortuna Dusseldorf,Stuttgart,1.2,1.2,1.8,1.0,1.6,1.6,2,2,0,0,3,3,5,5,2.0,1.2,2.2,0.8,1.0,1.8,3,2,5,5,H
2013-02-02,Hamburg,Ein Frankfurt,1.6,1.8,1.4,1.8,1.4,1.8,2,3,2,0,1,2,5,5,2.4,0.8,1.8,0.8,1.2,2.0,4,1,5,5,A
2013-02-02,Hoffenheim,Freiburg,0.2,1.8,0.6,1.0,2.2,0.4,0,2,1,3,4,0,5,5,0.2,1.8,0.8,1.4,2.4,0.8,0,2,5,5,H
2013-02-02,Mainz,Bayern Munich,2.0,2.2,1.6,1.6,0.8,0.4,3,3,1,2,1,0,5,5,2.0,2.6,1.6,2.0,1.0,0.2,3,4,5,5,A
2013-02-02,Schalke 04,Greuther Furth,1.0,0.2,1.6,0.2,2.2,1.6,1,0,2,1,2,4,5,5,1.6,0.2,2.0,0.4,2.0,1.8,2,0,5,5,A
2013-02-02,Wolfsburg,Augsburg,1.4,1.2,1.4,1.0,1.4,1.2,2,1,1,3,2,1,5,5,1.6,0.8,1.4,1.4,1.0,2.2,2,1,5,5,D
2013-02-03,Leverkusen,Dortmund,2.0,2.0,1.8,2.8,0.8,1.0,3,3,1,1,1,1,5,5,3.0,2.6,2.4,2.8,0.6,0.8,5,4,5,5,A
2013-02-03,Nurnberg,M'gladbach,1.0,1.8,0.8,1.2,1.2,0.6,1,2,2,3,2,0,5,5,2.2,1.4,1.8,1.4,0.8,1.0,3,1,5,5,H
2013-02-09,Stuttgart,Werder Bremen,0.6,0.8,1.0,1.2,2.2,2.6,1,1,0,1,4,3,5,5,1.8,0.8,1.8,1.8,1.8,2.2,3,1,5,5,A
2013-02-09,Hannover,Hoffenheim,1.2,0.8,2.0,0.8,2.4,1.6,2,1,0,1,3,3,5,5,2.4,0.2,2.0,0.8,1.0,2.4,4,0,5,5,H
2013-02-09,Greuther Furth,Wolfsburg,0.8,1.4,0.6,1.4,1.6,1.4,1,2,1,1,3,2,5,5,0.4,1.2,0.6,1.4,1.8,1.6,0,2,5,5,A
2013-02-09,M'gladbach,Leverkusen,1.6,1.4,1.2,2.0,0.8,1.4,2,2,2,1,1,2,5,5,2.0,1.4,1.6,1.8,0.8,1.6,3,2,5,5,D
2013-02-09,Dortmund,Hamburg,2.4,1.4,3.2,1.2,1.2,1.6,4,2,0,1,1,2,5,5,1.6,0.6,1.8,0.4,1.0,1.4,2,0,5,5,A
2013-02-09,Bayern Munich,Schalke 04,2.6,0.8,2.0,1.6,0.2,2.4,4,1,1,1,0,3,5,5,2.2,0.2,2.2,0.8,0.4,2.2,3,0,5,5,H
2013-02-09,Ein Frankfurt,Nurnberg,2.4,1.6,2.2,1.2,1.0,1.2,4,2,0,2,1,1,5,5,2.0,0.4,2.4,0.4,1.6,1.4,3,0,5,5,D
2013-02-10,Augsburg,Mainz,1.2,1.4,1.0,1.2,1.2,1.2,1,2,3,1,1,2,5,5,0.6,1.2,0.6,1.4,1.4,1.2,0,2,5,5,D
2013-02-10,Freiburg,Fortuna Dusseldorf,1.6,1.2,1.0,1.6,0.6,1.8,2,2,2,0,1,3,5,5,1.6,0.2,0.8,1.0,0.4,2.0,2,0,5,5,H
2013-02-15,Wolfsburg,Bayern Munich,1.4,2.6,1.0,2.4,1.0,0.2,2,4,1,1,2,0,5,5,1.2,2.6,1.0,2.0,1.0,0.2,1,4,5,5,A
2013-02-16,Werder Bremen,Freiburg,1.4,1.6,1.8,1.0,2.0,0.6,2,2,1,2,2,1,5,5,1.4,1.6,1.2,1.4,2.2,1.0,2,2,5,5,A
2013-02-16,Mainz,Schalke 04,1.6,0.8,1.4,1.4,1.0,2.6,2,1,2,1,1,3,5,5,1.4,0.2,1.2,0.4,1.4,2.4,2,0,5,5,D
2013-02-16,Leverkusen,Augsburg,1.6,1.4,2.2,1.2,1.4,1.0,2,1,2,4,1,0,5,5,2.4,1.0,2.2,1.6,0.8,2.0,4,1,5,5,H
2013-02-16,Hamburg,M'gladbach,1.4,1.2,1.6,1.4,1.8,1.4,2,1,1,3,2,1,5,5,2.4,0.8,1.8,0.8,1.0,1.0,4,0,5,5,H
2013-02-16,Dortmund,Ein Frankfurt,2.4,2.0,3.0,1.4,1.4,0.8,4,3,0,1,1,1,5,5,1.4,1.4,2.0,1.2,1.8,1.6,2,2,5,5,H
2013-02-16,Fortuna Dusseldorf,Greuther Furth,1.2,0.8,1.6,0.6,1.6,1.6,2,1,0,1,3,3,5,5,2.4,0.6,2.6,0.6,1.0,1.8,4,1,5,5,H
2013-02-17,Hoffenheim,Stuttgart,0.8,0.0,0.8,0.6,1.4,2.8,1,0,1,0,3,5,5,5,0.8,0.6,1.0,0.6,2.0,2.2,1,1,5,5,A
2013-02-17,Nurnberg,Hannover,1.2,1.2,0.8,1.6,1.2,2.0,1,2,3,0,1,3,5,5,2.2,0.0,2.0,1.2,1.0,3.2,3,0,5,5,D
2013-02-22,Freiburg,Ein Frankfurt,1.6,1.4,1.0,1.0,0.8,1.4,2,2,2,1,1,2,5,5,2.0,1.2,1.0,1.0,0.4,2.0,3,2,5,5,D
2013-02-23,Stuttgart,Nurnberg,0.6,1.2,0.6,1.0,2.2,1.4,1,1,0,3,4,1,5,5,1.2,0.6,1.6,0.2,2.4,1.0,2,0,5,5,D
2013-02-23,Mainz,Wolfsburg,1.2,1.4,1.2,1.0,1.2,1.0,1,2,3,1,1,2,5,5,1.6,1.8,1.4,1.6,1.4,1.4,2,3,5,5,D
2013-02-23,Schalke 04,Fortuna Dusseldorf,1.0,1.2,1.6,1.4,2.4,1.4,1,2,2,0,2,3,5,5,1.0,0.2,1.8,0.6,2.2,1.6,1,0,5,5,H
2013-02-23,Bayern Munich,Werder Bremen,3.0,1.2,2.6,2.0,0.0,2.4,5,2,0,0,0,3,5,5,2.2,1.4,2.6,2.4,0.4,2.0,3,2,5,5,H
2013-02-23,Augsburg,Hoffenheim,1.2,0.8,1.2,0.6,1.2,1.0,1,1,3,1,1,3,5,5,0.8,0.2,0.6,0.8,1.0,2.0,0,0,5,5,H
2013-02-23,Hannover,Hamburg,1.4,2.0,1.8,1.8,2.0,1.2,2,3,1,1,2,1,5,5,2.4,1.0,1.8,1.2,1.0,1.6,4,1,5,5,H
2013-02-24,Greuther Furth,Leverkusen,0.6,1.6,0.4,2.0,1.6,1.6,1,2,0,2,4,1,5,5,0.4,1.6,0.2,2.2,1.2,1.6,0,2,5,5,D
2013-02-24,M'gladbach,Dortmund,1.0,2.4,1.2,3.0,1.4,1.2,1,4,2,0,2,1,5,5,2.0,2.6,2.0,2.8,1.2,1.0,3,4,5,5,D
2013-03-01,Ein Frankfurt,M'gladbach,1.6,1.0,0.8,1.4,0.8,1.6,2,1,2,2,1,2,5,5,2.0,0.6,2.2,0.6,1.4,1.0,3,0,5,5,A
2013-03-02,Wolfsburg,Schalke 04,1.0,1.0,0.8,1.0,1.2,1.8,1,1,2,2,2,2,5,5,1.0,0.4,0.8,0.8,1.2,2.4,1,0,5,5,A
2013-03-02,Nurnberg,Freiburg,1.2,1.6,1.0,1.0,1.4,0.8,1,2,3,2,1,1,5,5,2.2,1.6,2.2,1.6,1.2,1.2,3,2,5,5,D
2013-03-02,Werder Bremen,Augsburg,1.2,1.2,2.2,1.0,2.6,1.0,2,1,0,3,3,1,5,5,0.8,1.0,1.2,1.4,2.6,1.6,1,1,5,5,A
2013-03-02,Hamburg,Greuther Furth,1.8,0.8,1.8,0.4,2.0,1.2,3,1,0,1,2,3,5,5,2.4,0.6,1.8,0.4,1.0,1.4,4,1,5,5,D
2013-03-02,Dortmund,Hannover,2.0,2.0,2.2,2.0,1.4,1.2,3,3,1,1,1,1,5,5,1.4,0.2,2.0,1.6,1.6,2.6,2,0,5,5,H
2013-03-02,Leverkusen,Stuttgart,1.2,0.8,1.4,0.8,1.4,2.0,1,1,3,1,1,3,5,5,2.4,1.2,2.2,0.8,1.0,1.6,4,2,5,5,H
2013-03-03,Fortuna Dusseldorf,Mainz,1.2,1.2,1.2,1.4,1.2,1.4,2,1,0,3,3,1,5,5,2.4,1.4,2.4,1.4,1.0,1.0,4,2,5,5,D
2013-03-03,Hoffenheim,Bayern Munich,0.6,3.0,0.8,3.4,1.4,0.2,1,5,0,0,4,0,5,5,0.8,3.0,0.8,2.2,1.8,0.0,1,5,5,5,A
2013-03-08,Augsburg,Nurnberg,1.6,1.4,1.2,1.2,1.0,1.0,2,1,2,4,1,0,5,5,1.2,0.6,0.8,0.4,1.0,1.2,1,0,5,5,A
2013-03-09,M'gladbach,Werder Bremen,1.0,1.2,1.2,1.8,1.4,2.2,1,2,2,0,2,3,5,5,2.2,1.2,2.0,2.4,1.0,3.0,3,2,5,5,D
2013-03-09,Bayern Munich,Fortuna Dusseldorf,3.0,1.4,3.2,1.2,0.2,1.0,5,2,0,1,0,2,5,5,2.2,0.2,2.8,0.6,0.6,1.6,3,0,5,5,H
2013-03-09,Freiburg,Wolfsburg,1.6,1.0,1.2,0.8,1.0,1.6,2,1,2,2,1,2,5,5,1.6,1.4,0.4,1.2,0.4,1.4,2,2,5,5,A
2013-03-09,Greuther Furth,Hoffenheim,1.0,0.6,0.6,0.6,0.8,1.2,1,1,2,0,2,4,5,5,0.4,0.0,0.2,0.8,1.2,2.2,0,0,5,5,A
2013-03-09,Mainz,Leverkusen,0.8,1.6,1.0,1.8,1.6,1.6,0,2,4,2,1,1,5,5,1.2,1.2,1.2,1.8,1.4,1.4,1,1,5,5,H
2013-03-09,Schalke 04,Dortmund,1.4,2.0,1.8,2.2,2.0,1.6,2,3,1,1,2,1,5,5,1.4,2.2,2.0,2.6,2.2,1.0,2,3,5,5,H
2013-03-10,Stuttgart,Hamburg,0.8,1.4,1.0,1.4,2.0,1.8,1,2,1,1,3,2,5,5,1.4,1.0,1.4,1.4,1.8,2.2,2,1,5,5,A
2013-03-10,Hannover,Ein Frankfurt,1.4,1.0,1.8,0.4,1.6,0.8,2,1,1,2,2,2,5,5,3.0,1.4,2.6,1.0,0.8,1.2,5,2,5,5,D
2013-03-15,Wolfsburg,Fortuna Dusseldorf,1.4,0.8,1.6,1.0,1.8,1.4,2,1,1,1,2,3,5,5,0.8,0.0,0.8,0.8,1.8,2.0,1,0,5,5,D
2013-03-16,Dortmund,Freiburg,1.4,1.6,1.8,1.4,1.6,1.6,2,2,1,2,2,1,5,5,1.8,1.6,2.4,1.6,1.6,1.2,3,2,5,5,H
2013-03-16,Hamburg,Augsburg,2.0,1.4,1.6,1.2,1.4,1.2,3,2,1,1,1,2,5,5,2.0,1.6,1.4,1.4,1.0,1.2,3,2,5,5,A
2013-03-16,Hoffenheim,Mainz,0.6,1.4,0.8,1.2,1.0,1.0,1,1,0,4,4,0,5,5,0.8,1.6,0.6,1.6,1.2,1.0,1,2,5,5,D
2013-03-16,Leverkusen,Bayern Munich,1.6,3.0,1.4,3.2,1.2,0.6,2,5,2,0,1,0,5,5,2.4,3.0,2.4,2.0,1.2,0.0,4,5,5,5,A
2013-03-16,Nurnberg,Schalke 04,1.4,2.0,1.2,2.0,1.0,1.8,1,3,4,1,0,1,5,5,1.8,1.0,1.6,1.4,1.0,2.0,2,1,5,5,H
2013-03-16,Werder Bremen,Greuther Furth,0.8,0.4,1.6,0.2,2.4,1.2,1,0,1,2,3,3,5,5,0.8,0.8,1.0,0.6,2.0,1.2,1,1,5,5,D
2013-03-17,M'gladbach,Hannover,1.2,1.6,1.2,1.8,1.2,1.2,1,2,3,2,1,1,5,5,1.8,0.2,1.8,1.6,1.2,2.8,2,0,5,5,H
2013-03-17,Ein Frankfurt,Stuttgart,0.6,0.8,0.0,0.8,0.8,1.6,0,1,3,1,2,3,5,5,1.4,0.6,1.4,0.8,1.2,2.0,2,1,5,5,A
2013-03-30,Augsburg,Hannover,1.8,1.0,1.2,1.6,1.0,1.4,3,1,0,2,2,2,5,5,1.0,0.2,0.8,1.4,1.2,2.6,1,0,5,5,A
2013-03-30,Bayern Munich,Hamburg,3.0,1.4,2.8,0.8,0.8,1.4,5,2,0,1,0,2,5,5,2.6,1.4,3.2,1.4,0.8,2.0,4,2,5,5,H
2013-03-30,Fortuna Dusseldorf,Leverkusen,1.0,1.4,1.2,1.0,1.4,1.0,1,2,2,1,2,2,5,5,2.0,0.6,1.8,1.0,1.2,1.4,3,0,5,5,A
2013-03-30,Freiburg,M'gladbach,1.0,1.6,1.4,0.8,2.6,0.6,1,2,2,2,2,1,5,5,1.6,1.0,0.8,0.6,1.0,0.8,2,1,5,5,H
2013-03-30,Mainz,Werder Bremen,1.4,0.4,1.0,1.2,0.8,2.6,1,0,4,2,0,3,5,5,1.2,0.8,0.8,1.8,1.2,3.0,1,1,5,5,D
2013-03-30,Stuttgart,Dortmund,1.4,2.0,1.0,2.6,1.0,1.0,2,3,1,1,2,1,5,5,0.8,2.0,1.0,2.6,1.8,1.2,1,3,5,5,A
2013-03-30,Schalke 04,Hoffenheim,2.0,0.8,2.0,0.8,1.6,0.8,3,1,1,1,1,3,5,5,1.8,0.6,2.2,1.0,2.2,1.4,3,1,5,5,H
2013-03-31,Wolfsburg,Nurnberg,1.0,1.8,1.6,1.8,2.0,1.0,1,2,2,3,2,0,5,5,1.0,1.2,1.0,0.8,1.6,1.2,1,1,5,5,D
2013-03-31,Greuther Furth,Ein Frankfurt,0.6,0.4,0.6,0.2,1.4,1.2,0,0,3,2,2,3,5,5,0.4,1.0,0.2,0.6,1.6,1.2,0,1,5,5,A
2013-04-05,Hoffenheim,Fortuna Dusseldorf,0.8,0.4,0.8,1.2,1.2,2.2,1,0,1,2,3,3,5,5,1.0,0.2,0.4,1.0,0.6,1.8,1,0,5,5,H
2013-04-06,Dortmund,Augsburg,2.0,1.8,2.4,1.0,1.2,1.0,3,3,1,0,1,2,5,5,2.4,2.0,3.0,1.4,1.2,1.0,4,3,5,5,H
2013-04-06,Ein Frankfurt,Bayern Munich,1.0,3.0,0.8,4.2,1.0,1.2,1,5,2,0,2,0,5,5,1.4,3.0,1.4,2.0,1.0,0.2,2,5,5,5,A
2013-04-06,Hamburg,Freiburg,0.8,1.0,1.0,1.2,3.2,2.2,1,1,1,2,3,2,5,5,1.4,1.0,1.0,1.2,1.2,2.0,2,1,5,5,A
2013-04-06,Leverkusen,Wolfsburg,1.4,1.2,1.4,2.0,1.0,2.0,2,1,1,3,2,1,5,5,1.8,2.0,2.0,2.2,1.6,1.4,3,3,5,5,D
2013-04-06,M'gladbach,Greuther Furth,1.6,0.6,0.8,1.0,0.8,1.8,2,0,2,3,1,2,5,5,1.8,1.0,1.6,1.0,1.2,1.4,2,1,5,5,H
2013-04-06,Werder Bremen,Schalke 04,0.6,2.4,1.0,2.2,2.2,1.2,0,4,3,0,2,1,5,5,0.8,1.0,1.2,1.2,2.2,2.0,1,1,5,5,A
2013-04-07,Hannover,Stuttgart,1.4,0.8,1.6,1.0,1.0,1.4,2,1,1,1,2,3,5,5,2.6,1.2,2.2,1.0,0.8,1.6,4,2,5,5,D
2013-04-07,Nurnberg,Mainz,1.8,1.4,1.8,0.8,1.0,0.6,2,1,3,4,0,0,5,5,1.8,1.2,1.8,1.0,1.0,0.8,2,1,5,5,H
2013-04-12,Freiburg,Hannover,1.4,1.0,1.4,0.6,2.2,0.8,2,1,1,2,2,2,5,5,1.6,0.8,1.0,1.0,1.0,1.6,2,1,5,5,H
2013-04-13,Mainz,Hamburg,1.2,0.8,0.8,0.8,0.8,2.4,1,1,3,1,1,3,5,5,1.2,1.4,1.0,1.8,1.4,3.2,1,2,5,5,A
2013-04-13,Greuther Furth,Dortmund,0.4,2.4,1.0,3.0,2.0,1.4,0,4,2,0,3,1,5,5,0.2,2.0,0.4,2.4,2.0,1.2,0,3,5,5,A
2013-04-13,Schalke 04,Leverkusen,2.4,1.4,2.2,1.6,1.0,1.2,4,2,0,1,1,2,5,5,2.4,1.2,2.6,1.4,1.6,1.0,4,1,5,5,D
2013-04-13,Bayern Munich,Nurnberg,3.0,2.2,3.2,2.0,1.0,1.0,5,3,0,2,0,0,5,5,3.0,1.2,4.8,1.0,1.0,1.4,5,1,5,5,H
2013-04-13,Fortuna Dusseldorf,Werder Bremen,0.4,0.6,1.0,0.8,2.4,1.4,0,0,2,3,3,2,5,5,1.4,1.0,1.6,1.8,1.8,2.4,2,1,5,5,D
2013-04-13,Wolfsburg,Hoffenheim,1.2,1.4,2.0,1.2,2.0,0.8,1,2,3,1,1,2,5,5,0.6,0.6,1.0,1.0,2.0,1.6,0,1,5,5,D
2013-04-14,Stuttgart,M'gladbach,0.8,2.0,0.8,0.8,1.2,0.6,1,3,1,1,3,1,5,5,0.2,0.8,0.6,0.4,2.0,1.0,0,1,5,5,H
2013-04-14,Augsburg,Ein Frankfurt,1.2,0.8,1.0,0.8,1.6,1.2,2,1,0,1,3,3,5,5,1.0,1.6,0.8,1.0,1.2,1.0,1,2,5,5,H
2013-04-19,M'gladbach,Augsburg,1.4,1.2,0.6,1.2,1.0,1.6,2,2,1,0,2,3,5,5,1.8,1.4,1.4,1.2,1.0,1.4,2,2,5,5,H
2013-04-20,Dortmund,Mainz,2.4,1.0,3.6,0.8,1.4,1.0,4,1,0,2,1,2,5,5,2.4,1.2,3.2,1.2,1.6,0.8,4,1,5,5,H
2013-04-20,Ein Frankfurt,Schalke 04,0.8,2.0,0.8,1.8,1.4,1.2,1,3,1,1,3,1,5,5,0.8,1.4,0.6,1.6,1.0,2.0,1,2,5,5,H
2013-04-20,Hamburg,Fortuna Dusseldorf,1.2,0.4,1.0,1.2,2.4,2.6,2,0,0,2,3,3,5,5,0.8,0.2,0.4,0.8,1.0,2.0,1,0,5,5,H
2013-04-20,Hannover,Bayern Munich,1.0,3.0,0.6,3.8,0.8,1.0,1,5,2,0,2,0,5,5,2.2,3.0,1.6,1.8,0.4,0.2,3,5,5,5,A
2013-04-20,Leverkusen,Hoffenheim,1.0,1.6,1.6,1.6,1.4,1.0,1,2,2,2,2,1,5,5,1.4,0.8,1.6,1.2,1.6,1.6,2,1,5,5,H
2013-04-20,Werder Bremen,Wolfsburg,0.8,1.4,1.2,2.2,1.6,1.6,0,1,4,4,1,0,5,5,0.8,1.6,1.2,1.8,1.6,1.2,1,2,5,5,A
2013-04-21,Nurnberg,Greuther Furth,2.0,0.2,1.8,1.0,1.6,3.0,3,0,1,1,1,4,5,5,2.2,1.0,2.0,1.0,1.0,1.2,3,1,5,5,A
2013-04-21,Stuttgart,Freiburg,1.4,1.8,1.0,1.8,0.8,2.2,2,3,1,0,2,2,5,5,0.8,1.4,1.0,1.4,1.6,2.0,1,2,5,5,H
2013-04-26,Greuther Furth,Hannover,0.8,0.8,1.2,0.8,2.4,2.0,1,1,1,1,3,3,5,5,0.2,0.8,0.6,1.2,2.6,1.8,0,1,5,5,A
2013-04-27,Leverkusen,Werder Bremen,1.6,0.6,2.6,1.0,1.2,2.0,2,0,2,3,1,2,5,5,2.0,1.2,2.2,1.8,1.0,2.2,3,1,5,5,H
2013-04-27,Wolfsburg,M'gladbach,1.4,1.8,1.8,0.6,1.2,0.8,1,3,4,0,0,2,5,5,0.6,0.6,1.2,0.4,2.2,1.4,0,1,5,5,H
2013-04-27,Hoffenheim,Nurnberg,1.0,1.4,1.0,1.4,2.0,1.6,1,2,2,1,2,2,5,5,1.4,1.2,1.0,1.0,0.6,1.6,2,1,5,5,H
2013-04-27,Bayern Munich,Freiburg,3.0,1.8,4.4,1.6,0.8,1.6,5,3,0,0,0,2,5,5,3.0,1.4,5.2,1.4,1.0,2.0,5,2,5,5,H
2013-04-27,Augsburg,Stuttgart,1.2,2.0,1.0,1.4,1.4,0.8,2,3,0,1,3,1,5,5,1.4,1.4,1.2,1.0,1.2,1.2,2,2,5,5,H
2013-04-27,Fortuna Dusseldorf,Dortmund,0.4,3.0,1.0,3.8,2.4,1.0,0,5,2,0,3,0,5,5,1.6,2.0,1.6,2.6,1.6,1.4,2,3,5,5,A
2013-04-28,Mainz,Ein Frankfurt,0.4,1.2,0.6,1.0,1.4,1.4,0,2,2,0,3,3,5,5,1.2,1.0,1.2,0.6,1.2,1.4,1,1,5,5,D
2013-04-28,Schalke 04,Hamburg,1.4,1.2,1.4,1.2,1.2,2.6,2,2,1,0,2,3,5,5,2.0,1.8,2.0,2.0,1.2,3.2,3,3,5,5,H
2013-05-03,M'gladbach,Schalke 04,1.2,2.0,0.6,2.2,1.4,0.8,2,3,0,1,3,1,5,5,2.2,1.4,1.0,1.6,0.4,1.4,3,2,5,5,A
2013-05-04,Dortmund,Bayern Munich,3.0,3.0,3.2,4.2,1.0,0.6,5,5,0,0,0,0,5,5,3.0,3.0,3.4,2.4,0.8,0.4,5,5,5,5,D
2013-05-04,Ein Frankfurt,Fortuna Dusseldorf,1.4,0.2,0.8,1.0,1.0,2.6,2,0,1,1,2,4,5,5,0.8,0.2,0.4,1.0,0.8,2.2,1,0,5,5,H
2013-05-04,Hannover,Mainz,1.4,0.4,1.4,0.6,2.2,1.4,2,0,1,2,2,3,5,5,1.6,0.6,1.4,0.6,1.4,1.2,2,0,5,5,D
2013-05-04,Nurnberg,Leverkusen,0.8,2.2,1.0,2.6,2.0,0.8,1,3,1,2,3,0,5,5,1.6,1.2,1.6,1.8,1.0,1.4,2,1,5,5,A
2013-05-04,Stuttgart,Greuther Furth,1.4,0.6,1.0,1.2,1.2,2.6,2,1,1,0,2,4,5,5,1.4,1.0,1.2,0.8,1.0,1.0,2,1,5,5,A
2013-05-04,Werder Bremen,Hoffenheim,0.4,1.4,0.6,1.4,1.8,2.2,0,2,2,1,3,2,5,5,0.2,0.8,0.8,1.2,2.2,2.4,0,1,5,5,D
2013-05-05,Hamburg,Wolfsburg,1.2,1.8,1.4,2.2,3.2,1.2,2,2,0,3,3,0,5,5,1.4,2.2,0.8,2.2,0.8,0.8,2,3,5,5,D
2013-05-05,Freiburg,Augsburg,1.8,1.2,1.4,1.4,0.8,1.4,3,2,0,0,2,3,5,5,2.0,1.2,1.6,1.0,1.2,1.4,3,2,5,5,H
2013-05-11,Schalke 04,Stuttgart,2.0,1.4,1.8,0.8,0.8,1.2,3,2,1,1,1,2,5,5,2.6,1.4,2.6,0.8,1.0,1.2,4,2,5,5,A
2013-05-11,Mainz,M'gladbach,0.4,1.2,0.8,0.6,1.6,1.2,0,2,2,0,3,3,5,5,1.2,0.6,0.8,0.4,0.8,1.6,1,1,5,5,A
2013-05-11,Werder Bremen,Ein Frankfurt,0.4,1.4,0.8,0.8,2.0,0.8,0,2,2,1,3,2,5,5,0.4,1.2,0.8,0.6,2.0,0.8,0,1,5,5,D
2013-05-11,Leverkusen,Hannover,2.2,1.0,2.2,1.4,0.6,2.6,3,1,2,2,0,2,5,5,2.0,1.2,2.0,1.4,0.8,1.8,3,2,5,5,H
2013-05-11,Wolfsburg,Dortmund,1.8,2.6,2.0,3.0,1.0,1.0,2,4,3,1,0,0,5,5,1.2,2.0,1.8,2.4,2.0,1.2,1,3,5,5,D
2013-05-11,Greuther Furth,Freiburg,1.2,1.8,1.2,1.4,2.0,0.8,2,3,0,0,3,2,5,5,0.2,0.8,1.0,0.8,3.0,1.8,0,1,5,5,A
2013-05-11,Fortuna Dusseldorf,Nurnberg,0.2,0.6,1.0,0.6,2.4,2.0,0,1,1,0,4,4,5,5,1.0,1.0,1.2,1.2,1.8,2.0,1,1,5,5,A
2013-05-11,Bayern Munich,Augsburg,2.6,1.2,2.6,1.4,0.4,1.4,4,2,1,0,0,3,5,5,3.0,1.2,4.6,0.8,1.0,1.4,5,2,5,5,H
2013-05-11,Hoffenheim,Hamburg,1.6,1.4,1.8,1.2,2.0,1.6,2,2,2,1,1,2,5,5,1.4,1.2,1.0,1.4,0.6,3.8,2,2,5,5,A
2013-05-18,M'gladbach,Bayern Munich,1.2,2.6,1.2,3.0,1.6,0.4,2,4,0,1,3,0,5,5,2.0,2.6,0.8,2.2,0.4,0.6,3,4,5,5,A
2013-05-18,Hannover,Fortuna Dusseldorf,0.8,0.2,1.6,1.2,3.2,2.2,1,0,1,1,3,4,5,5,1.2,0.2,1.6,1.0,1.8,2.4,1,0,5,5,H
2013-05-18,Nurnberg,Werder Bremen,0.6,0.6,0.6,1.0,2.0,1.8,1,0,0,3,4,2,5,5,1.4,0.6,1.2,1.0,1.0,2.2,2,0,5,5,H
2013-05-18,Stuttgart,Mainz,1.8,0.4,1.2,1.0,1.4,2.0,3,0,0,2,2,3,5,5,1.2,0.6,1.0,0.8,1.2,1.4,2,0,5,5,D
2013-05-18,Hamburg,Leverkusen,2.0,2.6,2.0,2.6,1.6,0.6,3,4,1,1,1,0,5,5,1.0,1.6,0.8,1.6,1.0,0.8,1,2,5,5,A
2013-05-18,Ein Frankfurt,Wolfsburg,1.6,1.8,1.0,2.4,0.8,1.4,2,2,2,3,1,0,5,5,1.2,1.8,1.0,2.2,1.0,1.0,2,2,5,5,D
2013-05-18,Augsburg,Greuther Furth,1.2,1.2,1.0,1.4,1.2,2.2,2,2,0,0,3,3,5,5,1.8,1.6,1.6,1.2,1.0,0.8,3,2,5,5,H
2013-05-18,Freiburg,Schalke 04,1.8,1.4,1.6,1.6,1.0,1.2,3,2,0,1,2,2,5,5,2.0,1.8,1.8,1.4,1.2,1.0,3,3,5,5,A
2013-05-18,Dortmund,Hoffenheim,2.2,1.0,2.8,1.4,1.2,2.8,3,1,2,2,0,2,5,5,2.6,1.0,3.0,1.4,1.0,2.4,4,1,5,5,A
2013-08-09,Bayern Munich,M'gladbach,2.6,1.2,3.0,1.8,1.0,2.0,4,2,1,0,0,3,5,5,3.0,1.2,4.0,1.2,0.8,1.8,5,2,5,5,H
2013-08-10,Augsburg,Dortmund,1.2,1.6,1.2,1.8,1.4,1.4,2,2,0,2,3,1,5,5,1.8,2.0,1.8,2.8,1.0,1.6,3,3,5,5,A
2013-08-10,Braunschweig,Werder Bremen,0.0,0.4,0.0,1.0,0.0,2.0,0,0,0,2,0,3,0,5,0.0,0.6,0.0,1.2,0.0,1.6,0,0,0,5,A
2013-08-10,Hannover,Wolfsburg,1.4,1.8,2.0,2.4,2.6,1.4,2,2,1,3,2,0,5,5,1.2,1.8,1.2,2.4,1.6,1.2,1,2,5,5,H
2013-08-10,Hertha,Ein Frankfurt,0.8,1.8,1.6,1.4,2.4,0.8,1,2,1,3,3,0,5,5,0.6,1.2,1.2,0.8,3.0,1.0,1,1,5,5,H
2013-08-10,Hoffenheim,Nurnberg,1.4,1.2,1.4,1.2,2.6,1.6,2,2,1,0,2,3,5,5,1.4,1.4,1.2,1.4,1.2,2.0,2,2,5,5,D
2013-08-10,Leverkusen,Freiburg,3.0,1.2,2.4,1.2,0.2,1.2,5,2,0,0,0,3,5,5,2.0,1.2,2.2,1.0,0.8,1.8,3,2,5,5,H
2013-08-11,Schalke 04,Hamburg,1.8,1.4,1.6,1.6,1.0,1.6,3,2,0,1,2,2,5,5,2.0,1.8,2.4,2.0,1.2,3.0,3,3,5,5,D
2013-08-11,Mainz,Stuttgart,0.6,1.4,1.2,1.2,2.0,1.8,0,2,3,1,2,2,5,5,1.0,1.4,1.0,1.0,1.4,1.4,1,2,5,5,H
2013-08-17,Ein Frankfurt,Bayern Munich,1.2,2.6,1.4,2.4,2.0,1.0,1,4,3,1,1,0,5,5,1.4,2.6,1.4,2.8,1.2,1.2,2,4,5,5,A
2013-08-17,Freiburg,Mainz,1.2,1.2,1.2,1.8,1.4,2.0,2,1,0,3,3,1,5,5,1.8,0.6,2.0,1.0,1.6,1.6,3,0,5,5,A
2013-08-17,Hamburg,Hoffenheim,1.0,1.6,1.8,1.8,2.0,2.0,1,2,2,2,2,1,5,5,0.8,1.0,0.6,1.2,1.0,2.6,1,1,5,5,A
2013-08-17,M'gladbach,Hannover,0.6,2.0,1.8,2.2,2.6,1.4,1,3,0,1,4,1,5,5,1.8,1.2,1.2,1.4,1.0,1.8,3,2,5,5,H
2013-08-17,Stuttgart,Leverkusen,0.8,3.0,1.2,2.0,2.2,0.4,1,5,1,0,3,0,5,5,1.4,2.0,1.4,1.8,1.4,0.8,2,3,5,5,A
2013-08-17,Werder Bremen,Augsburg,1.0,1.2,1.2,1.2,1.4,2.0,1,2,2,0,2,3,5,5,0.6,0.6,1.0,0.6,2.0,2.0,0,1,5,5,H
2013-08-17,Wolfsburg,Schalke 04,1.2,2.0,1.8,2.2,1.8,1.4,1,3,3,1,1,1,5,5,1.4,1.8,2.2,1.0,1.8,1.0,1,3,5,5,H
2013-08-18,Nurnberg,Hertha,1.4,1.4,1.6,2.6,1.8,2.2,2,2,1,1,2,2,5,5,1.8,1.0,1.6,1.2,1.2,1.8,3,1,5,5,D
2013-08-18,Dortmund,Braunschweig,1.6,0.0,2.2,0.0,1.4,1.0,2,0,2,0,1,1,5,1,2.0,0.0,2.6,0.0,1.2,0.0,3,0,5,0,H
2013-08-23,Dortmund,Werder Bremen,1.6,1.6,2.2,1.4,1.4,1.2,2,2,2,2,1,1,5,5,2.0,1.0,2.0,1.2,1.2,1.4,3,1,5,5,H
2013-08-24,Bayern Munich,Nurnberg,2.6,1.6,2.4,1.8,1.0,1.8,4,2,1,2,0,1,5,5,3.0,1.0,4.0,1.4,0.6,2.2,5,1,5,5,H
2013-08-24,Hannover,Schalke 04,1.4,1.4,1.6,1.4,1.6,2.0,2,2,1,1,2,2,5,5,1.6,1.8,1.6,1.0,1.6,1.2,2,3,5,5,H
2013-08-24,Hertha,Hamburg,1.4,1.0,2.4,1.8,2.0,2.2,2,1,1,2,2,2,5,5,1.2,1.4,2.4,2.4,2.0,3.6,2,2,5,5,H
2013-08-24,Hoffenheim,Freiburg,1.6,1.2,2.4,1.4,2.0,1.6,2,2,2,0,1,3,5,5,1.6,1.2,1.6,1.0,1.4,1.4,2,2,5,5,D
2013-08-24,Leverkusen,M'gladbach,3.0,1.2,2.0,2.2,0.4,2.0,5,2,0,0,0,3,5,5,2.6,0.6,2.6,1.2,0.6,2.4,4,1,5,5,H
2013-08-24,Mainz,Wolfsburg,1.6,1.2,2.2,2.0,2.2,1.6,2,1,2,3,1,1,5,5,1.0,1.2,1.4,1.4,1.8,1.2,1,1,5,5,H
2013-08-25,Augsburg,Stuttgart,0.6,0.8,0.6,1.2,2.2,1.8,1,1,0,1,4,3,5,5,1.8,1.4,1.6,1.2,1.4,1.6,3,2,5,5,H
2013-08-25,Braunschweig,Ein Frankfurt,0.0,1.0,0.5,1.4,1.5,2.2,0,1,0,2,2,2,2,5,0.0,1.0,0.0,1.0,1.0,2.2,0,1,1,5,A
2013-08-27,Freiburg,Bayern Munich,0.8,3.0,1.6,2.6,2.2,0.8,1,5,1,0,3,0,5,5,1.8,2.6,1.8,2.6,1.0,1.0,3,4,5,5,D
2013-08-31,Hamburg,Braunschweig,0.8,0.0,1.6,0.3333333333333333,2.2,1.6666666666666667,1,0,1,0,3,3,5,3,0.8,0.0,0.8,1.0,1.8,2.0,1,0,5,1,H
2013-08-31,Hannover,Mainz,1.8,2.0,1.6,2.2,1.4,1.8,3,3,0,1,2,1,5,5,2.0,1.0,2.0,1.4,1.8,1.8,3,1,5,5,H
2013-08-31,M'gladbach,Werder Bremen,1.2,1.4,2.6,1.0,2.6,1.0,2,2,0,1,3,2,5,5,1.8,0.8,1.6,1.0,1.0,1.4,3,1,5,5,H
2013-08-31,Nurnberg,Augsburg,1.6,1.2,1.8,1.0,1.8,2.0,2,2,2,0,1,3,5,5,1.4,0.0,1.4,0.4,1.6,2.2,2,0,5,5,A
2013-08-31,Schalke 04,Leverkusen,0.8,3.0,1.4,2.4,2.4,0.8,1,5,1,0,3,0,5,5,1.6,2.6,2.6,2.0,1.6,0.6,2,4,5,5,H
2013-08-31,Wolfsburg,Hertha,1.0,2.0,1.8,2.4,1.8,1.6,1,3,2,1,2,1,5,5,1.8,1.2,2.8,1.6,1.6,2.0,2,1,5,5,H
2013-09-01,Stuttgart,Hoffenheim,0.8,1.6,1.4,2.6,1.8,2.2,1,2,1,2,3,1,5,5,1.4,1.6,1.2,2.2,1.2,2.2,2,2,5,5,H
2013-09-01,Ein Frankfurt,Dortmund,1.0,2.0,1.2,2.2,2.0,1.2,1,3,2,1,2,1,5,5,1.4,2.6,1.2,3.4,1.0,1.2,2,4,5,5,A
2013-09-13,Hertha,Stuttgart,2.0,0.8,2.4,2.2,1.2,2.0,3,1,1,1,1,3,5,5,1.8,0.8,2.4,1.0,1.2,1.8,3,1,5,5,A
2013-09-14,Augsburg,Freiburg,1.8,0.4,1.2,1.4,1.4,2.2,3,0,0,2,2,3,5,5,2.4,0.8,2.0,1.4,1.2,2.0,4,1,5,5,H
2013-09-14,Bayern Munich,Hannover,2.6,2.4,2.2,2.2,1.0,1.0,4,4,1,0,0,1,5,5,3.0,1.2,2.6,1.4,0.2,2.2,5,2,5,5,H
2013-09-14,Dortmund,Hamburg,2.4,0.8,2.0,1.6,0.8,2.0,4,1,0,1,1,3,5,5,2.0,1.4,1.4,2.0,0.8,2.0,3,2,5,5,H
2013-09-14,Leverkusen,Wolfsburg,2.4,1.4,1.8,1.6,1.0,1.2,4,2,0,1,1,2,5,5,3.0,1.0,3.2,1.2,0.8,1.4,5,1,5,5,H
2013-09-14,Mainz,Schalke 04,2.0,1.4,2.0,1.6,1.8,2.0,3,2,1,1,1,2,5,5,1.4,1.2,1.6,0.8,1.6,1.6,2,2,5,5,A
2013-09-14,Werder Bremen,Ein Frankfurt,1.2,0.8,1.0,1.2,1.6,2.2,2,1,0,1,3,3,5,5,1.0,1.0,0.8,0.8,1.6,1.8,1,1,5,5,A
2013-09-15,Hoffenheim,M'gladbach,1.6,1.2,2.8,2.6,2.6,2.4,2,2,2,0,1,3,5,5,1.6,0.6,2.2,1.6,2.0,2.8,2,1,5,5,H
2013-09-15,Braunschweig,Nurnberg,0.0,1.0,0.25,1.4,2.25,1.8,0,1,0,2,4,2,4,5,0.0,0.8,0.0,1.0,1.5,2.2,0,1,2,5,D
2013-09-20,M'gladbach,Braunschweig,1.2,0.2,2.2,0.4,2.0,2.0,2,0,0,1,3,4,5,5,1.8,0.0,2.2,0.5,1.2,3.0,3,0,5,2,H
2013-09-21,Hamburg,Werder Bremen,0.8,1.2,2.0,0.6,3.0,1.6,1,2,1,0,3,3,5,5,1.4,0.6,1.6,0.8,1.6,1.8,2,1,5,5,A
2013-09-21,Hannover,Augsburg,1.8,1.8,1.6,1.0,1.4,1.4,3,3,0,0,2,2,5,5,2.6,0.6,2.6,0.2,0.8,1.4,4,1,5,5,H
2013-09-21,Mainz,Leverkusen,1.8,2.4,1.6,2.2,1.6,1.2,3,4,0,0,2,1,5,5,1.4,2.0,1.4,1.2,1.4,0.8,2,3,5,5,A
2013-09-21,Nurnberg,Dortmund,0.6,3.0,1.0,3.0,1.6,0.8,0,5,3,0,2,0,5,5,0.8,2.6,1.0,3.4,1.6,1.2,1,4,5,5,D
2013-09-21,Schalke 04,Bayern Munich,1.4,2.6,1.4,1.8,1.8,0.4,2,4,1,1,2,0,5,5,1.6,2.2,2.4,2.6,1.6,1.2,2,3,5,5,A
2013-09-21,Wolfsburg,Hoffenheim,1.2,1.6,1.4,2.8,1.4,2.6,2,2,0,2,3,1,5,5,2.2,1.4,2.8,2.2,1.2,3.0,3,2,5,5,H
2013-09-22,Stuttgart,Ein Frankfurt,1.2,1.2,2.0,1.4,1.6,1.8,2,2,0,0,3,3,5,5,1.4,1.6,2.0,1.4,1.6,1.4,2,2,5,5,D
2013-09-22,Freiburg,Hertha,0.4,1.4,1.4,1.8,2.2,1.2,0,2,2,1,3,2,5,5,1.4,0.6,1.6,1.0,1.2,2.2,2,0,5,5,D
2013-09-27,Augsburg,M'gladbach,1.8,1.8,1.2,2.8,1.0,1.6,3,3,0,0,2,2,5,5,2.4,0.6,2.0,1.8,1.4,2.8,4,1,5,5,D
2013-09-28,Bayern Munich,Wolfsburg,2.6,1.8,2.0,1.8,0.2,1.2,4,3,1,0,0,2,5,5,3.0,0.4,2.2,0.8,0.2,2.0,5,0,5,5,H
2013-09-28,Dortmund,Freiburg,2.6,0.6,2.4,1.4,1.0,1.8,4,0,1,3,0,2,5,5,2.0,0.8,2.2,1.4,1.2,2.0,3,1,5,5,H
2013-09-28,Ein Frankfurt,Hamburg,1.4,0.6,1.4,1.4,0.8,2.8,2,1,1,0,2,4,5,5,1.4,0.8,1.4,2.0,1.2,3.0,2,1,5,5,D
2013-09-28,Hertha,Mainz,1.0,1.2,0.8,1.2,1.2,2.0,1,2,2,0,2,3,5,5,1.8,1.0,2.2,1.4,1.0,2.2,3,1,5,5,H
2013-09-28,Hoffenheim,Schalke 04,1.4,1.2,2.6,0.8,2.6,2.0,2,2,1,0,2,3,5,5,1.6,1.8,2.0,1.0,2.2,1.4,2,3,5,5,D
2013-09-28,Leverkusen,Hannover,2.4,1.8,2.4,1.6,1.2,1.6,4,3,0,0,1,2,5,5,3.0,0.6,2.8,1.0,1.0,2.6,5,1,5,5,H
2013-09-29,Braunschweig,Stuttgart,0.2,1.4,0.6,1.8,2.6,1.2,0,2,1,1,4,2,5,5,0.3333333333333333,1.2,0.3333333333333333,1.2,1.3333333333333333,1.8,0,2,3,5,A
2013-09-29,Werder Bremen,Nurnberg,1.2,0.6,0.8,0.8,1.6,1.4,2,0,0,3,3,2,5,5,1.0,1.0,0.8,1.2,1.8,1.6,1,1,5,5,D
2013-10-04,Hannover,Hertha,1.8,1.4,1.6,1.0,1.4,1.0,3,2,0,1,2,2,5,5,3.0,0.6,2.6,1.2,0.6,2.4,5,0,5,5,D
2013-10-05,Leverkusen,Bayern Munich,2.4,2.6,2.6,2.0,1.2,0.2,4,4,0,1,1,0,5,5,3.0,2.2,3.0,2.2,1.0,1.0,5,3,5,5,D
2013-10-05,Mainz,Hoffenheim,0.6,1.0,1.0,2.2,2.4,3.0,1,1,0,2,4,2,5,5,1.2,1.4,1.6,2.4,2.2,2.4,2,2,5,5,D
2013-10-05,M'gladbach,Dortmund,1.4,2.6,2.6,3.0,2.0,0.8,2,4,1,1,2,0,5,5,1.8,2.2,2.8,2.4,1.4,1.2,3,3,5,5,H
2013-10-05,Schalke 04,Augsburg,1.4,2.0,1.4,1.6,1.8,1.2,2,3,1,1,2,1,5,5,1.4,0.6,2.0,0.4,2.0,1.6,2,1,5,5,H
2013-10-05,Stuttgart,Werder Bremen,2.0,0.8,2.6,1.2,1.0,2.2,3,1,1,1,1,3,5,5,1.0,1.2,1.8,1.2,1.6,1.6,1,2,5,5,D
2013-10-05,Wolfsburg,Braunschweig,1.2,0.2,1.0,0.4,1.4,3.0,2,0,0,1,3,4,5,5,2.6,0.0,2.8,0.6666666666666666,1.0,3.3333333333333335,4,0,5,3,A
2013-10-06,Freiburg,Ein Frankfurt,0.6,1.6,1.2,1.8,2.4,1.0,0,2,3,2,2,1,5,5,1.0,1.6,1.2,1.6,1.2,1.6,1,2,5,5,D
2013-10-06,Nurnberg,Hamburg,0.6,0.8,1.0,1.6,1.6,2.2,0,1,3,1,2,3,5,5,1.0,1.0,1.2,2.2,1.6,2.6,1,1,5,5,A
2013-10-18,Hoffenheim,Leverkusen,1.0,2.0,2.0,2.0,2.8,1.0,1,3,2,1,2,1,5,5,1.2,2.4,2.2,1.6,2.6,0.6,1,4,5,5,A
2013-10-19,Bayern Munich,Mainz,2.2,0.2,1.8,1.0,0.4,2.8,3,0,2,1,0,4,5,5,3.0,1.0,2.2,1.6,0.2,2.4,5,1,5,5,H
2013-10-19,Braunschweig,Schalke 04,0.8,2.0,0.8,2.0,2.6,1.6,1,3,1,1,3,1,5,5,0.25,1.4,0.25,1.4,2.0,2.0,0,2,4,5,A
2013-10-19,Dortmund,Hannover,2.0,1.4,2.8,1.4,1.2,1.4,3,2,1,1,1,2,5,5,2.4,0.6,3.0,0.8,1.0,2.4,4,1,5,5,H
2013-10-19,Ein Frankfurt,Nurnberg,1.2,0.6,1.6,1.0,1.2,2.2,1,0,3,3,1,2,5,5,1.0,1.2,1.6,1.6,1.6,1.8,1,1,5,5,D
2013-10-19,Hertha,M'gladbach,1.0,2.0,1.0,2.6,1.2,1.2,1,3,2,1,2,1,5,5,2.4,0.8,2.6,2.0,0.8,2.6,4,1,5,5,H
2013-10-19,Werder Bremen,Freiburg,1.0,0.6,1.4,0.8,2.2,2.0,1,0,2,3,2,2,5,5,1.2,0.8,1.4,1.4,1.8,2.8,1,1,5,5,D
2013-10-20,Augsburg,Wolfsburg,1.4,1.2,1.4,1.0,1.8,1.4,2,2,1,0,2,3,5,5,2.0,0.2,1.8,0.6,1.8,2.0,3,0,5,5,A
2013-10-20,Hamburg,Stuttgart,1.4,2.2,2.6,2.6,2.0,0.8,2,3,1,2,2,0,5,5,0.8,1.8,1.2,2.0,1.8,1.2,1,3,5,5,D
2013-10-25,Stuttgart,Nurnberg,1.8,0.8,2.0,1.2,1.0,2.2,2,0,3,4,0,1,5,5,1.2,0.8,2.0,1.4,1.4,1.8,1,0,5,5,D
2013-10-26,Wolfsburg,Werder Bremen,1.2,1.2,1.0,1.2,1.6,1.4,2,1,0,3,3,1,5,5,2.0,1.4,2.2,1.0,1.2,1.2,3,2,5,5,H
2013-10-26,Schalke 04,Dortmund,2.0,2.0,2.2,2.6,2.0,1.0,3,3,1,1,1,1,5,5,1.4,1.6,2.0,2.0,2.0,1.4,2,2,5,5,A
2013-10-26,Mainz,Braunschweig,0.2,0.8,1.0,1.2,2.8,2.4,0,1,1,1,4,3,5,5,1.4,0.75,1.6,1.0,1.8,2.5,2,1,5,4,H
2013-10-26,Hannover,Hoffenheim,0.8,1.0,0.6,1.8,1.4,2.0,1,1,1,2,3,2,5,5,2.6,1.4,2.2,2.4,0.8,2.4,4,2,5,5,A
2013-10-26,Bayern Munich,Hertha,2.6,1.6,2.4,1.2,0.4,0.8,4,2,1,2,0,1,5,5,3.0,0.6,2.4,0.8,0.4,2.0,5,0,5,5,H
2013-10-26,Leverkusen,Augsburg,2.6,0.8,2.4,1.4,0.8,2.2,4,1,1,1,0,3,5,5,2.6,0.6,2.6,0.6,1.0,2.0,4,1,5,5,H
2013-10-27,Freiburg,Hamburg,0.6,1.0,0.6,2.4,1.8,2.6,0,1,3,2,2,2,5,5,0.6,1.0,1.0,2.4,1.4,2.4,0,1,5,5,A
2013-10-27,M'gladbach,Ein Frankfurt,1.4,1.4,1.8,1.6,1.2,1.0,2,1,1,4,2,0,5,5,2.4,1.6,3.2,1.6,1.2,1.6,4,2,5,5,H
2013-11-01,Dortmund,Stuttgart,2.0,1.4,2.0,2.0,0.8,1.2,3,1,1,4,1,0,5,5,3.0,1.4,3.0,2.2,0.6,1.6,5,2,5,5,H
2013-11-02,Hoffenheim,Bayern Munich,1.0,2.6,2.2,2.6,2.0,0.8,1,4,2,1,2,0,5,5,1.2,2.2,2.2,2.2,2.2,1.0,1,3,5,5,A
2013-11-02,Nurnberg,Freiburg,0.8,0.6,1.2,0.4,2.2,2.0,0,0,4,3,1,2,5,5,1.0,0.4,1.2,1.0,2.2,2.6,1,0,5,5,A
2013-11-02,Hertha,Schalke 04,1.6,1.4,1.6,2.2,1.2,2.6,2,2,2,1,1,2,5,5,2.4,1.4,2.2,1.6,0.6,2.2,4,2,5,5,A
2013-11-02,Ein Frankfurt,Wolfsburg,0.8,1.8,1.2,1.4,1.8,1.0,0,3,4,0,1,2,5,5,0.6,0.6,1.2,0.6,1.6,1.8,0,1,5,5,A
2013-11-02,Braunschweig,Leverkusen,0.6,2.6,1.0,2.2,2.6,0.8,1,4,0,1,4,0,5,5,0.2,2.4,0.6,1.6,2.2,0.8,0,4,5,5,H
2013-11-02,Hamburg,M'gladbach,1.6,2.0,2.6,2.4,1.4,1.0,2,3,2,1,1,1,5,5,0.8,0.2,1.6,1.2,2.2,2.4,1,0,5,5,A
2013-11-03,Augsburg,Mainz,0.2,0.8,1.2,1.4,2.4,2.6,0,1,1,1,4,3,5,5,1.4,0.8,1.4,1.4,2.0,2.8,2,1,5,5,H
2013-11-03,Werder Bremen,Hannover,1.2,0.8,1.2,0.8,1.4,1.8,1,1,3,1,1,3,5,5,1.2,0.0,1.0,0.2,1.4,2.2,1,0,5,5,H
2013-11-08,Hannover,Braunschweig,0.2,1.2,0.8,1.0,2.2,1.8,0,2,1,0,4,3,5,5,2.0,0.6,2.0,0.8,1.6,2.4,3,1,5,5,D
2013-11-09,M'gladbach,Nurnberg,2.0,0.6,2.0,1.0,0.8,2.6,3,0,1,3,1,2,5,5,3.0,0.8,3.4,1.2,0.6,1.6,5,0,5,5,H
2013-11-09,Bayern Munich,Augsburg,2.6,0.8,2.2,1.4,1.0,2.2,4,1,1,1,0,3,5,5,3.0,0.6,2.4,0.8,0.6,1.8,5,1,5,5,H
2013-11-09,Hoffenheim,Hertha,1.0,1.4,2.2,1.4,2.0,1.4,1,2,2,1,2,2,5,5,1.0,0.6,2.0,1.2,2.2,1.8,1,0,5,5,A
2013-11-09,Leverkusen,Hamburg,2.0,1.6,1.4,2.6,0.8,1.4,3,2,1,2,1,1,5,5,2.6,1.4,2.4,2.4,1.0,1.8,4,2,5,5,H
2013-11-09,Schalke 04,Werder Bremen,2.0,1.2,2.6,1.4,1.8,1.8,3,1,1,3,1,1,5,5,1.4,0.8,2.0,0.8,2.2,1.8,2,1,5,5,H
2013-11-09,Wolfsburg,Dortmund,1.8,2.4,1.4,3.0,1.0,0.8,3,4,0,0,2,1,5,5,2.4,2.0,2.2,2.0,0.6,1.0,4,3,5,5,H
2013-11-10,Freiburg,Stuttgart,1.0,1.2,0.8,2.0,1.8,2.2,1,1,2,3,2,1,5,5,0.6,1.4,0.8,2.0,1.6,2.2,0,2,5,5,A
2013-11-10,Mainz,Ein Frankfurt,0.8,0.6,1.4,1.2,2.2,2.0,1,0,1,3,3,2,5,5,1.4,1.6,1.4,1.6,1.4,1.2,2,2,5,5,H
2013-11-22,Stuttgart,M'gladbach,1.2,2.4,1.8,2.2,2.4,0.6,1,4,3,0,1,1,5,5,1.2,0.8,1.8,1.4,1.2,1.8,1,1,5,5,A
2013-11-23,Hertha,Leverkusen,1.4,2.0,1.4,2.0,1.6,1.4,2,3,1,1,2,1,5,5,1.8,1.8,1.0,1.4,0.8,1.0,3,3,5,5,A
2013-11-23,Nurnberg,Wolfsburg,0.4,2.4,0.6,1.8,2.6,1.0,0,4,2,0,3,1,5,5,0.4,1.2,0.6,1.0,2.4,1.6,0,2,5,5,D
2013-11-23,Ein Frankfurt,Schalke 04,0.4,2.4,0.8,2.6,1.8,1.4,0,4,2,0,3,1,5,5,0.4,2.0,1.0,2.0,1.6,1.4,0,3,5,5,D
2013-11-23,Augsburg,Hoffenheim,0.6,0.8,1.0,2.0,2.4,2.0,1,1,0,1,4,3,5,5,2.0,1.4,1.8,2.8,1.4,2.4,3,2,5,5,H
2013-11-23,Braunschweig,Freiburg,1.4,1.0,1.0,1.0,1.0,1.4,2,1,1,2,2,2,5,5,0.8,1.0,0.8,1.4,2.0,2.0,1,1,5,5,A
2013-11-23,Dortmund,Bayern Munich,1.8,2.6,2.2,2.6,1.2,1.0,3,4,0,1,2,0,5,5,3.0,2.2,3.8,1.8,0.6,0.6,5,3,5,5,A
2013-11-24,Hamburg,Hannover,1.4,0.4,2.8,0.8,2.0,1.8,2,0,1,2,2,3,5,5,0.8,0.0,1.6,0.4,2.4,2.2,1,0,5,5,H
2013-11-24,Werder Bremen,Mainz,1.0,1.4,1.0,1.4,1.8,1.6,1,2,2,1,2,2,5,5,1.6,0.6,1.4,1.2,1.6,2.8,2,1,5,5,A
2013-11-29,Wolfsburg,Hamburg,2.6,1.4,2.0,2.4,0.8,2.2,4,2,1,1,0,2,5,5,2.4,1.4,1.8,3.0,0.8,2.6,4,2,5,5,D
2013-11-30,Bayern Munich,Braunschweig,3.0,0.8,3.0,0.6,0.8,1.2,5,1,0,1,0,3,5,5,3.0,0.8,2.6,0.6,0.6,2.0,5,1,5,5,H
2013-11-30,Hertha,Augsburg,1.2,1.2,1.2,1.2,1.6,1.6,2,2,0,0,3,3,5,5,1.2,0.6,0.8,0.8,1.0,2.2,2,1,5,5,D
2013-11-30,Hoffenheim,Werder Bremen,0.6,0.8,1.6,1.2,2.0,2.2,1,1,0,1,4,3,5,5,0.8,0.8,1.8,1.0,2.2,2.2,1,1,5,5,D
2013-11-30,Mainz,Dortmund,1.8,1.8,1.6,2.2,1.6,1.4,3,3,0,0,2,2,5,5,1.4,1.4,1.2,1.4,1.4,1.4,2,2,5,5,A
2013-11-30,Schalke 04,Stuttgart,2.0,1.0,2.4,1.6,1.8,2.6,3,1,1,2,1,2,5,5,1.8,2.0,2.0,2.4,1.8,2.0,3,3,5,5,H
2013-11-30,Leverkusen,Nurnberg,2.4,0.6,2.0,0.8,1.2,1.8,4,0,0,3,1,2,5,5,2.6,0.8,2.6,1.4,1.2,1.8,4,0,5,5,H
2013-12-01,Hannover,Ein Frankfurt,0.2,0.4,0.8,1.2,2.2,2.2,0,0,1,2,4,3,5,5,1.6,1.0,1.6,1.2,1.4,1.4,2,1,5,5,H
2013-12-01,M'gladbach,Freiburg,2.4,1.4,2.2,1.0,0.6,1.2,4,2,0,1,1,2,5,5,3.0,1.4,3.4,1.0,0.8,1.4,5,2,5,5,H
2013-12-06,Nurnberg,Mainz,0.4,1.8,0.6,1.6,2.2,1.4,0,3,2,0,3,2,5,5,0.4,0.6,0.4,1.4,2.2,3.0,0,1,5,5,D
2013-12-07,M'gladbach,Schalke 04,3.0,2.0,2.4,2.4,0.4,1.4,5,3,0,1,0,1,5,5,3.0,2.2,2.8,2.4,0.6,1.6,5,3,5,5,H
2013-12-07,Stuttgart,Hannover,0.8,0.8,1.0,1.2,2.6,2.0,1,1,1,1,3,3,5,5,1.2,0.0,1.8,0.6,1.4,2.2,1,0,5,5,H
2013-12-07,Werder Bremen,Bayern Munich,0.8,3.0,2.0,2.6,3.0,0.6,1,5,1,0,3,0,5,5,1.0,2.2,1.6,2.2,2.2,0.6,1,3,5,5,A
2013-12-07,Hamburg,Augsburg,1.4,1.4,2.0,1.0,1.8,1.2,2,2,1,1,2,2,5,5,1.4,0.2,2.0,0.6,1.6,2.2,2,0,5,5,A
2013-12-07,Dortmund,Leverkusen,1.8,2.4,2.6,2.2,1.6,1.0,3,4,0,0,2,1,5,5,2.4,1.8,3.6,1.4,1.2,1.0,4,3,5,5,A
2013-12-07,Ein Frankfurt,Hoffenheim,0.2,0.8,1.0,2.2,2.4,2.4,0,1,1,1,4,3,5,5,0.6,0.8,1.6,1.8,2.0,2.6,0,1,5,5,A
2013-12-08,Braunschweig,Hertha,0.8,0.8,0.2,1.0,1.0,1.6,1,1,1,1,3,3,5,5,0.8,1.0,0.8,1.4,1.8,1.8,1,1,5,5,A
2013-12-08,Freiburg,Wolfsburg,1.2,2.2,1.0,1.8,1.4,0.8,2,3,0,2,3,0,5,5,0.6,1.4,0.8,1.2,1.8,1.4,0,2,5,5,A
2013-12-13,Hertha,Werder Bremen,1.4,0.8,1.0,2.0,1.0,3.8,2,1,1,1,2,3,5,5,1.4,1.0,0.8,1.6,0.8,2.2,2,1,5,5,H
2013-12-14,Augsburg,Braunschweig,2.0,0.8,1.0,0.2,0.8,1.0,3,1,1,1,1,3,5,5,2.0,0.8,1.8,0.6,1.2,1.6,3,1,5,5,H
2013-12-14,Bayern Munich,Hamburg,3.0,0.8,3.4,1.4,0.2,2.0,5,1,0,1,0,3,5,5,3.0,1.6,2.6,2.8,0.6,1.6,5,2,5,5,H
2013-12-14,Hannover,Nurnberg,0.8,0.4,1.4,0.6,2.0,2.2,1,0,1,2,3,3,5,5,1.6,0.6,1.2,1.2,1.2,2.2,2,0,5,5,D
2013-12-14,Hoffenheim,Dortmund,0.8,1.2,1.8,2.0,2.4,1.6,1,2,1,0,3,3,5,5,0.4,1.4,2.2,1.6,2.8,1.4,0,2,5,5,D
2013-12-14,Mainz,M'gladbach,1.4,3.0,1.4,2.0,1.6,0.4,2,5,1,0,2,0,5,5,1.4,1.4,1.4,1.4,1.8,1.0,2,2,5,5,D
2013-12-14,Wolfsburg,Stuttgart,2.2,1.2,1.8,1.6,0.8,2.8,3,2,2,0,0,3,5,5,2.0,1.4,1.6,2.2,1.0,2.6,3,2,5,5,H
2013-12-15,Leverkusen,Ein Frankfurt,2.4,0.2,2.0,1.0,0.8,2.0,4,0,0,1,1,4,5,5,2.6,0.4,2.6,0.6,1.0,1.8,4,0,5,5,A
2013-12-15,Schalke 04,Freiburg,2.0,1.2,2.4,1.0,1.2,1.4,3,2,1,0,1,3,5,5,1.8,1.4,2.2,0.8,1.8,1.2,3,2,5,5,H
2013-12-20,Ein Frankfurt,Augsburg,0.8,2.0,1.0,1.4,1.6,0.8,1,3,1,1,3,1,5,5,0.6,0.8,1.6,0.6,2.0,1.8,0,1,5,5,D
2013-12-21,Nurnberg,Schalke 04,0.6,2.0,1.2,2.4,2.2,1.2,0,3,3,1,2,1,5,5,0.6,1.6,0.6,2.4,2.2,2.0,0,2,5,5,D
2013-12-21,Werder Bremen,Leverkusen,0.2,2.4,1.8,2.0,4.0,0.8,0,4,1,0,4,1,5,5,1.0,2.4,1.6,1.6,3.0,0.6,1,4,5,5,H
2013-12-21,Hamburg,Mainz,0.8,1.6,1.6,1.2,2.2,1.2,1,2,1,2,3,1,5,5,0.8,0.8,1.2,1.4,1.8,2.4,1,1,5,5,A
2013-12-21,Dortmund,Hertha,0.8,2.0,1.2,1.6,1.8,1.0,1,3,1,1,3,1,5,5,1.8,1.6,2.4,1.8,1.0,1.4,3,2,5,5,A
2013-12-21,Braunschweig,Hoffenheim,0.2,1.0,0.2,2.0,1.8,2.4,0,1,1,2,4,2,5,5,0.6,1.4,0.6,1.8,2.0,1.6,1,2,5,5,H
2013-12-21,Freiburg,Hannover,0.6,1.0,0.4,1.6,1.8,2.0,1,1,0,2,4,2,5,5,0.4,0.0,0.6,1.0,2.2,2.6,0,0,5,5,H
2013-12-22,M'gladbach,Wolfsburg,2.6,2.2,1.6,2.0,0.4,0.8,4,3,1,2,0,0,5,5,3.0,2.0,2.4,1.6,0.6,0.8,5,3,5,5,D
2014-01-24,M'gladbach,Bayern Munich,2.2,3.0,1.4,3.6,0.6,0.2,3,5,2,0,0,0,5,5,2.6,2.6,2.4,3.4,1.0,0.4,4,4,5,5,A
2014-01-25,Wolfsburg,Hannover,1.8,0.8,2.0,1.8,1.0,2.4,2,1,3,1,0,3,5,5,2.0,0.0,1.8,1.2,1.0,2.6,3,0,5,5,A
2014-01-25,Stuttgart,Mainz,1.2,1.6,1.6,1.6,2.2,1.6,2,2,0,2,3,1,5,5,1.2,1.4,1.4,1.8,1.4,2.2,1,2,5,5,A
2014-01-25,Nurnberg,Hoffenheim,0.8,1.0,1.0,1.6,1.6,2.0,0,1,4,2,1,2,5,5,0.6,1.4,0.4,1.6,2.0,1.4,0,2,5,5,H
2014-01-25,Ein Frankfurt,Hertha,1.0,2.0,1.2,1.4,1.6,0.8,1,3,2,1,2,1,5,5,0.6,2.0,1.4,2.0,1.8,1.4,0,3,5,5,H
2014-01-25,Dortmund,Augsburg,0.8,2.2,1.2,1.6,1.8,0.4,1,3,1,2,3,0,5,5,1.2,1.0,1.6,0.6,1.4,1.2,2,1,5,5,D
2014-01-25,Freiburg,Leverkusen,1.2,1.8,0.6,1.0,1.4,0.4,2,3,0,0,3,2,5,5,0.8,1.8,0.8,0.8,2.2,0.6,1,3,5,5,H
2014-01-26,Hamburg,Schalke 04,0.8,1.6,1.4,1.8,1.8,1.0,1,2,1,2,3,1,5,5,0.8,1.6,1.6,1.8,2.0,1.4,1,2,5,5,A
2014-01-26,Werder Bremen,Braunschweig,0.8,0.6,1.8,0.4,3.4,1.8,1,1,1,0,3,4,5,5,1.4,0.8,1.2,0.6,2.4,1.6,2,1,5,5,D
2014-01-29,Stuttgart,Bayern Munich,0.6,3.0,1.2,3.4,2.4,0.2,1,5,0,0,4,0,5,5,1.0,2.6,1.4,3.0,1.6,0.4,1,4,5,5,A
2014-01-31,Braunschweig,Dortmund,0.8,1.0,0.4,1.6,1.6,1.6,1,1,1,2,3,2,5,5,1.2,1.4,0.8,1.8,1.2,1.6,2,2,5,5,A
2014-02-01,Mainz,Freiburg,1.6,1.2,1.4,1.0,1.4,1.8,2,2,2,0,1,3,5,5,1.6,1.4,1.2,0.8,1.0,0.6,2,2,5,5,H
2014-02-01,Schalke 04,Wolfsburg,2.0,1.6,1.8,2.0,0.4,1.4,3,2,1,2,1,1,5,5,2.4,2.2,2.6,2.0,1.0,1.0,4,3,5,5,H
2014-02-01,Leverkusen,Stuttgart,1.2,0.6,1.2,1.4,1.0,2.4,2,1,0,0,3,4,5,5,2.0,0.8,2.2,1.6,1.2,3.2,3,1,5,5,H
2014-02-01,Hoffenheim,Hamburg,1.0,0.2,1.6,0.8,2.4,2.2,1,0,2,1,2,4,5,5,0.4,1.4,2.0,2.6,2.6,1.8,0,2,5,5,H
2014-02-01,Hannover,M'gladbach,1.4,1.6,2.2,1.0,2.0,1.0,2,2,1,2,2,1,5,5,1.2,1.6,1.4,1.2,1.6,0.6,1,2,5,5,H
2014-02-01,Augsburg,Werder Bremen,1.8,1.0,1.6,1.4,0.8,2.8,2,1,3,2,0,2,5,5,2.0,0.4,2.2,1.6,1.2,2.8,3,0,5,5,H
2014-02-02,Bayern Munich,Ein Frankfurt,3.0,1.4,3.2,0.8,0.4,1.0,5,2,0,1,0,2,5,5,3.0,0.8,3.0,0.6,0.8,1.6,5,1,5,5,H
2014-02-02,Hertha,Nurnberg,2.0,1.2,1.4,1.6,0.8,1.4,3,1,1,3,1,1,5,5,1.4,0.6,0.8,1.2,1.0,2.2,2,0,5,5,A
2014-02-07,M'gladbach,Leverkusen,1.0,1.2,1.0,1.0,1.6,1.2,1,2,2,0,2,3,5,5,2.0,1.2,1.6,0.8,1.2,1.0,3,2,5,5,A
2014-02-08,Ein Frankfurt,Braunschweig,1.4,0.8,0.8,0.6,1.6,1.6,2,1,1,1,2,3,5,5,1.0,0.4,1.4,0.2,1.6,1.6,1,0,5,5,H
2014-02-08,Freiburg,Hoffenheim,1.2,1.4,1.0,1.4,2.0,1.6,2,2,0,1,3,2,5,5,1.2,1.2,1.2,1.2,2.4,1.8,2,2,5,5,D
2014-02-08,Hamburg,Hertha,0.0,1.8,0.6,1.6,2.6,1.4,0,3,0,0,5,2,5,5,0.6,1.8,1.0,1.8,2.0,1.4,1,3,5,5,A
2014-02-08,Nurnberg,Bayern Munich,1.8,3.0,2.2,3.8,1.0,0.4,2,5,3,0,0,0,5,5,1.2,3.0,1.2,3.2,1.0,0.4,1,5,5,5,A
2014-02-08,Werder Bremen,Dortmund,0.8,1.0,0.8,1.4,2.6,1.6,1,1,1,2,3,2,5,5,1.4,2.0,1.2,2.2,2.4,1.4,2,3,5,5,A
2014-02-08,Wolfsburg,Mainz,1.4,2.2,2.0,1.6,1.6,0.8,2,3,1,2,2,0,5,5,2.0,2.0,2.0,2.0,1.2,1.6,3,3,5,5,H
2014-02-09,Schalke 04,Hannover,2.0,1.4,1.6,2.4,0.6,2.2,3,2,1,1,1,2,5,5,2.4,0.6,2.2,1.8,1.0,2.6,4,1,5,5,H
2014-02-09,Stuttgart,Augsburg,0.6,2.2,1.6,2.2,2.2,1.0,1,3,0,2,4,0,5,5,0.8,1.2,1.4,0.8,1.8,1.2,1,1,5,5,A
2014-02-14,Mainz,Hannover,2.0,1.4,1.4,2.0,1.2,1.8,3,2,1,1,1,2,5,5,2.0,0.6,1.2,1.4,0.6,2.4,3,1,5,5,H
2014-02-15,Werder Bremen,M'gladbach,0.8,0.4,1.0,0.6,2.2,1.6,1,0,1,2,3,3,5,5,0.8,1.4,0.8,1.0,3.0,0.8,1,2,5,5,D
2014-02-15,Hoffenheim,Stuttgart,1.0,0.0,1.2,1.0,1.6,2.6,1,0,2,0,2,5,5,5,1.0,0.6,2.4,1.2,2.2,3.0,1,1,5,5,H
2014-02-15,Leverkusen,Schalke 04,1.2,2.6,1.0,1.8,1.2,0.2,2,4,0,1,3,0,5,5,2.4,1.6,2.4,1.8,1.2,1.0,4,2,5,5,A
2014-02-15,Braunschweig,Hamburg,0.8,0.0,0.6,0.6,1.8,3.0,1,0,1,0,3,5,5,5,1.2,0.8,0.6,1.6,1.0,2.4,2,1,5,5,H
2014-02-15,Bayern Munich,Freiburg,3.0,1.4,2.8,1.2,0.4,1.6,5,2,0,1,0,2,5,5,3.0,1.2,3.2,0.8,0.6,1.0,5,2,5,5,H
2014-02-15,Dortmund,Ein Frankfurt,1.6,2.0,2.4,1.2,1.6,1.2,2,3,2,1,1,1,5,5,0.8,0.6,1.8,0.4,1.8,2.4,1,1,5,5,H
2014-02-16,Augsburg,Nurnberg,2.2,1.6,2.8,2.0,1.2,1.2,3,2,2,2,0,1,5,5,2.4,1.0,2.4,1.6,1.0,2.2,4,1,5,5,A
2014-02-16,Hertha,Wolfsburg,1.8,1.4,1.8,2.0,1.4,1.6,3,2,0,1,2,2,5,5,0.8,1.6,0.8,1.8,1.6,1.2,1,2,5,5,A
2014-02-21,Schalke 04,Mainz,2.6,2.4,1.8,1.8,0.4,1.2,4,4,1,0,0,1,5,5,3.0,2.0,2.4,1.8,0.4,1.8,5,3,5,5,D
2014-02-22,Wolfsburg,Leverkusen,1.4,1.2,1.8,1.2,1.6,1.4,2,2,1,0,2,3,5,5,2.0,1.8,2.0,1.0,1.2,0.8,3,3,5,5,H
2014-02-22,Stuttgart,Hertha,0.0,1.2,1.0,1.4,2.8,1.4,0,2,0,0,5,3,5,5,0.6,2.4,1.4,2.0,2.4,0.8,1,4,5,5,A
2014-02-22,Nurnberg,Braunschweig,2.0,1.4,1.6,1.2,0.6,1.4,3,2,1,1,1,2,5,5,1.2,0.4,1.2,0.2,0.8,1.8,1,0,5,5,H
2014-02-22,M'gladbach,Hoffenheim,0.4,1.4,0.8,1.6,1.8,1.4,0,2,2,1,3,2,5,5,1.4,0.8,1.0,0.6,1.2,1.8,2,1,5,5,D
2014-02-22,Freiburg,Augsburg,1.4,1.6,1.2,2.0,2.0,1.2,2,2,1,2,2,1,5,5,1.4,1.8,1.4,1.6,2.0,0.8,2,2,5,5,A
2014-02-22,Hamburg,Dortmund,0.0,2.0,0.8,2.8,3.2,1.2,0,3,0,1,5,1,5,5,0.6,2.0,1.0,2.6,2.2,1.4,1,3,5,5,H
2014-02-23,Ein Frankfurt,Werder Bremen,1.4,1.0,1.0,0.8,2.0,1.8,2,1,1,2,2,2,5,5,1.6,0.2,1.8,1.6,1.2,3.2,2,0,5,5,D
2014-02-23,Hannover,Bayern Munich,1.2,3.0,1.4,3.0,1.6,0.2,2,5,0,0,3,0,5,5,1.6,3.0,1.8,3.2,1.6,0.2,2,5,5,5,A
2014-02-28,Hertha,Freiburg,1.2,0.8,1.4,1.2,1.4,2.6,2,1,0,1,3,3,5,5,0.8,0.6,1.0,0.2,1.6,1.8,1,1,5,5,D
2014-03-01,Werder Bremen,Hamburg,0.6,0.6,0.6,1.0,1.8,2.6,0,1,3,0,2,4,5,5,1.0,0.2,0.6,1.4,2.6,3.2,1,0,5,5,H
2014-03-01,Dortmund,Nurnberg,2.0,2.4,2.6,2.0,1.4,0.8,3,4,1,0,1,1,5,5,0.8,1.4,1.4,1.6,1.6,2.0,1,2,5,5,H
2014-03-01,Leverkusen,Mainz,1.2,2.0,1.4,1.2,1.8,0.8,2,3,0,1,3,1,5,5,1.8,1.6,2.2,1.2,1.4,1.4,3,2,5,5,A
2014-03-01,Bayern Munich,Schalke 04,3.0,2.6,3.4,1.8,0.2,0.4,5,4,0,1,0,0,5,5,3.0,1.6,3.4,1.8,0.2,1.2,5,2,5,5,H
2014-03-01,Augsburg,Hannover,2.0,1.2,2.6,1.2,1.4,2.0,3,2,1,0,1,3,5,5,2.4,0.6,2.2,1.2,0.8,2.2,4,1,5,5,D
2014-03-01,Braunschweig,M'gladbach,0.8,0.4,1.2,0.8,1.8,1.8,1,0,1,2,3,3,5,5,1.2,1.6,1.2,1.2,1.4,0.8,2,2,5,5,D
2014-03-02,Ein Frankfurt,Stuttgart,1.4,0.0,0.8,1.0,1.8,2.8,2,0,1,0,2,5,5,5,1.6,0.6,1.2,1.2,0.6,2.6,2,1,5,5,H
2014-03-02,Hoffenheim,Wolfsburg,1.6,1.8,2.0,2.0,1.6,1.4,2,3,2,0,1,2,5,5,1.6,1.6,3.0,1.8,2.0,1.2,2,2,5,5,H
2014-03-08,Wolfsburg,Bayern Munich,1.8,3.0,2.2,4.0,2.0,0.2,3,5,0,0,2,0,5,5,2.0,3.0,2.2,3.4,1.2,0.2,3,5,5,5,A
2014-03-08,Schalke 04,Hoffenheim,2.0,2.2,1.4,3.2,1.4,1.2,3,3,1,2,1,0,5,5,2.6,1.0,1.8,1.0,0.2,1.8,4,1,5,5,H
2014-03-08,Nurnberg,Werder Bremen,1.8,1.0,1.2,0.8,1.4,1.8,3,1,0,2,2,2,5,5,1.6,0.4,1.4,1.6,0.8,2.6,2,0,5,5,A
2014-03-08,Stuttgart,Braunschweig,0.0,0.8,1.0,1.4,2.8,2.0,0,1,0,1,5,3,5,5,0.6,0.2,1.6,0.4,2.4,2.2,1,0,5,5,D
2014-03-08,Hannover,Leverkusen,0.8,1.2,0.8,1.0,2.0,1.4,1,2,1,0,3,3,5,5,1.6,1.2,1.6,1.0,1.6,1.4,2,2,5,5,D
2014-03-08,Hamburg,Ein Frankfurt,0.6,1.4,1.0,1.0,2.2,2.0,1,2,0,1,4,2,5,5,0.6,0.6,1.0,0.2,2.0,2.4,1,1,5,5,D
2014-03-08,M'gladbach,Augsburg,0.6,2.0,1.0,2.4,1.6,1.2,0,3,3,1,2,1,5,5,1.0,2.2,1.2,2.4,1.6,1.2,1,3,5,5,A
2014-03-09,Freiburg,Dortmund,0.4,2.4,0.6,2.8,2.2,1.0,0,4,2,0,3,1,5,5,1.4,2.0,1.6,2.4,2.2,1.6,2,3,5,5,A
2014-03-09,Mainz,Hertha,2.0,1.4,1.0,1.4,0.6,1.2,3,2,1,1,1,2,5,5,2.0,2.4,1.2,1.8,0.6,0.6,3,4,5,5,D
2014-03-14,Augsburg,Schalke 04,2.0,2.0,2.2,1.8,1.2,1.2,3,3,1,1,1,1,5,5,2.0,1.4,2.0,1.4,0.8,1.6,3,2,5,5,A
2014-03-15,Hoffenheim,Mainz,1.6,1.6,2.6,0.8,2.0,0.8,2,2,2,2,1,1,5,5,2.2,2.0,3.8,1.2,1.8,1.2,3,3,5,5,A
2014-03-15,Bayern Munich,Leverkusen,3.0,0.8,4.2,0.8,0.4,1.4,5,1,0,1,0,3,5,5,3.0,0.8,3.8,1.0,0.4,1.6,5,1,5,5,H
2014-03-15,Braunschweig,Wolfsburg,1.0,1.8,1.6,2.2,2.0,2.8,1,3,2,0,2,2,5,5,1.4,1.4,1.4,2.0,1.4,2.2,2,2,5,5,D
2014-03-15,Dortmund,M'gladbach,2.4,0.6,2.6,1.0,0.8,1.4,4,0,0,3,1,2,5,5,1.4,1.2,2.0,1.0,1.0,1.0,2,1,5,5,A
2014-03-15,Hertha,Hannover,1.6,0.4,1.4,0.4,0.8,2.0,2,0,2,2,1,3,5,5,1.0,0.8,1.0,1.0,1.4,1.6,1,1,5,5,A
2014-03-15,Werder Bremen,Stuttgart,1.6,0.2,1.0,1.2,1.2,2.8,2,0,2,1,1,4,5,5,1.6,0.0,0.8,0.8,1.2,2.8,2,0,5,5,D
2014-03-16,Hamburg,Nurnberg,0.8,1.2,1.2,0.6,1.8,1.6,1,2,1,0,3,3,5,5,0.8,1.4,1.2,1.4,2.0,2.0,1,2,5,5,H
2014-03-16,Ein Frankfurt,Freiburg,1.6,0.4,1.2,0.6,1.2,2.0,2,0,2,2,1,3,5,5,2.2,0.2,1.4,0.0,0.4,1.8,3,0,5,5,A
2014-03-21,Freiburg,Werder Bremen,0.8,1.8,1.2,1.0,2.0,0.4,1,2,1,3,3,0,5,5,1.4,1.0,1.6,1.8,1.8,2.0,2,1,5,5,H
2014-03-22,Hannover,Dortmund,1.0,1.8,1.0,1.8,1.6,1.0,1,3,2,0,2,2,5,5,1.6,2.0,1.8,2.0,1.8,1.4,2,3,5,5,A
2014-03-22,Mainz,Bayern Munich,2.2,3.0,1.6,4.2,0.6,0.6,3,5,2,0,0,0,5,5,1.6,3.0,1.2,3.2,0.8,0.4,2,5,5,5,A
2014-03-22,M'gladbach,Hertha,1.2,1.0,1.4,0.8,1.4,1.4,1,1,3,2,1,2,5,5,0.4,2.0,1.0,1.6,1.8,0.8,0,3,5,5,H
2014-03-22,Schalke 04,Braunschweig,2.0,1.2,1.8,1.8,1.4,1.6,3,1,1,3,1,1,5,5,2.6,0.4,2.0,0.8,0.2,2.2,4,0,5,5,H
2014-03-22,Stuttgart,Hamburg,0.4,1.4,1.2,1.6,2.2,1.4,0,2,2,1,3,2,5,5,0.2,0.2,1.2,0.8,2.4,2.4,0,0,5,5,H
2014-03-22,Wolfsburg,Augsburg,1.4,1.4,1.8,1.6,3.0,1.4,2,2,1,1,2,2,5,5,1.8,2.2,2.2,2.6,2.2,1.4,3,3,5,5,D
2014-03-23,Leverkusen,Hoffenheim,0.2,1.4,0.8,2.8,1.8,2.6,0,2,1,1,4,2,5,5,1.2,0.4,1.2,0.6,1.0,2.4,2,0,5,5,A
2014-03-23,Nurnberg,Ein Frankfurt,1.2,1.0,0.8,0.8,1.6,2.0,2,1,0,2,3,2,5,5,1.4,0.8,1.2,0.4,1.0,2.4,2,1,5,5,A
2014-03-25,Dortmund,Schalke 04,1.8,2.0,1.6,2.0,1.0,1.4,3,3,0,1,2,1,5,5,1.4,2.0,2.2,1.6,1.2,1.4,2,3,5,5,D
2014-03-25,Braunschweig,Mainz,0.6,1.6,1.2,1.2,1.8,1.0,0,2,3,2,2,1,5,5,1.6,2.0,1.6,1.4,1.2,1.2,2,3,5,5,H
2014-03-25,Hertha,Bayern Munich,1.0,3.0,0.6,3.8,1.6,0.6,1,5,2,0,2,0,5,5,0.8,3.0,1.0,3.2,2.0,0.4,1,5,5,5,A
2014-03-25,Werder Bremen,Wolfsburg,1.6,1.0,1.0,1.6,0.8,3.0,2,1,2,2,1,2,5,5,1.2,1.0,0.8,1.6,1.4,2.4,1,1,5,5,A
2014-03-26,Nurnberg,Stuttgart,0.6,1.0,1.0,1.2,2.6,1.4,1,1,0,2,4,2,5,5,1.2,0.2,1.6,1.0,2.0,2.4,2,0,5,5,H
2014-03-26,Hamburg,Freiburg,1.4,1.4,1.2,1.8,0.8,1.4,2,2,1,1,2,2,5,5,1.4,0.8,1.2,0.8,1.6,1.8,2,1,5,5,D
2014-03-26,Hoffenheim,Hannover,1.4,1.0,2.6,1.0,2.8,1.8,2,1,1,2,2,2,5,5,2.0,1.4,3.4,1.4,1.8,1.2,3,2,5,5,H
2014-03-26,Augsburg,Leverkusen,1.6,0.2,1.8,1.0,1.4,2.0,2,0,2,1,1,4,5,5,1.4,0.8,1.8,1.2,1.2,1.8,2,1,5,5,A
2014-03-26,Ein Frankfurt,M'gladbach,1.6,1.6,1.8,1.8,1.6,1.2,2,2,2,2,1,1,5,5,2.0,1.2,1.4,1.0,1.0,1.2,3,1,5,5,H
2014-03-28,Schalke 04,Hertha,2.0,0.4,2.0,0.4,1.4,2.0,3,0,1,2,1,3,5,5,2.6,1.4,2.2,1.2,0.4,1.2,4,2,5,5,H
2014-03-29,Wolfsburg,Ein Frankfurt,1.0,2.0,1.6,2.0,3.0,1.6,1,3,2,1,2,1,5,5,1.4,1.4,1.8,1.4,2.2,2.4,2,2,5,5,H
2014-03-29,Stuttgart,Dortmund,1.0,2.0,1.0,1.6,1.4,0.4,1,3,2,1,2,1,5,5,0.8,2.4,1.2,2.2,2.0,1.0,1,4,5,5,A
2014-03-29,Mainz,Augsburg,1.4,1.0,1.4,1.2,1.6,1.6,2,1,1,2,2,2,5,5,1.6,2.2,1.0,2.6,0.6,1.4,2,3,5,5,H
2014-03-29,Bayern Munich,Hoffenheim,3.0,1.8,3.6,2.8,0.8,2.6,5,3,0,0,0,2,5,5,3.0,1.0,3.8,1.2,0.6,2.6,5,1,5,5,D
2014-03-29,Freiburg,Nurnberg,1.6,0.6,1.6,1.0,0.8,2.4,2,1,2,0,1,4,5,5,1.4,1.4,1.8,1.6,1.8,1.8,2,2,5,5,H
2014-03-29,Leverkusen,Braunschweig,0.8,1.2,1.4,1.6,1.6,1.6,1,1,1,3,3,1,5,5,0.6,0.4,1.0,0.8,1.6,2.0,1,0,5,5,D
2014-03-30,Hannover,Werder Bremen,1.0,1.4,1.2,1.2,1.6,1.4,1,2,2,1,2,2,5,5,1.0,0.8,1.4,1.2,2.4,1.8,1,1,5,5,A
2014-03-30,M'gladbach,Hamburg,1.4,1.0,1.4,0.8,1.0,1.0,2,1,1,2,2,2,5,5,0.8,0.0,1.2,0.6,1.4,2.4,1,0,5,5,H
2014-04-04,Hamburg,Leverkusen,1.0,1.0,1.0,1.6,1.4,1.6,1,1,2,2,2,2,5,5,1.6,1.4,1.4,1.4,1.2,1.4,2,2,5,5,H
2014-04-05,Stuttgart,Freiburg,1.0,2.0,1.2,2.2,1.6,1.2,1,3,2,1,2,1,5,5,0.8,1.0,1.4,1.0,2.2,1.6,1,1,5,5,H
2014-04-05,Augsburg,Bayern Munich,0.8,2.6,1.0,3.2,2.0,1.2,1,4,1,1,3,0,5,5,0.8,3.0,1.2,3.4,1.6,0.4,1,5,5,5,H
2014-04-05,Dortmund,Wolfsburg,2.0,1.6,1.6,1.6,0.8,2.0,3,2,1,2,1,1,5,5,1.6,1.4,2.0,1.8,0.8,2.2,2,2,5,5,H
2014-04-05,Ein Frankfurt,Mainz,1.4,1.4,1.8,1.8,1.8,1.6,2,2,1,1,2,2,5,5,2.0,1.4,1.4,1.2,1.0,1.6,3,2,5,5,H
2014-04-05,Nurnberg,M'gladbach,0.6,1.8,1.4,1.8,2.4,1.0,1,3,0,0,4,2,5,5,1.2,1.0,1.2,1.0,2.0,1.4,2,1,5,5,A
2014-04-05,Werder Bremen,Schalke 04,1.4,2.6,1.4,2.2,1.6,0.4,2,4,1,1,2,0,5,5,1.0,2.0,1.0,1.6,2.0,1.4,1,3,5,5,D
2014-04-06,Hertha,Hoffenheim,0.2,1.4,0.4,2.2,2.4,2.8,0,2,1,1,4,2,5,5,0.2,1.2,0.6,1.8,2.2,2.4,0,1,5,5,D
2014-04-06,Braunschweig,Hannover,1.2,0.8,1.6,1.2,1.6,1.8,1,1,3,1,1,3,5,5,1.6,0.8,2.0,1.0,1.4,1.6,2,1,5,5,H
2014-04-11,Schalke 04,Ein Frankfurt,2.2,1.8,1.6,2.0,0.6,1.6,3,3,2,0,0,2,5,5,2.6,0.8,2.2,1.4,0.2,2.8,4,1,5,5,H
2014-04-12,Wolfsburg,Nurnberg,1.6,0.6,1.6,1.4,1.2,2.4,2,1,2,0,1,4,5,5,2.0,1.2,2.0,1.4,1.8,1.8,3,2,5,5,H
2014-04-12,M'gladbach,Stuttgart,2.4,1.4,2.0,1.2,0.6,1.2,4,2,0,1,1,2,5,5,1.4,0.2,1.8,0.8,1.2,2.2,2,0,5,5,D
2014-04-12,Mainz,Werder Bremen,1.2,1.0,1.6,1.2,1.8,1.8,2,1,0,2,3,2,5,5,2.0,1.4,1.6,1.2,0.6,1.4,3,2,5,5,H
2014-04-12,Bayern Munich,Dortmund,2.0,2.0,2.0,1.8,1.2,1.0,3,3,1,1,1,1,5,5,2.6,2.4,3.8,2.4,1.0,1.2,4,4,5,5,A
2014-04-12,Freiburg,Braunschweig,2.0,1.6,2.2,1.8,1.4,1.2,3,2,1,2,1,1,5,5,1.4,0.4,1.8,1.0,1.8,2.2,2,0,5,5,H
2014-04-12,Hannover,Hamburg,0.6,1.4,1.0,1.2,2.2,1.4,1,2,0,1,4,2,5,5,0.8,0.0,1.0,0.6,2.2,2.4,1,0,5,5,H
2014-04-13,Hoffenheim,Augsburg,1.6,0.8,2.4,0.8,2.2,1.8,2,1,2,1,1,3,5,5,2.4,2.0,3.6,2.2,1.6,1.6,4,3,5,5,H
2014-04-13,Leverkusen,Hertha,0.8,0.2,1.6,0.4,1.8,2.4,1,0,1,1,3,4,5,5,0.8,1.4,1.2,1.2,1.6,1.4,1,2,5,5,H
2014-04-17,Ein Frankfurt,Hannover,1.8,0.6,1.8,0.8,1.2,2.4,3,1,0,0,2,4,5,5,2.0,0.8,1.2,1.0,1.0,1.8,3,1,5,5,A
2014-04-19,Werder Bremen,Hoffenheim,0.8,2.2,1.0,2.4,2.2,1.4,1,3,1,2,3,0,5,5,1.2,1.2,1.0,1.8,1.2,2.4,1,1,5,5,H
2014-04-19,Hamburg,Wolfsburg,0.8,2.0,1.0,2.2,1.6,1.2,1,3,1,1,3,1,5,5,2.2,1.4,1.8,1.8,0.8,2.2,3,2,5,5,A
2014-04-19,Freiburg,M'gladbach,2.0,2.0,1.8,1.8,1.2,0.6,3,3,1,1,1,1,5,5,1.8,1.6,2.0,1.2,1.6,0.8,3,2,5,5,H
2014-04-19,Braunschweig,Bayern Munich,1.4,1.4,1.6,1.6,1.4,1.6,2,2,1,1,2,2,5,5,2.2,2.4,2.4,3.0,1.0,0.6,3,4,5,5,A
2014-04-19,Augsburg,Hertha,0.8,0.2,0.6,0.6,1.8,2.2,1,0,1,1,3,4,5,5,0.8,0.8,0.8,0.8,1.4,1.8,1,1,5,5,D
2014-04-19,Dortmund,Mainz,2.6,1.2,2.2,1.4,0.6,1.4,4,2,1,0,0,3,5,5,2.0,1.4,2.0,1.2,0.6,1.4,3,2,5,5,H
2014-04-20,Nurnberg,Leverkusen,0.6,1.4,1.4,1.8,2.8,1.6,1,2,0,1,4,2,5,5,1.2,0.8,1.2,1.4,2.0,1.8,2,1,5,5,A
2014-04-20,Stuttgart,Schalke 04,1.4,2.2,1.2,1.6,1.2,0.4,2,3,1,2,2,0,5,5,1.4,1.6,1.6,1.2,1.4,1.6,2,2,5,5,H
2014-04-25,Hannover,Stuttgart,1.2,1.4,1.4,1.6,2.2,1.4,2,2,0,1,3,2,5,5,0.8,0.4,0.8,0.8,2.2,2.0,1,0,5,5,D
2014-04-26,Wolfsburg,Freiburg,2.4,2.0,2.6,2.0,1.2,1.4,4,3,0,1,1,1,5,5,2.0,1.0,2.2,1.0,2.0,1.6,3,1,5,5,D
2014-04-26,Mainz,Nurnberg,1.2,0.6,1.8,1.2,1.8,2.6,2,1,0,0,3,4,5,5,2.0,0.6,1.8,1.0,0.6,2.4,3,1,5,5,H
2014-04-26,Leverkusen,Dortmund,2.0,2.6,2.2,2.4,1.2,1.0,3,4,1,1,1,0,5,5,0.8,2.4,1.2,2.0,1.6,1.0,1,4,5,5,D
2014-04-26,Hertha,Braunschweig,0.4,1.4,0.6,1.4,1.6,1.2,0,2,2,1,3,2,5,5,0.4,0.4,0.6,1.0,1.8,2.0,0,0,5,5,H
2014-04-26,Bayern Munich,Werder Bremen,1.4,1.4,1.6,1.4,1.6,1.8,2,2,1,1,2,2,5,5,2.0,1.4,2.8,1.0,1.6,1.4,3,2,5,5,H
2014-04-26,Hoffenheim,Ein Frankfurt,1.6,1.2,2.0,1.2,1.6,1.4,2,2,2,0,1,3,5,5,2.4,0.8,3.4,1.4,1.6,2.2,4,1,5,5,D
2014-04-27,Augsburg,Hamburg,0.8,0.8,0.4,1.2,1.6,2.0,1,1,1,1,3,3,5,5,1.0,0.0,0.8,0.8,1.2,2.2,1,0,5,5,H
2014-04-27,Schalke 04,M'gladbach,1.6,1.4,1.2,1.6,0.8,1.4,2,2,2,1,1,2,5,5,2.6,1.4,2.2,1.4,0.2,1.4,4,2,5,5,A
2014-05-03,Werder Bremen,Hertha,1.4,1.0,1.6,0.8,2.2,1.0,2,1,1,2,2,2,5,5,1.6,0.4,1.4,0.4,1.2,1.6,2,0,5,5,H
2014-05-03,Braunschweig,Augsburg,0.8,1.4,0.8,0.8,1.4,1.2,1,2,1,1,3,2,5,5,1.6,1.4,1.6,1.4,1.0,1.8,2,2,5,5,A
2014-05-03,Dortmund,Hoffenheim,2.6,1.2,2.8,1.4,1.4,1.4,4,1,1,3,0,1,5,5,2.0,1.0,2.0,1.6,1.0,2.6,3,1,5,5,H
2014-05-03,Ein Frankfurt,Leverkusen,0.8,1.6,1.0,2.0,1.4,1.4,1,2,1,2,3,1,5,5,1.8,1.4,1.6,2.0,1.6,1.4,3,2,5,5,A
2014-05-03,Freiburg,Schalke 04,2.0,1.4,2.2,1.2,1.6,1.0,3,2,1,1,1,2,5,5,2.4,1.0,2.4,1.0,1.2,2.0,4,1,5,5,A
2014-05-03,Hamburg,Bayern Munich,0.6,1.4,1.2,2.0,2.4,1.8,1,2,0,1,4,2,5,5,1.6,2.4,1.4,2.6,1.4,0.6,2,4,5,5,A
2014-05-03,M'gladbach,Mainz,2.0,1.8,1.8,2.0,1.2,1.2,3,3,1,0,1,2,5,5,1.6,1.2,2.0,1.6,1.2,2.2,2,2,5,5,H
2014-05-03,Nurnberg,Hannover,0.0,1.4,0.8,1.2,3.0,1.6,0,2,0,1,5,2,5,5,0.6,1.4,1.0,1.6,2.6,1.8,1,2,5,5,A
2014-05-03,Stuttgart,Wolfsburg,1.6,2.0,1.6,2.4,1.0,1.4,2,3,2,1,1,1,5,5,2.0,1.4,2.0,2.0,1.2,2.2,3,2,5,5,A
2014-05-10,Mainz,Hamburg,1.2,0.6,1.6,1.2,1.8,2.6,2,1,0,0,3,4,5,5,2.0,0.0,1.8,0.6,0.6,2.0,3,0,5,5,H
2014-05-10,Leverkusen,Werder Bremen,2.0,1.4,2.2,1.6,1.2,2.0,3,2,1,1,1,2,5,5,1.0,1.2,1.4,1.4,1.6,2.4,1,2,5,5,H
2014-05-10,Schalke 04,Nurnberg,1.4,0.0,1.2,0.4,1.0,2.8,2,0,1,0,2,5,5,5,2.4,0.0,2.2,0.8,0.4,2.8,4,0,5,5,H
2014-05-10,Hoffenheim,Braunschweig,1.0,0.6,1.2,0.6,1.4,1.4,1,1,2,0,2,4,5,5,2.0,0.4,2.6,0.8,1.4,2.0,3,0,5,5,H
2014-05-10,Wolfsburg,M'gladbach,2.0,2.0,2.4,1.8,1.4,1.2,3,3,1,1,1,1,5,5,1.6,1.8,2.0,1.4,2.2,1.2,2,3,5,5,H
2014-05-10,Hannover,Freiburg,2.0,1.4,1.4,1.6,1.2,1.6,3,2,1,1,1,2,5,5,1.0,1.2,0.8,1.4,1.4,1.2,1,1,5,5,H
2014-05-10,Bayern Munich,Stuttgart,1.8,1.6,2.2,1.4,1.4,0.8,3,2,0,2,2,1,5,5,2.0,0.6,3.0,0.6,2.0,1.2,3,0,5,5,H
2014-05-10,Augsburg,Ein Frankfurt,2.0,0.8,1.0,0.8,0.6,1.4,3,1,1,1,1,3,5,5,1.4,1.0,1.2,1.4,1.2,1.4,2,1,5,5,H
2014-05-10,Hertha,Dortmund,1.0,2.6,0.8,2.8,1.0,1.4,1,4,2,1,2,0,5,5,1.0,2.6,0.8,2.4,1.4,0.8,1,4,5,5,A
2014-08-22,Bayern Munich,Wolfsburg,2.4,2.6,2.4,2.8,1.2,1.2,4,4,0,1,1,0,5,5,2.0,2.0,2.2,2.0,1.8,1.2,3,3,5,5,H
2014-08-23,Hoffenheim,Augsburg,1.4,2.0,1.6,1.2,1.4,0.8,2,3,1,1,2,1,5,5,2.0,1.4,2.0,0.8,1.2,1.4,3,2,5,5,H
2014-08-23,Hertha,Werder Bremen,0.8,1.2,0.6,1.6,1.6,2.2,1,2,1,0,3,3,5,5,0.8,0.6,0.8,1.2,2.2,2.8,1,1,5,5,D
2014-08-23,Hannover,Schalke 04,2.6,1.8,2.0,1.8,1.0,1.0,4,3,1,0,0,2,5,5,1.4,1.6,1.2,1.2,1.6,1.0,2,2,5,5,H
2014-08-23,Ein Frankfurt,Freiburg,0.2,1.4,0.6,2.0,1.8,1.8,0,2,1,1,4,2,5,5,1.2,1.0,1.2,1.8,1.8,1.8,2,1,5,5,H
2014-08-23,Dortmund,Leverkusen,2.6,2.6,3.2,2.4,1.2,1.0,4,4,1,1,0,0,5,5,2.0,1.8,2.0,2.2,1.4,1.2,3,3,5,5,A
2014-08-23,FC Koln,Hamburg,0.2,0.0,0.6,1.2,3.2,3.0,0,0,1,0,4,5,5,5,1.0,0.0,1.0,1.0,2.4,2.4,1,0,5,5,D
2014-08-24,M'gladbach,Stuttgart,1.4,1.0,1.6,1.0,1.8,1.0,2,1,1,2,2,2,5,5,2.0,0.6,2.2,0.4,1.0,1.0,3,0,5,5,D
2014-08-24,Paderborn,Mainz,0.0,1.8,0.0,2.2,0.0,1.8,0,3,0,0,0,2,0,5,0.0,0.6,0.0,1.6,0.0,2.8,0,1,0,5,D
2014-08-29,Augsburg,Dortmund,2.0,2.0,1.2,2.6,0.8,1.6,3,3,1,1,1,1,5,5,2.0,2.6,1.4,3.0,1.0,0.8,3,4,5,5,A
2014-08-30,Werder Bremen,Hoffenheim,1.4,1.4,2.0,1.6,2.0,1.4,2,2,1,1,2,2,5,5,1.6,1.0,1.6,2.0,1.2,2.4,2,1,5,5,D
2014-08-30,Wolfsburg,Ein Frankfurt,2.0,0.8,2.2,0.8,1.4,1.4,3,1,1,1,1,3,5,5,2.2,0.8,2.4,1.4,1.2,1.6,3,1,5,5,D
2014-08-30,Stuttgart,FC Koln,1.0,0.4,1.0,0.6,1.0,2.4,1,0,2,2,2,3,5,5,1.8,0.0,1.8,0.6,1.2,3.4,3,0,5,5,A
2014-08-30,Schalke 04,Bayern Munich,1.2,3.0,1.6,2.8,1.4,0.8,2,5,0,0,3,0,5,5,2.4,2.4,2.2,2.2,0.6,0.6,4,4,5,5,D
2014-08-30,Leverkusen,Hertha,2.6,1.0,2.4,0.8,0.8,1.6,4,1,1,2,0,2,5,5,1.6,0.2,1.8,0.2,1.6,1.8,2,0,5,5,H
2014-08-30,Hamburg,Paderborn,0.2,1.0,1.0,2.0,2.6,2.0,0,0,1,1,4,0,5,1,1.4,0.0,1.4,0.0,2.0,0.0,2,0,5,0,A
2014-08-31,Freiburg,M'gladbach,0.8,1.4,1.6,1.6,2.0,1.8,1,2,1,1,3,2,5,5,2.4,1.2,2.4,1.2,1.4,1.6,4,2,5,5,D
2014-08-31,Mainz,Hannover,1.4,2.6,2.0,2.0,2.2,1.0,2,4,1,1,2,0,5,5,2.4,1.8,2.2,1.8,0.8,1.6,4,3,5,5,D
2014-09-12,Leverkusen,Werder Bremen,2.6,1.0,2.4,1.6,1.0,2.0,4,1,1,2,0,2,5,5,2.2,0.8,2.2,1.4,1.4,2.6,3,1,5,5,D
2014-09-13,Bayern Munich,Stuttgart,2.6,0.4,2.6,0.4,1.0,1.2,4,0,1,2,0,3,5,5,2.0,0.6,2.2,0.4,1.8,1.0,3,0,5,5,H
2014-09-13,Dortmund,Freiburg,2.0,0.4,2.4,0.8,1.6,1.6,3,0,1,2,1,3,5,5,2.0,0.4,1.8,1.0,1.4,1.8,3,0,5,5,H
2014-09-13,Hertha,Mainz,0.8,1.6,1.2,1.6,2.4,1.4,1,2,1,2,3,1,5,5,1.0,0.2,1.2,1.2,2.0,2.8,1,0,5,5,A
2014-09-13,Hoffenheim,Wolfsburg,1.6,1.6,1.6,2.0,1.0,1.6,2,2,2,2,1,1,5,5,2.6,1.8,2.0,2.0,0.4,1.4,4,3,5,5,D
2014-09-13,M'gladbach,Schalke 04,1.6,1.4,1.2,1.6,1.0,1.0,2,2,2,1,1,2,5,5,2.2,1.0,2.2,1.0,0.8,1.2,3,1,5,5,H
2014-09-13,Paderborn,FC Koln,2.0,1.0,2.5,1.0,1.0,1.8,1,1,1,2,0,2,2,5,1.0,0.6,2.0,0.8,2.0,2.6,0,1,1,5,D
2014-09-14,Ein Frankfurt,Augsburg,1.0,1.8,0.8,1.6,1.2,1.4,1,3,2,0,2,2,5,5,1.8,0.8,1.2,0.4,1.0,1.6,3,1,5,5,A
2014-09-14,Hannover,Hamburg,2.2,0.2,1.4,0.8,0.6,2.6,3,0,2,1,0,4,5,5,2.0,0.2,1.6,1.0,1.2,2.2,3,0,5,5,H
2014-09-19,Freiburg,Hertha,0.2,0.2,0.6,1.0,1.8,3.0,0,0,1,1,4,4,5,5,2.0,0.2,1.8,0.6,1.2,2.0,3,0,5,5,D
2014-09-20,Stuttgart,Hoffenheim,0.2,1.6,0.4,1.8,1.6,1.2,0,2,1,2,4,1,5,5,1.2,0.6,1.6,1.6,1.6,2.2,2,0,5,5,A
2014-09-20,Paderborn,Hannover,1.6666666666666667,2.6,1.6666666666666667,1.8,0.6666666666666666,0.6,1,4,2,1,0,0,3,5,1.0,1.4,1.0,1.2,1.0,1.6,0,2,2,5,H
2014-09-20,Schalke 04,Ein Frankfurt,1.4,0.8,1.8,0.8,1.6,1.4,2,1,1,1,2,3,5,5,2.0,0.4,1.8,0.8,0.6,1.6,3,0,5,5,D
2014-09-20,Hamburg,Bayern Munich,0.2,2.6,0.6,2.0,2.4,0.6,0,4,1,1,4,0,5,5,0.8,2.0,1.0,2.0,2.4,0.8,1,3,5,5,D
2014-09-20,Mainz,Dortmund,1.6,2.4,1.8,2.6,1.6,1.4,2,4,2,0,1,1,5,5,2.6,2.6,2.2,3.0,0.4,1.2,4,4,5,5,H
2014-09-20,Augsburg,Werder Bremen,1.8,1.2,1.2,1.8,1.2,1.6,3,1,0,3,2,1,5,5,2.0,0.4,1.6,1.6,1.0,3.0,3,0,5,5,H
2014-09-21,FC Koln,M'gladbach,1.0,1.6,0.8,1.8,1.6,1.2,1,2,2,2,2,1,5,5,0.6,1.4,0.8,1.2,2.4,1.4,0,2,5,5,D
2014-09-21,Wolfsburg,Leverkusen,1.6,2.6,1.8,2.6,1.4,1.2,2,4,2,1,1,0,5,5,2.2,2.4,2.6,2.4,1.4,0.8,3,4,5,5,H
2014-09-23,Hoffenheim,Freiburg,2.2,0.4,1.8,1.0,0.6,1.8,3,0,2,2,0,3,5,5,2.2,0.2,1.6,1.0,0.4,2.2,3,0,5,5,D
2014-09-23,Werder Bremen,Schalke 04,0.6,1.0,1.8,1.8,2.4,2.0,0,1,3,2,2,2,5,5,1.6,0.8,1.6,1.2,1.2,2.0,2,1,5,5,A
2014-09-23,Bayern Munich,Paderborn,2.2,2.0,1.2,1.75,0.4,0.5,3,2,2,2,0,0,5,4,2.4,3.0,2.0,3.0,1.2,0.0,4,1,5,1,H
2014-09-23,Ein Frankfurt,Mainz,1.0,2.2,1.2,2.0,1.4,1.0,1,3,2,2,2,0,5,5,1.2,0.8,1.0,1.6,1.2,2.4,2,1,5,5,D
2014-09-24,Dortmund,Stuttgart,1.8,0.2,2.0,0.2,1.4,1.6,3,0,0,1,2,4,5,5,2.4,0.6,2.4,0.4,1.6,1.0,4,0,5,5,D
2014-09-24,Hannover,FC Koln,2.0,1.2,1.4,0.6,1.0,0.8,3,1,1,3,1,1,5,5,2.6,0.8,1.8,0.6,0.8,2.2,4,1,5,5,H
2014-09-24,Hertha,Wolfsburg,0.4,1.6,1.4,2.2,3.0,1.4,0,2,2,2,3,1,5,5,1.0,1.4,1.2,1.6,2.0,1.4,1,2,5,5,H
2014-09-24,Leverkusen,Augsburg,2.0,1.8,2.4,1.8,2.0,1.6,3,3,1,0,1,2,5,5,2.2,1.2,2.6,0.4,1.8,1.4,3,2,5,5,H
2014-09-24,M'gladbach,Hamburg,1.2,0.4,1.2,0.4,1.0,1.6,1,0,3,2,1,3,5,5,2.2,0.2,2.4,0.8,1.0,2.0,3,0,5,5,H
2014-09-26,Mainz,Hoffenheim,1.8,1.8,1.8,1.8,1.0,1.0,2,2,3,3,0,0,5,5,2.6,1.0,2.0,1.4,0.4,1.6,4,1,5,5,D
2014-09-27,Wolfsburg,Werder Bremen,1.0,0.6,1.6,1.6,1.4,2.6,1,0,2,3,2,2,5,5,2.2,0.4,3.0,2.0,1.4,3.2,3,0,5,5,H
2014-09-27,Schalke 04,Dortmund,1.0,1.4,1.6,1.6,1.8,1.8,1,2,2,1,2,2,5,5,1.6,2.0,1.8,2.4,1.0,1.2,2,3,5,5,H
2014-09-27,Stuttgart,Hannover,0.4,2.0,0.6,1.0,1.8,0.6,0,3,2,1,3,1,5,5,1.2,1.4,1.2,1.0,1.4,1.4,2,2,5,5,H
2014-09-27,Freiburg,Leverkusen,0.6,2.0,1.2,2.2,1.8,1.8,0,3,3,1,2,1,5,5,1.6,1.8,1.6,2.0,1.2,1.4,2,3,5,5,D
2014-09-27,FC Koln,Bayern Munich,1.2,2.2,0.4,1.8,0.2,0.4,1,3,3,2,1,0,5,5,0.8,1.6,0.6,1.4,1.2,0.6,0,2,5,5,A
2014-09-27,Paderborn,M'gladbach,1.6,1.8,1.4,1.2,1.2,0.4,2,2,2,3,1,0,5,5,1.6666666666666667,1.0,1.3333333333333333,0.8,0.6666666666666666,1.4,1,1,3,5,A
2014-09-28,Augsburg,Hertha,1.2,1.0,1.4,1.6,1.6,2.2,2,1,0,2,3,2,5,5,2.0,0.4,2.2,1.0,1.4,2.0,3,0,5,5,H
2014-09-28,Hamburg,Ein Frankfurt,0.4,1.2,0.0,1.4,1.2,1.4,0,1,2,3,3,1,5,5,0.8,0.6,0.8,1.0,2.2,1.6,1,0,5,5,A
2014-10-03,Hertha,Stuttgart,0.8,0.8,1.2,0.6,2.0,1.6,1,1,1,1,3,3,5,5,1.4,0.6,1.2,0.6,1.8,1.2,2,0,5,5,H
2014-10-04,Werder Bremen,Freiburg,0.4,0.8,1.4,1.2,2.6,1.6,0,0,2,4,3,1,5,5,1.6,0.4,1.4,1.6,1.2,2.4,2,0,5,5,D
2014-10-04,Hoffenheim,Schalke 04,1.4,1.6,1.4,1.8,1.0,1.6,1,2,4,2,0,1,5,5,1.8,1.2,1.8,1.6,1.0,1.8,2,2,5,5,H
2014-10-04,Leverkusen,Paderborn,1.6,1.4,1.8,1.2,1.8,1.2,2,2,2,1,1,2,5,5,2.2,1.5,2.4,1.5,1.6,2.0,3,1,5,2,D
2014-10-04,Dortmund,Hamburg,1.4,0.2,1.8,0.2,1.8,1.6,2,0,1,1,2,4,5,5,2.0,0.2,2.4,0.6,1.8,1.8,3,0,5,5,A
2014-10-04,Bayern Munich,Hannover,2.2,1.4,1.8,0.6,0.2,0.6,3,2,2,1,0,2,5,5,3.0,1.4,2.8,1.0,0.6,1.0,5,2,5,5,H
2014-10-04,Ein Frankfurt,FC Koln,1.2,1.0,1.6,0.4,1.6,0.6,1,1,3,2,1,2,5,5,0.8,0.8,1.0,0.6,1.6,1.6,1,1,5,5,H
2014-10-05,M'gladbach,Mainz,2.2,1.8,1.4,1.4,0.4,0.6,3,2,2,3,0,0,5,5,2.2,1.0,2.0,2.0,0.8,2.4,3,1,5,5,D
2014-10-05,Wolfsburg,Augsburg,1.6,1.8,1.8,1.6,1.2,1.2,2,3,2,0,1,2,5,5,2.2,1.2,2.6,0.4,1.4,1.0,3,2,5,5,H
2014-10-18,Schalke 04,Hertha,1.4,1.4,1.8,1.4,1.8,1.6,2,2,1,1,2,2,5,5,1.6,0.4,1.8,0.8,1.2,1.8,2,0,5,5,H
2014-10-18,Bayern Munich,Werder Bremen,2.6,0.4,2.4,1.4,0.0,2.6,4,0,1,2,0,3,5,5,3.0,0.4,2.6,1.8,0.2,2.6,5,0,5,5,H
2014-10-18,FC Koln,Dortmund,0.4,0.8,0.4,1.2,1.2,1.6,0,1,2,1,3,3,5,5,0.6,1.4,0.4,2.0,1.4,1.6,0,2,5,5,H
2014-10-18,Freiburg,Wolfsburg,0.8,2.0,1.4,1.6,1.8,0.8,0,3,4,1,1,1,5,5,1.2,1.4,1.2,1.4,1.2,1.2,1,2,5,5,A
2014-10-18,Hannover,M'gladbach,1.2,2.2,0.6,1.6,1.4,0.6,2,3,0,2,3,0,5,5,2.6,1.6,1.6,0.8,0.6,0.8,4,2,5,5,A
2014-10-18,Mainz,Augsburg,1.8,1.8,1.6,1.2,0.8,0.8,2,3,3,0,0,2,5,5,2.2,1.2,1.4,0.4,0.4,0.8,3,2,5,5,H
2014-10-18,Stuttgart,Leverkusen,0.8,1.2,1.0,1.4,1.8,1.8,1,1,1,3,3,1,5,5,1.2,2.0,1.0,1.8,1.4,1.0,2,3,5,5,D
2014-10-19,Paderborn,Ein Frankfurt,1.0,1.6,1.0,1.8,1.6,1.6,1,2,2,2,2,1,5,5,1.25,1.2,1.25,1.4,1.0,1.4,1,1,4,5,H
2014-10-19,Hamburg,Hoffenheim,0.8,1.8,0.4,1.6,1.0,1.0,1,2,1,3,3,0,5,5,0.2,1.0,0.6,1.2,2.4,1.4,0,1,5,5,D
2014-10-24,Werder Bremen,FC Koln,0.2,0.8,0.8,0.8,3.2,1.4,0,1,1,1,4,3,5,5,1.6,0.8,1.4,1.0,1.2,1.6,2,1,5,5,A
2014-10-25,Augsburg,Freiburg,1.2,0.8,1.2,1.4,1.2,1.6,2,0,0,4,3,1,5,5,2.4,0.4,2.4,1.4,1.4,2.2,4,0,5,5,H
2014-10-25,Dortmund,Hannover,0.2,0.6,0.8,0.2,1.8,2.0,0,1,1,0,4,4,5,5,1.4,0.8,1.6,0.4,1.6,1.4,2,1,5,5,A
2014-10-25,Ein Frankfurt,Stuttgart,1.6,1.0,2.0,1.6,2.0,2.0,2,1,2,2,1,2,5,5,1.4,0.4,1.2,1.0,1.4,1.8,2,0,5,5,A
2014-10-25,Hertha,Hamburg,1.4,1.0,1.2,0.6,1.4,0.8,2,1,1,2,2,2,5,5,1.4,0.8,1.4,0.6,2.2,1.2,2,1,5,5,H
2014-10-25,Hoffenheim,Paderborn,1.8,1.4,1.6,1.6,1.0,1.8,2,2,3,1,0,2,5,5,2.2,1.3333333333333333,2.2,1.6666666666666667,1.2,2.0,3,1,5,3,H
2014-10-25,Leverkusen,Schalke 04,1.2,2.0,1.4,2.0,1.8,1.0,1,3,3,1,1,1,5,5,2.2,1.2,2.4,1.6,1.6,1.6,3,2,5,5,H
2014-10-26,Wolfsburg,Mainz,2.4,1.8,1.8,1.4,0.8,0.8,4,2,0,3,1,0,5,5,2.6,1.2,2.4,1.8,1.0,1.8,4,1,5,5,H
2014-10-26,M'gladbach,Bayern Munich,2.2,2.6,1.4,3.2,0.4,0.0,3,4,2,1,0,0,5,5,2.2,2.2,2.0,1.8,0.8,0.4,3,3,5,5,D
2014-10-31,Schalke 04,Augsburg,1.8,1.2,1.6,0.8,0.8,0.8,3,2,0,0,2,3,5,5,2.2,0.6,2.2,0.4,1.0,1.2,3,1,5,5,H
2014-11-01,Bayern Munich,Dortmund,2.6,0.2,3.2,0.8,0.0,1.6,4,0,1,1,0,4,5,5,3.0,1.2,3.6,1.8,0.2,1.6,5,2,5,5,H
2014-11-01,Hamburg,Leverkusen,0.8,1.8,0.6,1.4,1.4,1.0,1,2,1,3,3,0,5,5,0.4,1.6,0.6,1.6,2.0,1.4,0,2,5,5,H
2014-11-01,Hannover,Ein Frankfurt,1.2,1.4,0.4,2.4,1.6,2.6,2,2,0,1,3,2,5,5,2.4,1.0,1.6,1.6,1.2,2.0,4,1,5,5,H
2014-11-01,Mainz,Werder Bremen,1.2,0.2,1.0,0.4,1.4,2.6,1,0,3,1,1,4,5,5,2.2,0.4,1.4,1.6,0.6,3.4,3,0,5,5,A
2014-11-01,Stuttgart,Wolfsburg,1.6,2.4,2.6,1.6,2.4,0.6,2,4,2,0,1,1,5,5,0.8,1.4,1.0,1.2,1.8,1.2,1,2,5,5,A
2014-11-02,M'gladbach,Hoffenheim,2.2,1.8,1.4,1.4,0.4,1.0,3,2,2,3,0,0,5,5,1.8,1.2,1.4,1.2,0.6,1.0,2,1,5,5,H
2014-11-02,Paderborn,Hertha,0.8,1.8,1.2,1.4,2.0,1.0,1,3,1,0,3,2,5,5,1.6,0.2,1.6,0.8,1.0,2.2,2,0,5,5,H
2014-11-02,FC Koln,Freiburg,1.2,0.6,1.0,1.0,1.4,1.6,2,0,0,3,3,2,5,5,1.0,0.4,0.6,1.0,1.4,2.0,1,0,5,5,A
2014-11-07,Hertha,Hannover,1.2,1.2,1.4,0.4,1.6,1.6,2,2,0,0,3,3,5,5,2.0,0.8,2.0,0.2,1.4,1.4,3,1,5,5,A
2014-11-08,Augsburg,Paderborn,1.2,1.4,0.8,1.8,0.8,1.4,2,2,0,1,3,2,5,5,2.4,1.0,2.2,1.25,1.2,1.75,4,1,5,4,H
2014-11-08,Ein Frankfurt,Bayern Munich,1.2,2.6,2.0,2.8,2.4,0.2,2,4,0,1,3,0,5,5,1.4,1.8,2.0,1.4,2.0,0.4,2,2,5,5,A
2014-11-08,Freiburg,Schalke 04,1.0,1.8,0.6,1.2,1.0,0.8,1,3,2,0,2,2,5,5,0.6,0.6,0.6,1.2,1.2,1.8,0,1,5,5,H
2014-11-08,Hoffenheim,FC Koln,1.6,1.2,1.0,1.0,1.0,1.4,2,2,2,0,1,3,5,5,2.2,1.4,1.8,1.0,1.0,0.8,3,2,5,5,A
2014-11-08,Leverkusen,Mainz,1.2,1.0,1.2,0.8,1.2,1.4,1,1,3,2,1,2,5,5,2.2,1.2,2.2,1.6,1.4,1.8,3,1,5,5,D
2014-11-08,Werder Bremen,Stuttgart,0.8,1.4,0.8,2.2,2.2,2.8,1,2,1,1,3,2,5,5,1.0,1.0,0.8,2.0,1.2,2.4,1,1,5,5,H
2014-11-09,Wolfsburg,Hamburg,3.0,1.4,2.4,0.8,0.4,1.2,5,2,0,1,0,2,5,5,2.6,0.8,2.4,0.2,0.8,1.2,4,1,5,5,H
2014-11-09,Dortmund,M'gladbach,0.0,2.2,0.6,1.8,1.6,0.6,0,3,0,2,5,0,5,5,0.8,1.6,1.0,1.2,1.4,0.8,1,2,5,5,H
2014-11-22,Bayern Munich,Hoffenheim,2.6,1.4,3.2,1.6,0.2,1.8,4,2,1,1,0,2,5,5,3.0,1.2,3.6,1.0,0.2,1.0,5,1,5,5,H
2014-11-22,FC Koln,Hertha,1.8,1.2,1.8,1.4,1.6,1.8,3,2,0,0,2,3,5,5,1.0,0.2,0.4,1.0,0.8,2.4,1,0,5,5,A
2014-11-22,Hannover,Leverkusen,1.8,1.2,0.8,1.2,1.4,1.2,3,1,0,3,2,1,5,5,2.4,1.0,1.2,1.2,0.8,1.6,4,1,5,5,A
2014-11-22,Mainz,Freiburg,1.0,1.4,0.8,1.0,1.4,1.0,1,2,2,1,2,2,5,5,1.6,1.0,1.0,1.2,0.6,1.8,2,1,5,5,D
2014-11-22,M'gladbach,Ein Frankfurt,1.6,0.6,1.4,1.6,0.6,3.0,2,1,2,0,1,4,5,5,2.2,1.0,1.8,1.4,0.6,1.8,3,1,5,5,A
2014-11-22,Paderborn,Dortmund,1.4,0.6,1.6,0.6,1.6,1.2,2,1,1,0,2,4,5,5,2.0,0.6,1.8,1.2,0.8,2.0,3,1,5,5,D
2014-11-22,Schalke 04,Wolfsburg,1.2,3.0,0.8,2.4,1.0,0.2,2,5,0,0,3,0,5,5,2.2,1.4,1.6,1.6,0.8,1.0,3,2,5,5,H
2014-11-23,Hamburg,Werder Bremen,1.4,1.4,0.6,1.0,1.2,1.8,2,2,1,1,2,2,5,5,1.0,0.8,0.6,1.6,1.2,3.2,1,1,5,5,H
2014-11-23,Stuttgart,Augsburg,0.8,1.2,2.0,1.2,3.2,0.8,1,2,1,0,3,3,5,5,0.8,0.6,0.8,0.4,2.2,1.0,1,1,5,5,A
2014-11-28,Freiburg,Stuttgart,1.4,0.8,1.2,1.6,1.2,2.8,2,1,1,1,2,3,5,5,1.2,0.8,1.0,1.8,0.8,2.6,1,1,5,5,A
2014-11-29,Augsburg,Hamburg,1.8,1.4,1.4,0.8,0.6,1.2,3,2,0,1,2,2,5,5,2.4,0.6,2.4,0.2,1.0,1.6,4,1,5,5,H
2014-11-29,Hertha,Bayern Munich,1.2,2.6,1.2,3.2,1.6,0.2,2,4,0,1,3,0,5,5,1.8,1.8,1.6,1.4,1.4,0.2,3,2,5,5,A
2014-11-29,Hoffenheim,Hannover,0.8,1.8,1.2,1.0,2.4,1.2,1,3,1,0,3,2,5,5,1.6,1.2,2.0,0.6,1.8,1.4,2,2,5,5,H
2014-11-29,Leverkusen,FC Koln,1.6,1.8,1.4,1.6,1.0,1.4,2,3,2,0,1,2,5,5,1.8,1.4,1.4,1.4,1.0,1.4,2,2,5,5,H
2014-11-29,Schalke 04,Mainz,1.8,1.0,1.2,1.0,1.0,1.6,3,1,0,2,2,2,5,5,2.6,1.2,2.0,1.2,1.0,1.4,4,1,5,5,H
2014-11-29,Werder Bremen,Paderborn,1.2,1.4,0.8,1.6,2.0,1.6,2,2,0,1,3,2,5,5,1.0,0.8,0.8,1.0,1.2,2.0,1,1,5,5,H
2014-11-30,Ein Frankfurt,Dortmund,0.6,0.8,1.6,1.0,2.8,1.4,1,1,0,1,4,3,5,5,0.8,0.2,1.8,1.0,2.8,2.0,1,0,5,5,H
2014-11-30,Wolfsburg,M'gladbach,2.4,1.4,2.6,1.4,0.8,1.0,4,2,0,1,1,2,5,5,3.0,1.6,2.4,1.0,0.4,0.4,5,2,5,5,H
2014-12-05,Dortmund,Hoffenheim,0.8,1.2,0.8,1.8,1.4,2.8,1,2,1,0,3,3,5,5,1.4,1.0,1.2,0.8,1.0,1.6,2,1,5,5,H
2014-12-06,Bayern Munich,Leverkusen,2.6,2.0,2.2,1.8,0.2,0.6,4,3,1,1,0,1,5,5,3.0,1.0,4.0,1.4,0.2,1.8,5,1,5,5,H
2014-12-06,FC Koln,Augsburg,1.2,2.4,1.4,1.8,2.2,0.4,2,4,0,0,3,1,5,5,0.8,0.6,0.6,0.4,1.2,1.0,1,1,5,5,A
2014-12-06,Hannover,Wolfsburg,1.8,2.4,1.6,2.4,1.4,0.6,3,4,0,0,2,1,5,5,1.8,1.4,1.0,1.8,1.2,1.2,3,2,5,5,A
2014-12-06,M'gladbach,Hertha,0.8,1.2,0.8,1.2,1.2,1.4,1,2,1,0,3,3,5,5,1.6,0.8,1.2,1.0,1.0,1.8,2,1,5,5,H
2014-12-06,Paderborn,Freiburg,0.8,1.4,1.0,1.2,2.2,1.6,1,2,1,1,3,2,5,5,2.0,1.2,2.2,1.4,1.2,1.6,3,1,5,5,D
2014-12-06,Stuttgart,Schalke 04,1.2,1.8,1.8,1.6,2.4,1.2,2,3,0,0,3,2,5,5,0.8,0.6,0.8,1.0,2.0,1.8,1,1,5,5,A
2014-12-07,Ein Frankfurt,Werder Bremen,1.2,1.8,1.8,1.6,2.2,0.8,2,3,0,0,3,2,5,5,1.4,0.6,2.2,1.0,2.6,3.0,2,1,5,5,H
2014-12-07,Hamburg,Mainz,1.2,0.4,0.8,0.8,1.6,2.2,2,0,0,2,3,3,5,5,1.6,0.6,1.0,0.8,0.6,2.0,2,0,5,5,H
2014-12-12,Hoffenheim,Ein Frankfurt,0.6,1.8,1.6,2.0,3.0,1.6,1,3,0,0,4,2,5,5,2.0,1.4,2.6,1.6,2.2,1.6,3,2,5,5,H
2014-12-13,Augsburg,Bayern Munich,2.4,3.0,1.8,2.4,0.6,0.2,4,5,0,0,1,0,5,5,3.0,2.2,2.6,1.4,0.6,0.0,5,3,5,5,A
2014-12-13,Freiburg,Hamburg,1.6,1.8,1.4,1.2,1.4,1.2,2,3,2,0,1,2,5,5,1.0,0.6,1.2,0.4,1.6,1.8,1,1,5,5,D
2014-12-13,Hertha,Dortmund,0.6,1.4,1.0,1.0,2.0,1.2,1,2,0,1,4,2,5,5,1.8,0.2,1.4,1.0,1.0,2.0,3,0,5,5,H
2014-12-13,Mainz,Stuttgart,0.4,0.6,1.0,0.8,2.0,2.4,0,1,2,0,3,4,5,5,1.6,1.4,1.4,2.6,1.0,2.4,2,2,5,5,D
2014-12-13,Schalke 04,FC Koln,2.4,0.6,2.4,1.4,1.0,2.6,4,1,0,0,1,4,5,5,3.0,1.2,2.4,1.6,0.8,2.4,5,2,5,5,A
2014-12-13,Werder Bremen,Hannover,1.8,1.2,2.0,1.6,1.6,2.0,3,2,0,0,2,3,5,5,1.4,1.2,1.4,1.2,1.0,1.8,2,2,5,5,D
2014-12-14,Leverkusen,M'gladbach,1.4,1.2,1.6,1.4,0.8,1.6,2,2,1,0,2,3,5,5,2.2,1.4,1.8,1.0,0.6,0.6,3,2,5,5,D
2014-12-14,Wolfsburg,Paderborn,2.4,1.0,2.4,1.2,0.8,2.2,4,1,0,2,1,2,5,5,3.0,0.2,1.8,0.4,0.2,2.8,5,0,5,5,D
2014-12-16,Hannover,Augsburg,0.8,2.4,2.0,1.8,2.6,1.2,1,4,1,0,3,1,5,5,1.2,1.2,0.8,0.8,1.8,1.0,2,2,5,5,H
2014-12-16,Hamburg,Stuttgart,1.4,0.8,1.0,1.0,1.2,1.8,2,1,1,1,2,3,5,5,2.0,1.4,1.4,2.4,0.8,2.2,3,2,5,5,A
2014-12-16,Bayern Munich,Freiburg,3.0,1.2,2.8,1.2,0.0,1.4,5,1,0,3,0,1,5,5,3.0,1.2,3.4,1.0,0.2,1.2,5,1,5,5,H
2014-12-16,FC Koln,Mainz,1.2,0.6,1.8,1.0,2.6,1.8,2,0,0,3,3,2,5,5,0.6,0.4,0.8,0.6,1.6,2.0,1,0,5,5,D
2014-12-17,Paderborn,Schalke 04,0.6,1.8,0.8,2.4,2.2,1.4,0,3,3,0,2,2,5,5,1.6,1.2,2.0,1.6,1.4,1.0,2,2,5,5,A
2014-12-17,Dortmund,Wolfsburg,1.4,2.0,0.8,1.8,1.0,1.0,2,3,1,1,2,1,5,5,1.4,1.8,0.8,2.2,0.8,1.2,2,3,5,5,D
2014-12-17,Ein Frankfurt,Hertha,1.8,1.2,2.4,1.0,2.0,1.4,3,2,0,0,2,3,5,5,1.8,0.6,2.8,1.0,2.6,2.0,3,1,5,5,D
2014-12-17,Hoffenheim,Leverkusen,1.2,1.6,2.0,1.8,2.8,0.8,2,2,0,2,3,1,5,5,2.4,1.0,2.6,1.2,2.0,1.2,4,1,5,5,A
2014-12-17,M'gladbach,Werder Bremen,0.8,1.4,1.0,2.2,1.6,2.0,1,2,1,1,3,2,5,5,1.6,0.6,1.6,1.0,1.4,3.2,2,1,5,5,H
2014-12-19,Mainz,Bayern Munich,0.6,3.0,1.0,2.4,1.8,0.0,0,5,3,0,2,0,5,5,1.2,2.6,1.2,2.2,1.2,0.0,1,4,5,5,A
2014-12-20,Wolfsburg,FC Koln,1.6,0.8,1.8,1.0,1.4,2.0,2,1,2,1,1,3,5,5,2.6,1.8,1.6,2.0,0.2,2.4,4,3,5,5,H
2014-12-20,Werder Bremen,Dortmund,0.8,1.0,2.0,1.0,2.8,1.4,1,1,1,2,3,2,5,5,1.6,0.2,2.0,0.8,1.0,1.8,2,0,5,5,H
2014-12-20,Stuttgart,Paderborn,1.4,0.6,1.2,1.0,1.4,2.0,2,0,1,3,2,2,5,5,0.8,0.4,0.8,0.6,2.4,2.2,1,0,5,5,D
2014-12-20,Schalke 04,Hamburg,2.4,1.4,2.8,1.0,1.2,1.0,4,2,0,1,1,2,5,5,2.4,0.8,2.2,0.4,1.0,1.6,4,1,5,5,D
2014-12-20,Leverkusen,Ein Frankfurt,2.0,2.0,2.0,3.2,0.8,2.0,3,3,1,1,1,1,5,5,1.8,1.2,1.8,1.6,0.8,1.8,2,2,5,5,D
2014-12-20,Augsburg,M'gladbach,1.8,1.4,1.2,1.8,1.6,1.6,3,2,0,1,2,2,5,5,2.4,1.4,1.8,1.2,1.0,0.8,4,2,5,5,H
2014-12-21,Freiburg,Hannover,0.6,0.8,0.8,2.0,1.8,2.6,0,1,3,1,2,3,5,5,1.0,1.4,0.8,1.8,1.2,2.2,1,2,5,5,D
2014-12-21,Hertha,Hoffenheim,1.4,1.2,1.8,1.4,1.8,2.2,2,2,1,0,2,3,5,5,1.8,0.4,1.4,0.4,1.0,1.8,3,0,5,5,A
2015-01-30,Wolfsburg,Bayern Munich,2.2,3.0,1.8,2.0,1.0,0.2,3,5,2,0,0,0,5,5,2.6,2.6,1.8,2.2,0.4,0.2,4,4,5,5,H
2015-01-31,Freiburg,Ein Frankfurt,0.6,1.6,0.8,2.8,1.8,2.0,0,2,3,2,2,1,5,5,1.0,0.8,1.2,1.4,1.6,1.8,1,1,5,5,H
2015-01-31,Hamburg,FC Koln,1.0,0.8,0.6,1.0,1.0,2.0,1,1,2,1,2,3,5,5,2.0,1.8,1.2,1.8,0.6,2.2,3,3,5,5,A
2015-01-31,Leverkusen,Dortmund,1.6,0.8,1.6,0.8,0.8,1.4,2,1,2,1,1,3,5,5,1.8,0.2,1.6,0.8,0.6,1.8,2,0,5,5,D
2015-01-31,Mainz,Paderborn,0.4,0.6,0.8,0.6,1.8,1.6,0,0,2,3,3,2,5,5,1.0,0.4,1.4,0.2,1.6,1.8,1,0,5,5,H
2015-01-31,Schalke 04,Hannover,2.0,1.0,2.2,2.2,0.8,2.4,3,1,1,2,1,2,5,5,2.0,1.6,1.8,2.2,1.0,1.8,3,2,5,5,H
2015-01-31,Stuttgart,M'gladbach,1.6,1.4,1.2,1.8,1.2,1.4,2,2,2,1,1,2,5,5,0.4,0.8,0.6,1.0,2.4,1.0,0,1,5,5,A
2015-02-01,Augsburg,Hoffenheim,1.8,1.8,1.4,2.4,1.8,1.4,3,3,0,0,2,2,5,5,2.4,0.8,2.0,1.4,1.2,1.8,4,1,5,5,H
2015-02-01,Werder Bremen,Hertha,1.4,0.8,2.4,1.4,2.6,2.6,2,1,1,1,2,3,5,5,2.0,0.8,2.2,1.8,1.0,2.6,3,1,5,5,H
2015-02-03,Hannover,Mainz,1.0,1.0,1.6,1.6,1.8,1.0,1,1,2,2,2,2,5,5,1.2,0.4,1.0,0.4,1.8,1.8,2,0,5,5,D
2015-02-03,M'gladbach,Freiburg,2.0,1.2,2.0,1.4,1.2,1.2,3,1,1,3,1,1,5,5,2.0,1.0,2.2,0.8,1.4,1.4,3,1,5,5,H
2015-02-03,Bayern Munich,Schalke 04,2.4,2.0,2.0,1.6,1.0,0.6,4,3,0,1,1,1,5,5,3.0,1.2,3.0,1.4,0.2,1.2,5,2,5,5,D
2015-02-03,Ein Frankfurt,Wolfsburg,1.0,2.2,2.6,2.4,2.8,1.2,1,3,2,2,2,0,5,5,1.4,2.0,3.0,2.6,3.0,1.4,2,3,5,5,D
2015-02-04,Dortmund,Augsburg,1.0,1.8,0.8,1.4,1.0,1.8,1,3,2,0,2,2,5,5,1.4,1.2,0.8,0.8,0.8,1.2,2,2,5,5,A
2015-02-04,FC Koln,Stuttgart,1.4,1.0,1.2,0.4,1.0,1.2,2,1,1,2,2,2,5,5,0.8,2.0,0.8,2.2,1.2,1.6,1,3,5,5,D
2015-02-04,Hertha,Leverkusen,0.8,1.2,1.4,0.6,2.8,0.6,1,1,1,3,3,1,5,5,1.2,1.4,0.8,1.4,1.6,1.2,2,2,5,5,A
2015-02-04,Hoffenheim,Werder Bremen,1.2,1.4,1.8,2.0,1.4,2.6,2,2,0,1,3,2,5,5,1.8,0.6,2.2,1.0,2.0,3.6,3,1,5,5,A
2015-02-04,Paderborn,Hamburg,0.6,1.0,0.6,0.4,1.8,0.8,0,1,3,2,2,2,5,5,1.6,0.4,2.0,0.2,1.4,1.6,2,0,5,5,A
2015-02-06,Schalke 04,M'gladbach,1.6,2.0,1.0,1.6,0.8,0.8,2,3,2,1,1,1,5,5,2.0,0.8,1.8,0.6,1.0,1.0,3,1,5,5,H
2015-02-07,Wolfsburg,Hoffenheim,1.8,1.2,2.0,2.0,1.2,1.6,2,2,3,0,0,3,5,5,2.6,0.6,2.0,1.4,0.6,2.2,4,1,5,5,H
2015-02-07,Stuttgart,Bayern Munich,1.2,2.0,0.4,2.0,0.4,1.2,1,3,3,1,1,1,5,5,0.2,2.4,0.0,2.4,2.0,1.0,0,4,5,5,A
2015-02-07,Mainz,Hertha,1.2,0.8,1.6,1.0,0.8,2.4,1,1,3,1,1,3,5,5,1.0,0.8,2.0,1.8,1.4,2.6,1,1,5,5,A
2015-02-07,Freiburg,Dortmund,1.0,0.4,1.2,0.6,1.2,1.2,1,0,2,2,2,3,5,5,1.6,0.4,1.8,0.6,1.4,1.4,2,0,5,5,A
2015-02-07,FC Koln,Paderborn,1.6,0.4,1.0,0.4,0.6,2.2,2,0,2,2,1,3,5,5,0.4,0.4,0.4,0.2,1.0,2.6,0,0,5,5,D
2015-02-07,Hamburg,Hannover,1.0,1.2,0.6,1.6,0.6,1.4,1,1,2,3,2,1,5,5,1.8,1.0,1.0,2.0,0.8,2.0,3,1,5,5,H
2015-02-08,Augsburg,Ein Frankfurt,1.8,0.6,1.2,1.8,1.6,2.6,3,0,0,3,2,2,5,5,2.4,0.8,2.2,1.4,1.4,2.0,4,1,5,5,D
2015-02-08,Werder Bremen,Leverkusen,2.0,1.8,2.0,0.8,1.8,0.4,3,2,1,3,1,0,5,5,2.6,1.8,2.6,1.0,0.8,0.6,4,3,5,5,H
2015-02-13,Dortmund,Mainz,1.0,1.0,1.2,1.4,1.0,1.0,1,1,2,2,2,2,5,5,1.4,0.6,0.8,0.6,0.8,1.4,2,0,5,5,H
2015-02-14,Werder Bremen,Augsburg,2.4,2.0,1.8,1.6,1.4,1.2,4,3,0,1,1,1,5,5,2.6,1.8,2.6,0.8,1.0,0.8,4,3,5,5,H
2015-02-14,Leverkusen,Wolfsburg,1.6,2.2,0.8,2.4,0.6,1.0,2,3,2,2,1,0,5,5,1.4,1.6,1.4,2.4,0.6,1.4,1,2,5,5,A
2015-02-14,M'gladbach,FC Koln,1.8,1.2,1.4,0.6,0.8,0.4,3,1,0,3,2,1,5,5,2.4,1.8,2.4,2.0,1.4,2.2,4,3,5,5,H
2015-02-14,Ein Frankfurt,Schalke 04,0.8,2.2,1.8,1.0,2.4,0.4,0,3,4,2,1,0,5,5,1.6,1.4,2.4,1.4,2.2,1.0,2,2,5,5,H
2015-02-14,Bayern Munich,Hamburg,2.0,1.4,1.6,1.0,1.2,0.8,3,2,1,1,1,2,5,5,2.6,1.0,2.0,0.8,0.4,1.0,4,1,5,5,H
2015-02-14,Hoffenheim,Stuttgart,0.6,1.0,1.4,0.2,1.8,0.6,1,1,0,2,4,2,5,5,1.2,1.6,2.2,1.2,2.4,0.8,2,2,5,5,H
2015-02-15,Hannover,Paderborn,1.0,0.4,1.2,0.2,1.2,2.0,1,0,2,2,2,3,5,5,1.4,0.6,1.2,0.2,1.4,2.0,2,0,5,5,A
2015-02-15,Hertha,Freiburg,0.8,0.8,1.2,1.2,2.4,1.8,1,1,1,1,3,3,5,5,0.6,1.0,0.2,0.8,1.8,1.2,1,1,5,5,A
2015-02-20,Stuttgart,Dortmund,0.4,1.4,0.2,1.6,1.0,1.0,0,2,2,1,3,2,5,5,0.2,0.8,0.0,0.8,1.6,1.0,0,1,5,5,A
2015-02-21,Schalke 04,Werder Bremen,1.6,3.0,0.6,2.2,0.4,1.0,2,5,2,0,1,0,5,5,2.0,1.2,1.4,1.4,0.6,2.6,3,2,5,5,D
2015-02-21,Paderborn,Bayern Munich,1.0,2.0,0.4,2.8,1.8,1.2,1,3,2,1,2,1,5,5,1.0,2.4,1.4,2.0,1.8,1.0,1,4,5,5,A
2015-02-21,Mainz,Ein Frankfurt,0.8,1.2,1.8,1.2,1.8,1.6,1,1,1,3,3,1,5,5,1.0,1.0,1.8,1.8,1.4,2.2,1,1,5,5,H
2015-02-21,Freiburg,Hoffenheim,1.4,1.2,1.6,1.8,1.4,1.8,2,2,1,0,2,3,5,5,1.0,0.6,1.4,1.2,2.0,2.2,1,1,5,5,D
2015-02-21,Augsburg,Leverkusen,2.0,1.0,2.0,1.4,1.4,1.6,3,1,1,2,1,2,5,5,2.0,1.8,2.0,1.2,1.8,0.8,3,3,5,5,D
2015-02-21,FC Koln,Hannover,1.0,0.4,0.6,1.0,0.6,1.6,1,0,2,2,2,3,5,5,0.6,0.4,0.4,1.8,0.8,2.4,0,0,5,5,D
2015-02-22,Hamburg,M'gladbach,1.4,1.8,1.0,0.8,2.2,0.6,2,3,1,0,2,2,5,5,1.8,0.8,1.2,0.6,1.0,1.0,3,1,5,5,D
2015-02-22,Wolfsburg,Hertha,2.6,0.6,3.0,0.4,1.4,2.0,4,1,1,0,0,4,5,5,2.6,1.4,2.2,2.0,0.6,2.0,4,2,5,5,H
2015-02-27,Bayern Munich,FC Koln,2.0,1.2,3.6,0.6,1.0,0.4,3,1,1,3,1,1,5,5,2.6,1.2,3.2,1.2,0.2,1.8,4,2,5,5,H
2015-02-28,Leverkusen,Freiburg,1.0,1.4,1.6,1.4,1.8,1.2,1,2,2,1,2,2,5,5,1.2,1.0,2.2,1.0,1.6,1.2,1,1,5,5,H
2015-02-28,Hertha,Augsburg,0.6,1.6,0.6,2.0,1.4,1.6,1,2,0,2,4,1,5,5,0.6,1.8,0.2,1.2,1.8,1.2,1,3,5,5,H
2015-02-28,Hoffenheim,Mainz,0.8,1.4,1.0,2.2,2.0,1.6,1,2,1,1,3,2,5,5,1.8,0.4,2.0,1.0,1.8,2.2,3,0,5,5,H
2015-02-28,Ein Frankfurt,Hamburg,1.0,1.4,1.2,1.2,2.0,2.4,1,2,2,1,2,2,5,5,2.2,1.0,2.6,0.8,1.4,2.2,3,1,5,5,H
2015-02-28,Dortmund,Schalke 04,2.0,1.6,2.0,0.8,1.0,0.6,3,2,1,2,1,1,5,5,2.0,1.4,1.6,1.4,1.0,1.0,3,2,5,5,H
2015-02-28,Hannover,Stuttgart,0.4,0.2,0.8,0.6,1.4,1.6,0,0,2,1,3,4,5,5,0.8,1.6,1.2,1.4,1.8,0.8,1,2,5,5,D
2015-03-01,M'gladbach,Paderborn,2.0,0.8,0.8,0.4,0.4,3.0,3,1,1,1,1,3,5,5,2.4,1.2,2.0,0.6,1.2,1.4,4,1,5,5,H
2015-03-01,Werder Bremen,Wolfsburg,2.6,2.6,2.0,3.0,1.0,1.4,4,4,1,1,0,0,5,5,2.6,1.6,2.4,2.6,1.4,2.2,4,2,5,5,A
2015-03-06,Stuttgart,Hertha,0.4,1.2,0.8,0.8,1.6,1.0,0,2,2,0,3,3,5,5,0.2,0.8,0.4,1.8,2.0,2.2,0,1,5,5,D
2015-03-07,Schalke 04,Hoffenheim,1.0,1.4,0.6,1.2,1.2,1.4,1,2,2,1,2,2,5,5,1.6,0.8,0.8,1.4,0.6,1.6,2,1,5,5,H
2015-03-07,Hannover,Bayern Munich,0.6,2.6,1.0,4.2,1.4,0.4,0,4,3,1,2,0,5,5,1.0,2.4,1.2,3.0,1.4,1.0,1,4,5,5,A
2015-03-07,Mainz,M'gladbach,0.8,2.0,1.2,1.0,2.0,0.4,1,3,1,1,3,1,5,5,1.4,1.0,2.0,0.8,1.2,1.0,2,1,5,5,D
2015-03-07,Freiburg,Werder Bremen,0.8,2.0,0.6,2.2,1.2,2.0,1,3,1,1,3,1,5,5,1.2,0.8,1.4,1.2,1.4,2.6,1,1,5,5,A
2015-03-07,Augsburg,Wolfsburg,1.0,2.6,1.4,3.2,1.6,1.8,1,4,2,1,2,0,5,5,1.6,2.2,1.8,3.2,2.0,2.2,2,3,5,5,H
2015-03-07,Hamburg,Dortmund,1.4,2.4,1.4,2.6,2.4,1.0,2,4,1,0,2,1,5,5,1.4,1.4,1.0,1.4,1.2,1.0,2,2,5,5,D
2015-03-08,FC Koln,Ein Frankfurt,0.6,1.6,0.4,1.4,1.2,1.4,0,2,3,2,2,1,5,5,0.8,0.4,0.4,1.4,0.6,2.6,0,0,5,5,H
2015-03-08,Paderborn,Leverkusen,0.8,1.4,0.4,1.8,2.4,1.8,1,2,1,1,3,2,5,5,0.4,1.4,0.8,1.0,2.8,1.0,0,2,5,5,A
2015-03-13,Leverkusen,Stuttgart,1.4,0.4,2.2,0.8,1.8,1.6,2,0,1,2,2,3,5,5,1.2,1.2,1.4,0.8,1.4,0.8,1,1,5,5,H
2015-03-14,Hoffenheim,Hamburg,1.4,1.0,1.2,0.8,1.6,2.4,2,1,1,2,2,2,5,5,1.8,1.0,1.6,0.8,1.2,2.0,3,1,5,5,H
2015-03-14,Augsburg,Mainz,1.0,0.8,1.4,1.4,1.6,2.2,1,1,2,1,2,3,5,5,2.2,0.4,2.0,0.8,1.2,1.8,3,0,5,5,A
2015-03-14,Dortmund,FC Koln,2.6,1.0,2.6,1.2,0.8,1.6,4,1,1,2,0,2,5,5,2.0,1.2,2.0,1.2,1.0,1.6,3,2,5,5,D
2015-03-14,Ein Frankfurt,Paderborn,1.4,0.8,1.6,0.4,2.0,2.4,2,1,1,1,2,3,5,5,2.2,1.0,2.6,0.4,1.6,1.6,3,1,5,5,H
2015-03-14,Hertha,Schalke 04,1.4,1.4,0.8,1.0,0.8,1.2,2,2,1,1,2,2,5,5,1.2,1.4,0.4,1.4,1.6,1.2,2,2,5,5,D
2015-03-14,Werder Bremen,Bayern Munich,2.0,3.0,2.0,4.6,1.8,0.4,3,5,1,0,1,0,5,5,2.4,2.4,2.4,2.8,1.8,1.2,4,4,5,5,A
2015-03-15,Wolfsburg,Freiburg,2.4,0.8,3.0,0.6,1.8,1.2,4,1,0,1,1,3,5,5,2.6,0.8,2.4,0.6,0.8,1.0,4,1,5,5,H
2015-03-15,M'gladbach,Hannover,1.6,0.4,1.2,1.0,0.8,1.8,2,0,2,2,1,3,5,5,3.0,0.6,2.2,1.4,0.6,1.8,5,0,5,5,H
2015-03-20,Hamburg,Hertha,0.4,1.0,0.4,0.8,2.8,1.2,0,1,2,2,3,2,5,5,1.0,1.0,0.6,1.4,1.0,1.6,1,1,5,5,A
2015-03-21,FC Koln,Werder Bremen,1.0,1.4,1.2,1.6,1.6,2.4,1,2,2,1,2,2,5,5,1.4,1.4,1.0,1.4,0.6,2.2,1,2,5,5,D
2015-03-21,Freiburg,Augsburg,0.8,0.8,0.6,1.0,1.2,1.6,1,1,1,1,3,3,5,5,1.0,1.2,1.4,1.0,1.6,1.4,1,2,5,5,H
2015-03-21,Hannover,Dortmund,0.4,2.2,0.8,2.0,1.8,0.8,0,3,2,2,3,0,5,5,1.0,1.6,1.2,1.4,1.4,0.8,1,2,5,5,A
2015-03-21,Paderborn,Hoffenheim,0.6,2.0,0.4,1.8,3.2,1.0,1,3,0,1,4,1,5,5,0.2,0.8,0.4,1.6,3.0,2.0,0,1,5,5,D
2015-03-21,Schalke 04,Leverkusen,1.0,2.0,1.2,2.8,1.6,1.4,1,3,2,1,2,1,5,5,2.2,2.0,1.2,1.6,0.4,0.8,3,3,5,5,A
2015-03-21,Stuttgart,Ein Frankfurt,0.4,1.8,0.8,2.0,2.0,1.6,0,3,2,0,3,2,5,5,0.4,0.4,0.4,1.4,1.2,2.8,0,0,5,5,H
2015-03-22,Mainz,Wolfsburg,1.4,2.4,1.8,3.0,1.8,1.8,2,4,1,0,2,1,5,5,1.4,1.6,2.2,2.6,1.4,2.2,2,2,5,5,D
2015-03-22,Bayern Munich,M'gladbach,3.0,2.2,5.0,1.6,0.4,0.6,5,3,0,2,0,0,5,5,2.6,1.0,3.2,1.0,0.4,1.2,4,1,5,5,A
2015-04-04,Dortmund,Bayern Munich,2.2,2.4,1.8,3.4,0.8,0.8,3,4,2,0,0,1,5,5,1.6,2.4,1.8,3.2,1.0,1.0,2,4,5,5,A
2015-04-04,Ein Frankfurt,Hannover,1.2,0.4,2.0,1.0,2.2,2.0,2,0,0,2,3,3,5,5,2.2,0.4,2.4,0.8,1.2,1.6,3,0,5,5,D
2015-04-04,Freiburg,FC Koln,0.8,1.2,0.6,1.4,1.2,1.6,1,1,1,3,3,1,5,5,1.4,0.8,1.4,0.8,1.2,1.4,2,1,5,5,H
2015-04-04,Hoffenheim,M'gladbach,1.6,2.2,1.4,1.8,0.8,0.6,2,3,2,2,1,0,5,5,1.8,1.6,1.6,1.2,0.8,0.8,3,2,5,5,A
2015-04-04,Leverkusen,Hamburg,2.6,0.4,2.2,0.4,0.4,1.4,4,0,1,2,0,3,5,5,1.6,0.8,2.0,0.8,1.2,2.6,2,1,5,5,H
2015-04-04,Wolfsburg,Stuttgart,2.0,1.0,2.2,1.2,1.2,1.8,3,1,1,2,1,2,5,5,3.0,1.0,2.8,0.6,0.6,1.4,5,1,5,5,H
2015-04-04,Werder Bremen,Mainz,1.0,1.6,1.2,1.6,2.2,1.2,1,2,2,2,2,1,5,5,1.8,1.0,2.0,1.0,2.4,1.4,3,1,5,5,D
2015-04-05,Hertha,Paderborn,1.6,0.2,1.0,0.0,0.8,3.0,2,0,2,1,1,4,5,5,0.8,0.8,0.6,0.4,2.0,2.4,1,1,5,5,H
2015-04-05,Augsburg,Schalke 04,0.8,1.0,0.6,1.2,1.4,1.6,1,1,1,2,3,2,5,5,1.6,1.0,1.6,1.0,1.4,1.6,2,1,5,5,D
2015-04-10,Hannover,Hertha,0.4,2.2,1.2,1.2,2.2,0.4,0,3,2,2,3,0,5,5,0.4,1.4,1.2,0.8,2.0,0.8,0,2,5,5,D
2015-04-11,Bayern Munich,Ein Frankfurt,2.4,1.4,2.4,2.2,0.8,2.0,4,2,0,1,1,2,5,5,2.0,0.2,3.0,1.4,0.8,3.2,3,0,5,5,H
2015-04-11,Hamburg,Wolfsburg,0.2,2.0,0.2,2.4,2.0,1.2,0,3,1,1,4,1,5,5,1.0,1.6,0.6,2.4,1.0,2.0,1,2,5,5,A
2015-04-11,Mainz,Leverkusen,1.2,3.0,1.0,2.6,1.0,0.0,1,5,3,0,1,0,5,5,1.6,2.0,2.2,1.6,1.2,0.8,2,3,5,5,A
2015-04-11,M'gladbach,Dortmund,2.6,1.6,2.4,1.2,0.6,0.6,4,2,1,2,0,1,5,5,3.0,2.2,2.0,1.8,0.2,0.8,5,3,5,5,H
2015-04-11,Paderborn,Augsburg,0.2,0.8,0.0,0.2,2.2,1.0,0,1,1,1,4,3,5,5,0.2,0.6,0.2,0.6,2.8,1.6,0,1,5,5,H
2015-04-11,Schalke 04,Freiburg,1.0,1.2,1.0,0.6,1.4,1.0,1,2,2,0,2,3,5,5,2.0,0.6,1.2,0.4,0.6,1.4,3,1,5,5,D
2015-04-12,FC Koln,Hoffenheim,1.0,1.4,1.2,1.4,1.6,1.4,1,2,2,1,2,2,5,5,1.4,0.4,1.2,0.6,0.8,2.0,1,0,5,5,H
2015-04-12,Stuttgart,Werder Bremen,1.0,1.0,1.0,1.0,1.8,2.0,1,1,2,2,2,2,5,5,0.8,1.6,1.0,1.2,1.4,1.4,1,2,5,5,H
2015-04-17,Ein Frankfurt,M'gladbach,0.8,2.6,1.8,2.6,2.4,0.8,1,4,1,1,3,0,5,5,2.2,1.6,2.0,1.8,0.8,1.0,3,2,5,5,D
2015-04-18,Hertha,FC Koln,1.8,1.6,1.2,1.6,0.6,1.2,2,2,3,2,0,1,5,5,1.4,0.8,1.0,0.6,1.0,1.2,2,1,5,5,D
2015-04-18,Freiburg,Mainz,1.4,1.2,0.6,1.4,0.8,1.2,2,1,1,3,2,1,5,5,1.4,1.0,0.8,1.0,1.0,1.4,2,1,5,5,A
2015-04-18,Hoffenheim,Bayern Munich,0.8,2.4,1.4,2.2,2.0,0.6,1,4,1,0,3,1,5,5,1.8,3.0,1.8,3.2,1.4,0.2,3,5,5,5,A
2015-04-18,Augsburg,Stuttgart,0.8,1.4,0.4,1.4,1.2,2.0,1,2,1,1,3,2,5,5,1.2,0.4,1.0,0.6,1.2,2.0,1,0,5,5,H
2015-04-18,Dortmund,Paderborn,1.0,0.8,0.8,0.4,1.2,2.0,1,1,2,1,2,3,5,5,1.4,0.8,1.4,0.4,0.8,1.8,2,1,5,5,H
2015-04-18,Leverkusen,Hannover,3.0,0.4,3.0,1.2,0.4,2.2,5,0,0,2,0,3,5,5,2.0,0.4,2.6,0.8,1.0,1.6,3,0,5,5,H
2015-04-19,Wolfsburg,Schalke 04,2.0,1.2,1.8,1.0,0.6,0.8,3,1,1,3,1,1,5,5,3.0,0.6,3.0,0.6,0.6,1.4,5,0,5,5,D
2015-04-19,Werder Bremen,Hamburg,1.0,0.2,0.8,0.0,1.6,2.0,1,0,2,1,2,4,5,5,1.4,0.6,1.6,0.8,2.4,3.4,2,1,5,5,H
2015-04-24,Mainz,Schalke 04,1.6,0.8,1.6,0.6,1.2,0.8,2,0,2,4,1,1,5,5,1.0,0.6,1.6,0.6,1.8,1.4,1,0,5,5,H
2015-04-25,Bayern Munich,Hertha,2.4,1.8,2.0,1.2,0.4,0.6,4,2,0,3,1,0,5,5,2.0,1.6,3.2,1.0,0.8,0.6,3,2,5,5,H
2015-04-25,Dortmund,Ein Frankfurt,1.4,1.0,1.4,1.4,1.2,1.6,2,1,1,2,2,2,5,5,2.0,0.2,2.0,1.2,0.6,3.0,3,0,5,5,H
2015-04-25,FC Koln,Leverkusen,1.2,3.0,0.8,3.2,0.8,0.4,1,5,3,0,1,0,5,5,1.8,2.0,1.8,2.0,1.2,1.2,2,3,5,5,D
2015-04-25,Hamburg,Augsburg,0.0,0.8,0.0,0.6,2.2,1.4,0,1,0,1,5,3,5,5,1.0,0.6,0.6,0.8,1.0,1.6,1,1,5,5,H
2015-04-25,Hannover,Hoffenheim,0.4,0.8,1.0,1.2,2.4,1.8,0,1,2,1,3,3,5,5,0.4,0.4,1.2,0.8,2.0,2.0,0,0,5,5,A
2015-04-25,Stuttgart,Freiburg,1.2,1.4,1.6,1.0,2.4,1.2,2,2,0,1,3,2,5,5,1.4,0.8,1.6,0.4,1.6,1.0,2,1,5,5,D
2015-04-26,M'gladbach,Wolfsburg,2.6,2.2,2.2,2.0,0.4,0.6,4,3,1,2,0,0,5,5,3.0,2.0,1.8,2.6,0.2,1.8,5,3,5,5,H
2015-04-26,Paderborn,Werder Bremen,0.8,1.0,0.4,0.8,2.0,1.6,1,1,1,2,3,2,5,5,0.8,1.6,0.4,1.4,2.6,1.2,1,2,5,5,D
2015-05-02,Werder Bremen,Ein Frankfurt,1.2,0.4,1.2,0.6,1.2,2.0,1,0,3,2,1,3,5,5,1.4,0.0,1.4,0.8,2.2,3.0,2,0,5,5,H
2015-05-02,Wolfsburg,Hannover,1.6,0.4,1.4,1.2,0.8,2.4,2,0,2,2,1,3,5,5,2.6,0.4,2.4,0.8,0.6,2.2,4,0,5,5,D
2015-05-02,Leverkusen,Bayern Munich,2.6,2.4,2.6,1.4,0.6,0.4,4,4,1,0,0,1,5,5,2.4,3.0,3.4,3.2,1.0,0.2,4,5,5,5,H
2015-05-02,Schalke 04,Stuttgart,0.6,1.4,0.2,2.0,0.8,2.0,0,2,3,1,2,2,5,5,1.6,0.2,1.0,0.8,0.6,2.4,2,0,5,5,H
2015-05-02,Freiburg,Paderborn,1.6,1.0,1.4,0.8,1.0,1.6,2,1,2,2,1,2,5,5,1.4,0.6,1.2,0.4,1.0,2.4,2,1,5,5,A
2015-05-02,Augsburg,FC Koln,0.8,1.2,1.0,1.0,1.6,1.0,1,1,1,3,3,1,5,5,1.6,0.4,1.0,0.2,1.0,1.2,2,0,5,5,D
2015-05-02,Hoffenheim,Dortmund,0.8,1.8,1.0,1.8,2.0,1.2,1,3,1,0,3,2,5,5,1.8,2.0,1.6,2.0,1.4,1.4,3,3,5,5,D
2015-05-03,Hertha,M'gladbach,1.6,2.6,0.8,2.0,0.4,0.4,2,4,2,1,1,0,5,5,1.6,1.8,1.0,1.8,0.8,0.8,2,2,5,5,A
2015-05-03,Mainz,Hamburg,1.6,0.6,1.6,0.6,1.2,2.0,2,1,2,0,1,4,5,5,1.6,0.0,2.0,0.2,1.4,3.6,2,0,5,5,A
2015-05-08,Hamburg,Freiburg,1.2,1.0,1.0,1.2,2.0,1.4,2,1,0,2,3,2,5,5,1.0,1.0,0.8,0.8,1.2,1.2,1,1,5,5,D
2015-05-09,Bayern Munich,Augsburg,2.4,1.0,1.4,1.0,0.4,1.2,4,1,0,2,1,2,5,5,2.4,0.0,3.2,1.0,0.6,2.2,4,0,5,5,A
2015-05-09,Dortmund,Hertha,1.4,1.0,1.4,0.8,1.0,0.8,2,1,1,2,2,2,5,5,2.0,1.0,1.6,0.6,0.2,0.8,3,1,5,5,H
2015-05-09,Ein Frankfurt,Hoffenheim,0.4,0.8,0.4,1.2,1.6,2.2,0,1,2,1,3,3,5,5,2.2,1.0,1.8,1.2,0.6,1.6,3,1,5,5,H
2015-05-09,Hannover,Werder Bremen,0.6,1.6,1.2,1.2,2.2,1.0,0,2,3,2,2,1,5,5,0.4,1.2,1.2,1.4,2.0,1.4,0,1,5,5,D
2015-05-09,M'gladbach,Leverkusen,2.6,2.6,2.0,2.8,0.6,0.6,4,4,1,1,0,0,5,5,3.0,2.2,1.8,2.0,0.2,1.0,5,3,5,5,H
2015-05-09,Stuttgart,Mainz,0.8,1.4,1.8,1.6,2.4,1.4,1,2,1,1,3,2,5,5,1.6,1.4,2.0,1.4,1.6,1.6,2,2,5,5,H
2015-05-10,Paderborn,Wolfsburg,1.4,1.6,1.2,1.6,1.8,1.0,2,2,1,2,2,1,5,5,1.0,1.4,0.8,1.6,2.4,1.2,1,2,5,5,A
2015-05-10,FC Koln,Schalke 04,1.2,1.2,0.8,0.8,0.8,1.0,1,1,3,3,1,1,5,5,1.8,0.6,2.0,0.6,1.4,1.6,2,0,5,5,H
2015-05-16,Stuttgart,Hamburg,1.4,1.4,2.0,1.2,1.8,1.4,2,2,1,1,2,2,5,5,2.2,0.6,2.0,0.6,1.0,2.2,3,1,5,5,H
2015-05-16,Schalke 04,Paderborn,1.0,1.4,0.8,1.4,1.4,2.0,1,2,2,1,2,2,5,5,1.6,0.6,1.4,0.4,1.0,2.4,2,1,5,5,H
2015-05-16,Werder Bremen,M'gladbach,1.6,2.6,1.4,1.8,1.2,0.4,2,4,2,1,1,0,5,5,1.4,2.2,1.0,2.0,1.8,0.8,2,3,5,5,A
2015-05-16,Mainz,FC Koln,1.2,1.8,1.6,1.2,1.8,0.6,2,2,0,3,3,0,5,5,1.0,0.6,1.6,0.2,1.6,1.0,1,0,5,5,H
2015-05-16,Wolfsburg,Dortmund,1.6,2.0,1.6,1.8,1.0,0.8,2,3,2,1,1,1,5,5,2.2,1.6,2.2,1.6,1.0,1.6,3,2,5,5,H
2015-05-16,Hertha,Ein Frankfurt,0.4,0.8,0.4,0.6,1.2,1.4,0,1,2,1,3,3,5,5,1.6,0.0,1.2,0.6,0.8,2.6,2,0,5,5,D
2015-05-16,Freiburg,Bayern Munich,0.6,1.8,1.2,1.2,1.6,0.6,0,3,3,0,2,2,5,5,1.2,2.4,1.2,2.0,1.2,0.6,2,4,5,5,H
2015-05-16,Augsburg,Hannover,1.4,0.6,1.2,1.0,1.2,2.0,2,0,1,3,2,2,5,5,1.6,0.6,0.6,1.0,0.6,2.2,2,0,5,5,A
2015-05-16,Leverkusen,Hoffenheim,2.0,0.8,2.0,1.2,1.2,2.0,3,1,1,1,1,3,5,5,3.0,0.8,3.0,1.2,0.0,2.0,5,1,5,5,H
2015-05-23,M'gladbach,Augsburg,2.6,1.4,1.6,1.2,0.2,1.2,4,2,1,1,0,2,5,5,3.0,0.6,2.2,0.8,0.2,1.6,5,1,5,5,A
2015-05-23,Hoffenheim,Hertha,0.8,0.4,0.8,0.2,1.8,1.0,1,0,1,2,3,3,5,5,1.4,1.0,1.4,0.4,1.4,0.8,2,1,5,5,H
2015-05-23,Paderborn,Stuttgart,0.8,1.4,1.0,1.8,2.0,1.6,1,2,1,1,3,2,5,5,1.0,0.2,1.0,1.0,1.8,2.6,1,0,5,5,A
2015-05-23,Hannover,Freiburg,1.0,1.0,1.2,1.6,2.0,1.8,1,1,2,2,2,2,5,5,0.4,0.6,1.2,0.6,2.0,1.4,0,0,5,5,H
2015-05-23,Hamburg,Schalke 04,1.4,1.4,1.4,1.0,1.4,1.4,2,2,1,1,2,2,5,5,1.0,0.6,0.8,0.6,1.2,1.4,1,0,5,5,H
2015-05-23,FC Koln,Wolfsburg,1.2,1.6,0.6,1.6,0.6,1.2,1,2,3,2,1,1,5,5,2.2,1.4,2.2,1.2,1.2,0.8,3,2,5,5,D
2015-05-23,Ein Frankfurt,Leverkusen,1.0,2.0,0.6,1.8,0.8,0.8,1,3,2,1,2,1,5,5,2.2,2.0,2.2,1.6,0.8,1.2,3,3,5,5,H
2015-05-23,Dortmund,Werder Bremen,2.0,1.6,1.8,1.0,0.6,1.0,3,2,1,2,1,1,5,5,2.0,1.2,1.4,1.4,0.2,1.4,3,1,5,5,H
2015-05-23,Bayern Munich,Mainz,1.2,1.8,0.8,1.6,1.0,1.2,2,3,0,0,3,2,5,5,1.8,1.4,1.6,1.0,0.8,1.2,3,2,5,5,H
2015-08-14,Bayern Munich,Hamburg,1.2,2.0,0.8,1.8,1.0,1.2,2,3,0,1,3,1,5,5,1.8,0.6,1.2,0.6,0.6,2.2,3,1,5,5,H
2015-08-15,Werder Bremen,Schalke 04,1.0,1.2,1.2,0.8,1.6,1.6,1,2,2,0,2,3,5,5,1.4,0.4,0.4,0.2,1.2,1.4,2,0,5,5,A
2015-08-15,Mainz,Ingolstadt,1.2,0.0,1.0,0.0,1.2,0.0,2,0,0,0,3,0,5,0,1.4,0.0,1.6,0.0,1.2,0.0,2,0,5,0,A
2015-08-15,Leverkusen,Hoffenheim,1.4,1.4,1.2,1.2,1.2,1.6,2,2,1,1,2,2,5,5,3.0,0.8,3.2,1.0,0.0,1.8,5,1,5,5,H
2015-08-15,Darmstadt,Hannover,0.0,1.6,0.0,1.6,0.0,1.4,0,2,0,2,0,1,0,5,0.0,1.0,0.0,1.2,0.0,2.2,0,1,0,5,D
2015-08-15,Augsburg,Hertha,1.4,0.2,1.4,0.4,1.2,1.4,2,0,1,1,2,4,5,5,1.0,0.8,0.6,0.6,1.0,1.2,1,1,5,5,A
2015-08-15,Dortmund,M'gladbach,2.0,2.4,1.8,1.8,1.0,0.8,3,4,1,0,1,1,5,5,2.4,2.6,2.0,2.0,0.6,0.4,4,4,5,5,H
2015-08-16,Stuttgart,FC Koln,2.0,1.2,2.0,1.0,1.4,1.0,3,1,1,3,1,1,5,5,2.6,0.6,2.4,0.0,1.2,0.6,4,0,5,5,A
2015-08-16,Wolfsburg,Ein Frankfurt,1.6,1.4,1.8,1.0,1.4,1.0,2,2,2,1,1,2,5,5,2.2,0.2,2.2,0.2,1.0,1.8,3,0,5,5,H
2015-08-21,Hertha,Werder Bremen,0.8,0.8,0.6,0.8,1.2,1.8,1,1,1,1,3,3,5,5,1.2,0.6,1.0,1.6,0.8,2.0,1,0,5,5,D
2015-08-22,Hoffenheim,Bayern Munich,0.8,1.2,1.0,1.6,1.8,1.0,1,2,1,0,3,3,5,5,1.4,1.8,1.4,1.6,1.6,0.8,2,3,5,5,A
2015-08-22,Schalke 04,Darmstadt,1.8,1.0,1.4,2.0,1.2,2.0,3,0,0,1,2,0,5,1,2.0,0.0,1.4,0.0,0.8,0.0,3,0,5,0,D
2015-08-22,Hannover,Leverkusen,1.8,1.8,1.8,1.4,1.4,1.2,2,3,3,0,0,2,5,5,1.0,1.4,1.4,1.2,1.6,1.6,1,2,5,5,A
2015-08-22,Hamburg,Stuttgart,1.4,1.8,1.2,1.8,1.8,1.6,2,3,1,0,2,2,5,5,1.4,0.6,1.2,1.2,1.2,2.6,2,1,5,5,H
2015-08-22,FC Koln,Wolfsburg,1.6,2.2,1.4,2.2,1.0,1.4,2,3,2,2,1,0,5,5,1.8,1.6,1.8,1.6,1.2,1.0,2,2,5,5,D
2015-08-22,Ein Frankfurt,Augsburg,1.4,1.4,1.2,1.0,1.0,0.8,2,2,1,1,2,2,5,5,2.2,1.2,2.2,1.4,0.8,1.6,3,2,5,5,D
2015-08-23,Ingolstadt,Dortmund,3.0,2.0,1.0,2.2,0.0,1.0,1,3,0,1,0,1,1,5,0.0,1.0,0.0,1.2,0.0,1.6,0,1,0,5,A
2015-08-23,M'gladbach,Mainz,1.8,0.6,1.6,0.6,1.6,1.4,3,1,0,0,2,4,5,5,2.4,1.4,2.0,1.0,0.8,1.2,4,2,5,5,A
2015-08-28,Wolfsburg,Schalke 04,2.2,1.4,2.0,1.0,1.2,1.0,3,2,2,1,0,2,5,5,2.2,0.8,2.0,0.8,1.2,1.4,3,1,5,5,H
2015-08-29,Augsburg,Ingolstadt,1.4,1.5,1.2,0.5,1.0,2.0,2,1,1,0,2,1,5,2,1.0,3.0,0.6,1.0,0.8,0.0,1,1,5,1,A
2015-08-29,Bayern Munich,Leverkusen,1.8,1.8,2.0,1.2,0.8,1.2,3,3,0,0,2,2,5,5,2.4,1.4,2.2,1.2,0.2,1.6,4,2,5,5,H
2015-08-29,Darmstadt,Hoffenheim,1.0,0.6,1.5,1.0,1.5,2.0,0,1,2,0,0,4,2,5,1.0,0.6,2.0,1.2,2.0,2.2,0,1,1,5,D
2015-08-29,FC Koln,Hamburg,1.6,1.4,1.6,1.4,1.2,2.0,2,2,2,1,1,2,5,5,1.8,0.6,1.8,0.6,1.2,2.6,2,1,5,5,H
2015-08-29,Mainz,Hannover,1.2,1.6,0.8,1.4,1.2,1.2,2,2,0,2,3,1,5,5,1.2,1.2,1.4,1.6,1.2,2.2,2,1,5,5,H
2015-08-29,Stuttgart,Ein Frankfurt,1.8,1.6,1.8,1.4,1.6,1.0,3,2,0,2,2,1,5,5,2.0,0.2,2.0,0.2,1.6,1.6,3,0,5,5,A
2015-08-30,Dortmund,Hertha,2.4,1.0,2.8,0.6,0.8,1.0,4,1,0,2,1,2,5,5,3.0,0.8,2.8,0.6,0.4,1.2,5,1,5,5,H
2015-08-30,Werder Bremen,M'gladbach,0.4,1.2,0.8,1.4,2.0,1.8,0,2,2,0,3,3,5,5,1.4,2.0,0.4,1.6,1.0,1.2,2,3,5,5,H
2015-09-11,M'gladbach,Hamburg,0.6,1.2,1.0,1.4,2.2,2.2,1,2,0,0,4,3,5,5,1.8,0.6,1.8,0.8,1.2,2.2,3,1,5,5,A
2015-09-12,Leverkusen,Darmstadt,1.8,1.0,1.2,1.0,1.2,1.0,3,0,0,3,2,0,5,3,3.0,1.0,2.8,1.0,0.2,1.0,5,0,5,1,A
2015-09-12,Hertha,Stuttgart,1.0,1.2,0.8,1.6,1.2,2.4,1,2,2,0,2,3,5,5,1.2,0.6,0.8,1.6,0.6,2.4,1,1,5,5,H
2015-09-12,Ingolstadt,Wolfsburg,2.0,2.2,0.6666666666666666,2.0,1.3333333333333333,1.0,2,3,0,2,1,0,3,5,0.0,1.6,0.0,1.6,4.0,1.0,0,2,1,5,D
2015-09-12,Ein Frankfurt,FC Koln,1.6,1.6,1.6,1.6,1.0,1.4,2,2,2,2,1,1,5,5,1.8,1.0,1.6,0.6,1.0,0.8,2,1,5,5,H
2015-09-12,Bayern Munich,Augsburg,2.4,0.8,2.6,1.0,0.6,1.2,4,1,0,1,1,3,5,5,2.4,1.4,2.2,1.6,0.2,1.4,4,2,5,5,H
2015-09-12,Hannover,Dortmund,1.4,2.4,1.2,3.0,1.6,1.0,2,4,1,0,2,1,5,5,1.0,1.4,1.0,2.0,1.2,1.6,1,2,5,5,A
2015-09-13,Hoffenheim,Werder Bremen,0.8,0.8,0.8,1.0,1.4,2.0,1,1,1,1,3,3,5,5,0.8,0.6,1.0,1.6,2.0,2.0,1,0,5,5,A
2015-09-13,Schalke 04,Mainz,1.4,1.8,1.0,1.4,1.2,0.8,2,3,1,0,2,2,5,5,1.6,1.4,1.0,1.0,0.8,1.4,2,2,5,5,H
2015-09-18,Mainz,Hoffenheim,1.2,0.8,1.2,1.0,1.2,1.6,2,1,0,1,3,3,5,5,1.8,0.8,1.6,0.8,0.6,1.6,3,1,5,5,H
2015-09-19,Wolfsburg,Hertha,1.8,1.4,1.6,1.2,0.8,1.4,2,2,3,1,0,2,5,5,2.2,0.6,2.0,0.6,1.0,1.6,3,1,5,5,H
2015-09-19,Hamburg,Ein Frankfurt,1.8,2.0,1.8,2.8,1.8,1.4,3,3,0,1,2,1,5,5,2.0,0.8,1.8,1.0,1.4,1.2,3,1,5,5,D
2015-09-19,Werder Bremen,Ingolstadt,1.4,1.75,1.6,0.5,1.8,1.0,2,2,1,1,2,1,5,4,1.8,3.0,0.8,1.0,1.2,0.0,3,2,5,2,A
2015-09-19,Darmstadt,Bayern Munich,1.5,3.0,1.0,2.8,0.75,0.4,1,5,3,0,0,0,4,5,1.0,1.8,1.0,1.2,1.0,1.0,0,3,2,5,A
2015-09-19,FC Koln,M'gladbach,1.6,0.0,2.0,0.6,2.2,2.8,2,0,2,0,1,5,5,5,1.8,1.4,1.6,1.0,1.0,1.4,2,2,5,5,H
2015-09-20,Dortmund,Leverkusen,3.0,1.2,3.6,0.8,1.0,1.4,5,2,0,0,0,3,5,5,3.0,0.8,2.8,0.6,0.6,1.8,5,1,5,5,H
2015-09-20,Stuttgart,Schalke 04,0.6,1.4,1.4,1.2,2.6,1.4,1,2,0,1,4,2,5,5,1.4,0.6,1.6,0.6,2.0,1.8,2,1,5,5,A
2015-09-20,Augsburg,Hannover,0.8,0.8,1.0,1.2,1.2,2.2,1,1,1,1,3,3,5,5,0.8,1.0,0.6,1.2,1.0,2.4,1,1,5,5,H
2015-09-22,Bayern Munich,Wolfsburg,3.0,2.2,3.0,1.6,0.4,0.4,5,3,0,2,0,0,5,5,2.4,1.2,2.4,1.2,0.4,1.0,4,1,5,5,H
2015-09-22,Darmstadt,Werder Bremen,1.2,1.4,0.8,1.2,1.2,1.4,1,2,3,1,1,2,5,5,0.6666666666666666,1.2,0.6666666666666666,1.8,1.6666666666666667,1.6,0,1,3,5,H
2015-09-22,Hertha,FC Koln,1.4,2.0,1.0,1.8,1.4,1.8,2,3,1,1,2,1,5,5,1.2,1.0,0.8,1.0,0.8,1.8,1,1,5,5,H
2015-09-22,Ingolstadt,Hamburg,2.0,1.4,0.6,1.4,0.8,1.8,3,2,1,1,1,2,5,5,0.5,1.2,0.0,1.4,2.0,2.0,0,2,2,5,A
2015-09-23,M'gladbach,Augsburg,0.0,0.8,0.4,0.8,2.4,1.0,0,1,0,1,5,3,5,5,1.2,1.4,1.2,1.6,1.6,1.4,2,2,5,5,H
2015-09-23,Schalke 04,Ein Frankfurt,2.0,1.6,1.4,2.4,1.0,1.2,3,2,1,2,1,1,5,5,2.2,1.0,1.4,1.0,0.8,0.8,3,1,5,5,H
2015-09-23,Hoffenheim,Dortmund,0.2,3.0,0.8,3.6,2.0,0.6,0,5,1,0,4,0,5,5,0.8,1.4,1.0,2.2,1.8,1.6,1,2,5,5,D
2015-09-23,Hannover,Stuttgart,0.2,0.0,0.8,1.0,2.4,2.6,0,0,1,0,4,5,5,5,0.8,0.6,1.2,1.6,1.8,2.2,1,1,5,5,A
2015-09-23,Leverkusen,Mainz,1.2,1.8,0.6,1.8,1.6,1.0,2,3,0,0,3,2,5,5,2.4,1.2,2.0,1.2,0.4,1.8,4,2,5,5,H
2015-09-25,FC Koln,Ingolstadt,1.4,1.4,1.2,0.4,2.0,1.0,2,2,1,1,2,2,5,5,2.2,3.0,1.6,1.0,0.8,0.0,3,3,5,3,D
2015-09-26,Werder Bremen,Leverkusen,1.4,1.2,1.4,0.4,1.2,1.4,2,2,1,0,2,3,5,5,1.2,0.6,0.6,0.4,1.4,2.2,2,1,5,5,A
2015-09-26,Stuttgart,M'gladbach,0.6,0.6,1.4,1.2,2.2,2.0,1,1,0,0,4,4,5,5,1.2,1.2,1.2,1.0,1.8,1.6,2,2,5,5,A
2015-09-26,Wolfsburg,Hannover,1.6,0.0,1.4,0.6,1.2,2.6,2,0,2,0,1,5,5,5,2.6,1.0,2.2,1.2,0.8,2.0,4,1,5,5,D
2015-09-26,Hamburg,Schalke 04,2.0,2.0,1.6,1.2,0.8,1.0,3,3,1,1,1,1,5,5,2.2,1.2,1.8,0.8,1.0,1.4,3,2,5,5,A
2015-09-26,Augsburg,Hoffenheim,0.8,0.4,1.2,0.8,1.6,1.8,1,0,1,2,3,3,5,5,0.8,0.2,0.6,0.6,0.8,2.0,1,0,5,5,A
2015-09-26,Mainz,Bayern Munich,1.8,3.0,1.8,3.0,1.0,0.6,3,5,0,0,2,0,5,5,1.8,1.8,1.8,1.6,0.8,1.0,3,3,5,5,A
2015-09-27,Dortmund,Darmstadt,2.6,1.6,3.0,0.8,0.8,1.0,4,2,1,2,0,1,5,5,3.0,2.0,3.0,1.0,0.6,0.5,5,1,5,2,D
2015-09-27,Ein Frankfurt,Hertha,1.6,1.4,2.2,1.2,1.2,1.4,2,2,2,1,1,2,5,5,2.2,0.6,2.4,0.6,1.0,1.8,3,1,5,5,D
2015-10-02,Darmstadt,Mainz,1.6,1.2,1.0,1.4,1.2,1.4,2,2,2,0,1,3,5,5,1.25,0.6,1.0,0.6,1.5,1.6,1,1,4,5,A
2015-10-03,M'gladbach,Wolfsburg,1.2,1.6,1.6,1.4,1.8,1.2,2,2,0,2,3,1,5,5,1.2,1.2,1.8,1.4,2.0,1.8,2,1,5,5,H
2015-10-03,Hannover,Werder Bremen,0.2,1.2,0.8,1.2,2.6,1.6,0,2,1,0,4,3,5,5,0.8,1.0,1.2,1.6,2.0,1.6,1,1,5,5,H
2015-10-03,Hertha,Hamburg,1.4,1.4,1.2,1.0,1.4,0.6,2,2,1,1,2,2,5,5,1.6,1.2,1.2,1.2,0.8,1.8,2,2,5,5,H
2015-10-03,Hoffenheim,Stuttgart,1.0,0.6,1.2,1.2,1.6,2.2,1,1,2,0,2,4,5,5,1.0,1.2,1.2,2.0,1.6,2.0,1,2,5,5,D
2015-10-03,Ingolstadt,Ein Frankfurt,1.6,1.6,0.6,2.2,0.4,1.2,2,2,2,2,1,1,5,5,0.3333333333333333,1.0,0.0,1.0,1.6666666666666667,1.0,0,1,3,5,H
2015-10-04,Leverkusen,Augsburg,1.2,0.6,0.8,1.2,1.4,2.0,2,1,0,0,3,4,5,5,2.4,1.4,1.4,1.6,0.4,1.6,4,2,5,5,D
2015-10-04,Schalke 04,FC Koln,2.4,1.4,1.2,1.2,0.8,2.0,4,2,0,1,1,2,5,5,2.6,0.8,1.8,1.0,0.8,2.2,4,1,5,5,A
2015-10-04,Bayern Munich,Dortmund,3.0,2.2,3.2,2.6,0.4,1.2,5,3,0,2,0,0,5,5,3.0,1.6,3.4,2.2,0.4,1.2,5,2,5,5,H
2015-10-16,Mainz,Dortmund,1.2,1.6,1.4,2.2,1.8,2.0,2,2,0,2,3,1,5,5,1.8,1.4,1.6,2.2,1.0,2.0,3,2,5,5,A
2015-10-17,Augsburg,Darmstadt,0.8,1.4,1.4,1.4,2.0,1.8,1,2,1,1,3,2,5,5,0.6,1.6666666666666667,0.8,1.3333333333333333,1.4,1.0,1,1,5,3,A
2015-10-17,Ein Frankfurt,M'gladbach,1.0,1.8,1.4,1.8,1.4,1.4,1,3,2,0,2,2,5,5,2.2,1.2,2.6,1.2,1.2,1.6,3,2,5,5,A
2015-10-17,Hamburg,Leverkusen,1.4,1.4,0.8,1.0,0.8,1.0,2,2,1,1,2,2,5,5,1.6,1.2,1.2,1.0,0.8,1.6,2,2,5,5,D
2015-10-17,Schalke 04,Hertha,2.4,2.0,1.2,1.6,0.8,0.8,4,3,0,1,1,1,5,5,2.0,0.8,1.2,0.8,1.0,1.6,3,1,5,5,H
2015-10-17,Werder Bremen,Bayern Munich,0.6,3.0,0.8,3.6,1.6,0.6,1,5,0,0,4,0,5,5,0.6,1.8,0.4,1.8,2.0,1.0,1,3,5,5,A
2015-10-17,Wolfsburg,Hoffenheim,1.0,1.0,0.8,1.6,1.6,2.0,1,1,2,2,2,2,5,5,2.6,0.8,2.0,1.0,0.6,1.6,4,1,5,5,H
2015-10-18,Stuttgart,Ingolstadt,0.8,1.6,1.4,0.8,1.8,0.4,1,2,1,2,3,1,5,5,0.6,2.5,1.0,1.0,2.4,0.25,1,3,5,4,H
2015-10-18,FC Koln,Hannover,1.4,0.8,1.4,1.0,1.8,2.0,2,1,1,1,2,3,5,5,1.8,1.0,1.4,1.0,1.0,1.8,2,1,5,5,A
2015-10-23,Hoffenheim,Hamburg,1.0,1.0,1.8,0.2,2.2,0.8,1,1,2,2,2,2,5,5,1.0,1.2,1.4,1.0,1.8,2.0,1,2,5,5,A
2015-10-24,Bayern Munich,FC Koln,3.0,1.4,3.4,1.0,0.4,0.8,5,2,0,1,0,2,5,5,3.0,1.2,4.0,1.6,0.6,2.2,5,2,5,5,H
2015-10-24,Darmstadt,Wolfsburg,1.4,1.4,1.6,1.6,1.8,2.0,2,2,1,1,2,2,5,5,1.0,0.6,1.2,0.8,1.8,2.0,1,0,5,5,A
2015-10-24,Hannover,Ein Frankfurt,1.4,0.4,0.8,0.4,1.2,2.0,2,0,1,2,2,3,5,5,1.2,0.8,1.2,1.0,1.8,1.4,2,1,5,5,A
2015-10-24,Ingolstadt,Hertha,1.4,1.4,0.8,1.4,0.6,1.0,2,2,1,1,2,2,5,5,1.0,0.8,0.5,0.8,1.25,1.6,1,1,4,5,A
2015-10-24,Leverkusen,Stuttgart,1.6,1.4,1.0,1.4,0.8,1.4,2,2,2,1,1,2,5,5,2.0,1.4,1.2,2.0,0.6,1.8,3,2,5,5,H
2015-10-24,Mainz,Werder Bremen,1.2,0.0,1.2,0.2,1.8,1.6,2,0,0,0,3,5,5,5,1.2,0.8,1.2,1.4,1.4,1.6,2,1,5,5,A
2015-10-25,M'gladbach,Schalke 04,2.4,2.4,2.8,1.2,1.0,0.8,4,4,0,0,1,1,5,5,1.2,1.8,1.6,1.0,2.0,1.0,2,3,5,5,H
2015-10-25,Dortmund,Augsburg,1.6,0.8,1.8,1.2,1.6,2.0,2,1,2,1,1,3,5,5,2.6,1.0,3.0,1.6,1.0,1.8,4,1,5,5,H
2015-10-30,Ein Frankfurt,Bayern Munich,0.8,3.0,0.8,3.6,2.2,0.4,1,5,1,0,3,0,5,5,1.6,2.4,2.2,2.0,2.0,0.6,2,4,5,5,D
2015-10-31,Augsburg,Mainz,0.2,0.6,1.0,0.8,3.0,2.2,0,1,1,0,4,4,5,5,0.6,1.2,0.6,1.2,1.4,1.6,1,2,5,5,D
2015-10-31,FC Koln,Hoffenheim,0.8,1.0,0.8,1.6,1.6,1.8,1,1,1,2,3,2,5,5,1.6,0.8,1.0,1.4,0.8,2.0,2,1,5,5,D
2015-10-31,Hertha,M'gladbach,2.0,3.0,1.6,3.4,0.6,1.0,3,5,1,0,1,0,5,5,2.2,1.2,1.6,1.8,0.4,1.8,3,2,5,5,A
2015-10-31,Schalke 04,Ingolstadt,1.8,0.8,1.2,0.6,1.4,0.8,3,1,0,1,2,3,5,5,2.0,2.0,1.4,0.8,1.2,0.4,3,3,5,5,D
2015-10-31,Werder Bremen,Dortmund,0.6,1.6,0.8,2.2,1.6,1.8,1,2,0,2,4,1,5,5,0.6,2.0,0.4,2.4,1.8,1.6,1,3,5,5,A
2015-10-31,Wolfsburg,Leverkusen,1.4,2.2,1.4,1.8,2.0,0.8,2,3,1,2,2,0,5,5,2.6,1.4,2.4,0.8,0.8,1.2,4,2,5,5,H
2015-11-01,Stuttgart,Darmstadt,1.4,1.4,2.0,1.6,2.0,1.4,2,2,1,1,2,2,5,5,0.6,2.0,0.8,1.5,2.2,0.75,1,2,5,4,H
2015-11-01,Hamburg,Hannover,1.4,1.4,0.4,1.0,0.8,1.2,2,2,1,1,2,2,5,5,1.6,1.0,1.0,0.8,0.6,1.6,2,1,5,5,A
2015-11-06,Hannover,Hertha,2.0,1.4,1.2,1.4,0.8,1.4,3,2,1,1,1,2,5,5,0.6,0.8,1.0,0.8,2.0,1.6,1,1,5,5,A
2015-11-07,Bayern Munich,Stuttgart,2.6,1.4,2.6,1.8,0.2,1.8,4,2,1,1,0,2,5,5,3.0,0.8,3.8,2.2,0.6,2.4,5,1,5,5,H
2015-11-07,Darmstadt,Hamburg,0.8,0.8,1.2,0.4,1.6,1.2,1,1,1,1,3,3,5,5,0.8,1.8,0.8,1.2,1.6,1.0,1,3,5,5,D
2015-11-07,Hoffenheim,Ein Frankfurt,1.0,1.0,1.4,0.8,1.6,1.8,1,1,2,2,2,2,5,5,0.4,1.4,1.0,1.2,1.8,1.2,0,2,5,5,D
2015-11-07,Leverkusen,FC Koln,1.6,1.0,1.8,0.8,1.2,1.2,2,1,2,2,1,2,5,5,2.0,1.2,1.6,1.6,1.2,2.6,3,2,5,5,A
2015-11-07,Mainz,Wolfsburg,0.8,2.0,1.4,1.6,2.6,1.2,1,3,1,1,3,1,5,5,1.2,1.0,1.4,0.6,1.8,1.6,2,1,5,5,H
2015-11-07,M'gladbach,Ingolstadt,3.0,1.0,3.4,0.8,0.8,0.8,5,1,0,2,0,2,5,5,1.8,1.6,2.0,0.8,1.6,0.6,3,2,5,5,D
2015-11-08,Augsburg,Werder Bremen,0.4,0.6,1.2,0.8,2.8,1.8,0,1,2,0,3,4,5,5,0.8,1.4,1.2,1.6,1.8,1.2,1,2,5,5,A
2015-11-08,Dortmund,Schalke 04,2.0,1.4,2.6,1.0,1.8,1.6,3,2,1,1,1,2,5,5,2.6,1.8,3.4,1.2,0.8,1.2,4,3,5,5,H
2015-11-20,Hamburg,Dortmund,1.0,2.4,0.6,2.8,1.2,1.8,1,4,2,0,2,1,5,5,1.0,2.0,0.8,2.2,1.0,1.8,1,3,5,5,H
2015-11-21,Ein Frankfurt,Leverkusen,1.0,1.0,0.6,1.4,1.6,1.6,1,1,2,2,2,2,5,5,1.2,0.8,1.8,0.8,1.8,1.6,1,1,5,5,A
2015-11-21,FC Koln,Mainz,1.4,1.4,1.0,1.8,1.2,2.0,2,2,1,1,2,2,5,5,1.6,1.4,0.8,1.8,0.6,1.8,2,2,5,5,D
2015-11-21,M'gladbach,Hannover,2.6,1.8,2.8,1.2,0.6,1.2,4,3,1,0,0,2,5,5,2.0,1.4,1.8,0.8,1.2,1.4,3,2,5,5,H
2015-11-21,Schalke 04,Bayern Munich,0.8,2.6,1.2,2.8,2.2,0.2,1,4,1,1,3,0,5,5,2.0,2.6,1.4,1.8,1.2,0.2,3,4,5,5,A
2015-11-21,Stuttgart,Augsburg,1.4,0.4,1.6,1.2,2.0,2.6,2,0,1,2,2,3,5,5,1.2,0.4,1.0,1.2,1.6,2.6,2,0,5,5,A
2015-11-21,Wolfsburg,Werder Bremen,1.8,1.2,1.4,1.2,1.4,1.4,3,2,0,0,2,3,5,5,2.6,1.8,2.4,1.8,0.8,1.2,4,3,5,5,H
2015-11-22,Hertha,Hoffenheim,1.8,0.6,1.8,0.8,1.4,1.4,3,0,0,3,2,2,5,5,2.0,1.0,1.8,1.2,1.2,1.6,3,1,5,5,H
2015-11-22,Ingolstadt,Darmstadt,1.0,0.8,0.6,1.0,0.6,1.4,1,1,2,1,2,3,5,5,0.8,1.6,0.4,1.2,1.2,1.0,1,2,5,5,H
2015-11-27,Darmstadt,FC Koln,0.8,1.0,0.8,0.4,1.4,1.2,1,1,1,2,3,2,5,5,0.8,1.2,1.0,1.4,1.8,2.6,1,2,5,5,D
2015-11-28,Bayern Munich,Hertha,2.6,1.8,2.4,1.4,0.2,1.4,4,3,1,0,0,2,5,5,3.0,1.4,4.0,1.2,0.6,1.2,5,2,5,5,H
2015-11-28,Hannover,Ingolstadt,1.2,1.0,1.2,0.8,1.6,0.8,2,1,0,2,3,2,5,5,0.6,1.2,1.2,0.6,2.4,0.6,1,1,5,5,H
2015-11-28,Hoffenheim,M'gladbach,0.4,2.6,0.4,2.8,1.2,0.8,0,4,2,1,3,0,5,5,0.6,1.8,0.8,2.6,1.4,1.2,0,3,5,5,D
2015-11-28,Mainz,Ein Frankfurt,1.0,1.0,1.2,0.8,1.6,1.8,1,1,2,2,2,2,5,5,1.2,1.0,1.2,0.4,1.8,1.0,2,1,5,5,H
2015-11-28,Werder Bremen,Hamburg,1.2,1.6,1.2,1.2,2.4,0.8,2,2,0,2,3,1,5,5,0.6,2.0,0.6,1.2,1.8,0.8,1,3,5,5,A
2015-11-29,Augsburg,Wolfsburg,0.8,2.4,1.8,2.6,2.4,1.0,1,4,1,0,3,1,5,5,0.8,0.8,1.4,0.4,2.0,1.8,1,1,5,5,D
2015-11-29,Dortmund,Stuttgart,2.4,1.2,2.8,1.2,1.4,2.4,4,2,0,0,1,3,5,5,2.6,0.8,3.2,1.8,1.2,2.6,4,1,5,5,H
2015-11-29,Leverkusen,Schalke 04,1.4,0.8,1.8,1.4,1.6,2.2,2,1,1,1,2,3,5,5,1.4,1.2,1.4,1.0,1.4,1.8,2,2,5,5,D
2015-12-04,Schalke 04,Hannover,0.4,1.2,1.2,1.8,2.2,1.6,0,2,2,0,3,3,5,5,1.4,1.4,1.2,1.0,1.6,1.2,2,2,5,5,H
2015-12-05,FC Koln,Augsburg,1.2,1.0,0.4,1.8,1.0,2.0,1,1,3,2,1,2,5,5,1.2,0.8,0.4,1.8,0.4,2.4,1,1,5,5,A
2015-12-05,Hamburg,Mainz,2.0,1.6,1.8,1.6,1.0,1.4,3,2,1,2,1,1,5,5,1.0,1.0,0.8,1.4,0.8,1.6,1,1,5,5,A
2015-12-05,Hertha,Leverkusen,1.8,1.4,1.2,2.0,1.4,1.8,3,2,0,1,2,2,5,5,2.4,1.4,1.8,1.4,1.0,1.2,4,2,5,5,H
2015-12-05,Ingolstadt,Hoffenheim,1.0,0.6,0.8,0.6,1.4,1.0,1,0,2,3,2,2,5,5,1.4,0.8,1.0,1.2,0.6,1.8,2,1,5,5,D
2015-12-05,M'gladbach,Bayern Munich,2.2,2.6,2.4,2.6,1.2,0.2,3,4,2,1,0,0,5,5,2.6,2.6,2.2,2.0,0.8,0.2,4,4,5,5,H
2015-12-05,Wolfsburg,Dortmund,2.0,2.4,1.8,3.2,0.6,1.6,3,4,1,0,1,1,5,5,2.6,1.4,3.0,1.6,0.8,2.0,4,2,5,5,A
2015-12-06,Ein Frankfurt,Darmstadt,1.0,0.4,0.8,0.4,1.2,1.4,1,0,2,2,2,3,5,5,1.0,1.4,1.8,1.2,2.2,1.4,1,2,5,5,A
2015-12-06,Stuttgart,Werder Bremen,0.6,1.2,1.2,1.4,3.2,2.8,1,2,0,0,4,3,5,5,1.2,1.2,0.8,1.2,1.6,2.2,2,2,5,5,D
2015-12-11,Mainz,Stuttgart,2.2,0.8,2.0,0.8,1.0,2.6,3,1,2,1,0,3,5,5,1.2,0.8,1.0,1.8,1.8,3.0,2,1,5,5,D
2015-12-12,Bayern Munich,Ingolstadt,2.0,1.2,2.0,1.0,0.8,1.4,3,1,1,3,1,1,5,5,3.0,0.6,4.0,0.4,0.4,1.4,5,0,5,5,H
2015-12-12,Darmstadt,Hertha,1.0,1.8,0.6,1.4,1.2,1.6,1,3,2,0,2,2,5,5,1.0,1.4,1.0,1.2,1.2,1.2,1,2,5,5,A
2015-12-12,Hoffenheim,Hannover,0.8,1.2,0.8,1.8,1.0,1.8,0,2,4,0,1,3,5,5,0.8,1.4,1.2,1.2,1.4,1.4,0,2,5,5,H
2015-12-12,Leverkusen,M'gladbach,0.8,2.2,1.4,2.4,1.6,1.2,1,3,1,2,3,0,5,5,1.6,2.0,1.6,3.0,1.4,1.4,2,3,5,5,H
2015-12-12,Werder Bremen,FC Koln,0.8,1.2,1.0,0.4,2.8,0.4,1,1,1,3,3,1,5,5,0.0,1.4,0.4,1.0,2.2,1.4,0,2,5,5,D
2015-12-12,Wolfsburg,Hamburg,1.4,1.4,1.8,1.8,1.0,1.6,2,2,1,1,2,2,5,5,2.0,2.0,2.8,1.2,1.2,1.0,3,3,5,5,D
2015-12-13,Augsburg,Schalke 04,1.6,1.0,1.8,1.6,1.0,1.8,2,1,2,2,1,2,5,5,0.4,1.4,1.0,1.2,2.0,1.4,0,2,5,5,H
2015-12-13,Dortmund,Ein Frankfurt,2.4,0.4,2.6,0.4,1.6,1.2,4,0,0,2,1,3,5,5,2.6,0.8,3.4,0.6,1.2,1.4,4,1,5,5,H
2015-12-18,Schalke 04,Hoffenheim,0.8,1.2,1.6,1.0,2.0,1.0,1,1,1,3,3,1,5,5,1.4,1.0,1.4,1.2,1.8,1.4,2,1,5,5,H
2015-12-19,Stuttgart,Wolfsburg,0.4,1.0,0.4,1.6,2.6,1.0,0,1,2,2,3,2,5,5,1.4,0.8,1.0,0.4,1.6,1.8,2,1,5,5,H
2015-12-19,Ingolstadt,Leverkusen,1.0,1.4,0.8,2.2,1.6,1.2,1,2,2,1,2,2,5,5,1.4,1.4,1.2,1.6,0.8,1.0,2,2,5,5,A
2015-12-19,Hannover,Bayern Munich,0.6,2.4,1.4,2.4,1.8,0.8,1,4,0,0,4,1,5,5,1.2,2.0,1.6,1.6,1.6,0.8,2,3,5,5,A
2015-12-19,Hamburg,Augsburg,1.6,2.0,1.8,1.6,1.4,0.6,2,3,2,1,1,1,5,5,0.8,1.4,1.0,1.8,1.4,2.0,1,2,5,5,A
2015-12-19,FC Koln,Dortmund,1.2,2.4,0.6,2.8,0.6,1.6,1,4,3,0,1,1,5,5,0.6,1.8,0.2,1.8,0.6,2.0,0,3,5,5,H
2015-12-19,Ein Frankfurt,Werder Bremen,0.2,1.0,0.6,1.0,2.0,2.4,0,1,1,2,4,2,5,5,0.4,1.4,0.6,1.2,2.0,2.0,0,2,5,5,H
2015-12-20,Hertha,Mainz,2.4,2.2,2.0,1.4,0.8,0.4,4,3,0,2,1,0,5,5,2.4,1.6,1.8,1.8,1.0,1.4,4,2,5,5,H
2015-12-20,M'gladbach,Darmstadt,1.6,1.0,1.6,0.6,2.0,1.6,2,1,2,2,1,2,5,5,2.6,1.4,2.0,1.2,0.6,1.4,4,2,5,5,H
2016-01-22,Hamburg,Bayern Munich,1.4,2.4,1.6,1.8,1.4,0.8,2,4,1,0,2,1,5,5,0.8,2.0,1.0,1.2,1.4,0.8,1,3,5,5,A
2016-01-23,M'gladbach,Dortmund,2.0,1.8,2.2,2.4,2.4,1.6,3,3,1,0,1,2,5,5,2.6,1.8,2.2,1.8,1.0,1.4,4,3,5,5,A
2016-01-23,Ingolstadt,Mainz,0.8,1.6,0.8,1.0,1.8,0.8,1,2,1,2,3,1,5,5,1.4,1.6,1.2,1.8,0.8,1.6,2,2,5,5,H
2016-01-23,Hoffenheim,Leverkusen,1.0,2.0,1.0,2.2,1.2,0.8,1,3,2,1,2,1,5,5,1.2,1.4,1.2,1.2,1.2,1.0,1,2,5,5,D
2016-01-23,Hertha,Augsburg,2.4,2.6,1.8,1.6,0.6,0.2,4,4,0,1,1,0,5,5,2.4,2.0,1.8,1.6,1.0,1.2,4,3,5,5,D
2016-01-23,Hannover,Darmstadt,0.6,0.8,1.2,0.8,1.4,2.0,1,1,0,1,4,3,5,5,1.2,1.2,1.4,1.2,1.2,1.6,2,2,5,5,A
2016-01-23,FC Koln,Stuttgart,1.2,1.0,0.6,1.0,0.6,2.0,1,1,3,2,1,2,5,5,1.0,0.4,0.4,1.2,0.6,2.8,1,0,5,5,A
2016-01-24,Ein Frankfurt,Wolfsburg,0.6,1.0,1.0,1.8,2.2,1.2,1,1,0,2,4,2,5,5,0.8,0.8,0.8,0.4,2.0,1.4,1,1,5,5,H
2016-01-24,Schalke 04,Werder Bremen,1.4,0.4,1.4,0.8,1.4,2.6,2,0,1,2,2,3,5,5,2.0,1.4,1.6,1.4,1.2,2.2,3,2,5,5,A
2016-01-29,Mainz,M'gladbach,1.4,1.4,1.0,2.0,1.0,2.8,2,2,1,1,2,2,5,5,1.4,2.0,1.0,3.0,1.2,2.2,2,3,5,5,H
2016-01-30,Werder Bremen,Hertha,1.0,2.0,1.4,1.6,1.6,0.6,1,3,2,1,2,1,5,5,0.2,1.8,0.6,1.8,2.2,1.0,0,3,5,5,D
2016-01-30,Stuttgart,Hamburg,1.6,0.8,1.6,1.2,1.4,1.6,2,1,2,1,1,3,5,5,2.0,1.6,1.4,1.2,1.2,1.2,3,2,5,5,H
2016-01-30,Leverkusen,Hannover,1.6,0.6,1.8,1.2,0.8,1.4,2,1,2,0,1,4,5,5,1.6,1.2,2.4,1.0,1.4,1.4,2,2,5,5,H
2016-01-30,Dortmund,Ingolstadt,2.4,0.8,2.8,0.4,1.2,1.6,4,1,0,1,1,3,5,5,2.6,0.4,3.6,0.2,1.4,1.6,4,0,5,5,H
2016-01-30,Darmstadt,Schalke 04,1.4,1.4,1.0,1.4,1.6,1.4,2,2,1,1,2,2,5,5,0.4,0.8,0.6,1.2,1.8,1.8,0,1,5,5,A
2016-01-30,Augsburg,Ein Frankfurt,2.2,1.2,0.8,1.4,0.2,2.0,3,2,2,0,0,3,5,5,1.0,0.8,1.2,0.8,1.6,1.8,1,1,5,5,D
2016-01-31,Bayern Munich,Hoffenheim,2.4,1.2,1.6,1.2,0.8,1.2,4,1,0,3,1,1,5,5,3.0,0.4,3.4,0.6,0.2,1.4,5,0,5,5,H
2016-01-31,Wolfsburg,FC Koln,0.4,1.0,1.0,0.8,1.8,1.2,0,1,2,2,3,2,5,5,2.0,1.6,2.8,1.2,1.2,1.2,3,2,5,5,D
2016-02-05,M'gladbach,Werder Bremen,1.2,1.2,1.4,1.8,2.4,1.6,2,1,0,3,3,1,5,5,2.0,1.4,1.8,1.4,1.4,2.2,3,2,5,5,H
2016-02-06,Ein Frankfurt,Stuttgart,1.4,2.2,1.2,1.8,1.6,0.8,2,3,1,2,2,0,5,5,1.4,0.8,1.2,1.4,1.4,2.6,2,1,5,5,A
2016-02-06,Hannover,Mainz,0.0,1.4,0.4,0.8,2.0,0.8,0,2,0,1,5,2,5,5,0.6,1.0,1.4,1.2,1.6,1.4,1,1,5,5,A
2016-02-06,Hertha,Dortmund,2.2,2.4,2.2,2.4,0.8,1.0,3,4,2,0,0,1,5,5,2.0,1.8,1.2,2.0,1.0,1.6,3,3,5,5,D
2016-02-06,Ingolstadt,Augsburg,0.8,2.2,0.4,0.8,1.2,0.2,1,3,1,2,3,0,5,5,1.4,2.0,1.0,1.4,0.8,1.0,2,3,5,5,H
2016-02-06,Leverkusen,Bayern Munich,2.0,2.4,2.2,1.6,0.6,0.8,3,4,1,0,1,1,5,5,2.0,2.0,2.8,1.4,1.2,1.0,3,3,5,5,D
2016-02-06,Schalke 04,Wolfsburg,1.8,0.4,1.6,1.2,1.2,2.0,3,0,0,2,2,3,5,5,1.4,0.8,1.4,0.8,1.6,1.6,2,1,5,5,H
2016-02-07,Hamburg,FC Koln,0.2,1.0,0.8,1.0,1.8,1.4,0,1,1,2,4,2,5,5,0.6,1.2,1.2,0.8,1.8,1.4,1,1,5,5,D
2016-02-07,Hoffenheim,Darmstadt,1.0,1.2,0.6,1.0,1.0,2.0,1,2,2,0,2,3,5,5,1.2,1.2,1.0,1.2,1.0,1.8,1,2,5,5,A
2016-02-12,Mainz,Schalke 04,1.4,1.8,0.4,1.6,0.6,1.0,2,3,1,0,2,2,5,5,2.0,0.8,1.2,1.4,0.8,1.8,3,1,5,5,H
2016-02-13,Wolfsburg,Ingolstadt,0.4,1.2,1.0,0.6,2.2,1.2,0,2,2,0,3,3,5,5,1.6,0.4,2.2,0.2,1.0,1.8,2,0,5,5,H
2016-02-13,Stuttgart,Hertha,2.6,1.8,2.4,1.8,1.0,0.6,4,2,1,3,0,0,5,5,2.0,2.0,1.6,2.2,1.4,1.2,3,3,5,5,H
2016-02-13,Werder Bremen,Hoffenheim,1.0,0.8,1.8,0.4,2.4,1.2,1,1,2,1,2,3,5,5,0.4,0.4,1.2,0.2,2.2,1.0,0,0,5,5,D
2016-02-13,Dortmund,Hannover,2.0,0.0,2.0,0.2,0.8,1.6,3,0,1,0,1,5,5,5,3.0,0.6,3.6,0.8,1.0,2.0,5,1,5,5,H
2016-02-13,FC Koln,Ein Frankfurt,1.2,1.4,1.2,1.6,1.4,2.2,1,2,3,1,1,2,5,5,1.0,1.0,0.6,0.8,1.0,1.4,1,1,5,5,H
2016-02-13,Darmstadt,Leverkusen,1.2,2.2,1.2,2.0,2.0,0.2,2,3,0,2,3,0,5,5,0.4,1.4,0.2,1.4,1.6,1.2,0,2,5,5,A
2016-02-14,Augsburg,Bayern Munich,1.6,2.6,0.8,1.4,0.6,0.2,2,4,2,1,1,0,5,5,1.2,2.0,1.2,1.4,1.2,1.0,1,3,5,5,A
2016-02-14,Hamburg,M'gladbach,0.4,1.2,0.8,1.8,1.4,2.4,0,2,2,0,3,3,5,5,0.8,1.4,1.2,2.4,1.6,2.2,1,2,5,5,H
2016-02-19,Ein Frankfurt,Hamburg,1.4,0.8,1.6,1.2,2.0,1.6,2,1,1,1,2,3,5,5,1.2,1.6,1.6,1.4,2.2,1.0,2,2,5,5,D
2016-02-20,Ingolstadt,Werder Bremen,1.2,1.0,0.6,1.8,1.2,2.4,2,1,0,2,3,2,5,5,2.0,0.8,1.4,1.2,0.8,3.0,3,1,5,5,H
2016-02-20,Hoffenheim,Mainz,0.4,1.8,0.4,0.8,1.4,0.8,0,3,2,0,3,2,5,5,1.2,1.4,1.0,0.8,1.2,0.8,1,2,5,5,H
2016-02-20,M'gladbach,FC Koln,1.2,1.6,2.2,1.6,2.0,1.4,2,2,0,2,3,1,5,5,2.4,1.4,2.8,1.0,1.6,0.8,4,1,5,5,H
2016-02-20,Bayern Munich,Darmstadt,2.6,1.2,1.6,1.4,0.4,1.6,4,2,1,0,0,3,5,5,3.0,1.8,2.8,1.6,0.0,1.4,5,3,5,5,H
2016-02-20,Hertha,Wolfsburg,1.2,0.8,1.0,1.2,1.0,2.0,1,1,3,1,1,3,5,5,2.2,0.2,1.0,0.6,0.2,2.2,3,0,5,5,D
2016-02-21,Hannover,Augsburg,0.0,1.0,0.2,0.6,1.6,1.0,0,1,0,2,5,2,5,5,0.6,2.0,1.2,1.4,1.4,0.4,1,3,5,5,A
2016-02-21,Leverkusen,Dortmund,2.2,2.0,1.4,1.4,0.4,0.6,3,3,2,1,0,1,5,5,1.6,1.4,2.0,1.4,0.6,1.4,2,2,5,5,A
2016-02-21,Schalke 04,Stuttgart,1.8,3.0,1.6,2.8,1.0,1.0,3,5,0,0,2,0,5,5,1.8,1.4,1.8,1.6,1.4,2.2,3,2,5,5,D
2016-02-26,FC Koln,Hertha,1.0,0.8,1.2,0.8,1.4,1.2,1,0,2,4,2,1,5,5,1.4,1.4,1.2,2.0,1.2,1.6,2,2,5,5,A
2016-02-27,Hamburg,Ingolstadt,1.0,1.8,1.2,1.0,1.4,1.0,1,3,2,0,2,2,5,5,0.8,0.2,1.2,0.0,1.8,2.0,1,0,5,5,D
2016-02-27,Stuttgart,Hannover,2.6,0.0,2.4,0.2,1.0,1.6,4,0,1,0,0,5,5,5,2.0,0.0,1.6,0.4,1.4,2.0,3,0,5,5,A
2016-02-27,Werder Bremen,Darmstadt,1.0,1.2,1.6,1.2,2.4,1.6,1,2,2,0,2,3,5,5,0.6,1.8,1.4,1.6,2.2,1.4,0,3,5,5,D
2016-02-27,Wolfsburg,Bayern Munich,1.0,2.6,1.2,2.0,1.6,0.6,1,4,2,1,2,0,5,5,1.6,2.0,2.2,1.4,0.8,1.0,2,3,5,5,A
2016-02-28,Mainz,Leverkusen,1.8,1.6,1.2,1.2,1.0,0.6,3,2,0,2,2,1,5,5,2.6,2.0,1.4,1.6,0.4,1.0,4,3,5,5,H
2016-02-28,Ein Frankfurt,Schalke 04,1.0,1.4,1.2,1.6,1.8,1.2,1,2,2,1,2,2,5,5,1.4,0.8,1.4,1.4,1.6,1.6,2,1,5,5,D
2016-02-28,Augsburg,M'gladbach,1.0,1.2,0.6,1.8,1.0,1.6,1,2,2,0,2,3,5,5,1.0,0.8,0.8,1.8,1.2,2.6,1,1,5,5,D
2016-02-28,Dortmund,Hoffenheim,2.6,1.0,1.4,1.0,0.2,1.6,4,1,1,2,0,2,5,5,3.0,0.4,2.8,0.4,0.8,1.2,5,0,5,5,H
2016-03-01,Hannover,Wolfsburg,0.6,1.0,0.4,0.8,1.4,1.4,1,1,0,2,4,2,5,5,0.6,0.4,1.0,0.8,1.0,2.0,1,0,5,5,A
2016-03-01,Ingolstadt,FC Koln,1.4,1.0,1.0,1.0,1.2,1.0,2,1,1,2,2,2,5,5,2.0,0.8,1.2,0.6,0.6,0.8,3,0,5,5,D
2016-03-02,M'gladbach,Stuttgart,1.4,2.0,2.0,2.0,1.4,1.2,2,3,1,1,2,1,5,5,2.4,1.6,2.6,1.8,1.4,1.6,4,2,5,5,H
2016-03-02,Bayern Munich,Mainz,2.6,2.4,2.0,1.8,0.4,1.0,4,4,1,0,0,1,5,5,3.0,1.2,2.6,1.2,0.2,1.4,5,2,5,5,A
2016-03-02,Darmstadt,Dortmund,0.8,2.6,1.2,1.4,1.8,0.2,1,4,1,1,3,0,5,5,0.4,2.0,0.4,1.4,1.8,0.8,0,3,5,5,A
2016-03-02,Hertha,Ein Frankfurt,1.2,0.6,1.0,0.6,1.2,1.4,1,0,3,3,1,2,5,5,1.8,0.4,1.0,0.6,0.4,1.8,2,0,5,5,H
2016-03-02,Hoffenheim,Augsburg,0.8,1.0,1.0,1.0,2.0,1.4,1,1,1,2,3,2,5,5,1.6,2.0,1.6,0.8,1.6,0.4,2,3,5,5,H
2016-03-02,Leverkusen,Werder Bremen,1.4,0.6,1.2,1.4,1.0,2.6,2,0,1,3,2,2,5,5,1.6,0.8,1.8,1.2,0.4,2.2,2,1,5,5,A
2016-03-02,Schalke 04,Hamburg,1.6,1.2,1.4,1.2,0.6,1.2,2,1,2,3,1,1,5,5,2.0,1.2,1.8,1.2,1.0,1.0,3,1,5,5,H
2016-03-05,Stuttgart,Hoffenheim,1.4,1.4,1.6,1.4,1.8,1.8,2,2,1,1,2,2,5,5,2.0,0.4,1.8,0.6,1.0,1.6,3,0,5,5,H
2016-03-05,FC Koln,Schalke 04,1.0,1.6,1.0,1.6,1.0,1.0,1,2,2,2,2,1,5,5,1.2,1.0,1.2,1.0,1.4,1.0,2,1,5,5,A
2016-03-05,Werder Bremen,Hannover,1.0,0.6,1.6,0.4,2.2,1.6,1,1,2,0,2,4,5,5,0.8,0.6,1.6,0.6,2.0,1.8,0,1,5,5,H
2016-03-05,Dortmund,Bayern Munich,2.6,2.0,1.4,1.8,0.2,0.8,4,3,1,1,0,1,5,5,3.0,2.6,2.8,1.6,0.6,0.4,5,4,5,5,D
2016-03-05,Augsburg,Leverkusen,0.8,0.8,1.2,0.8,1.8,1.8,1,1,1,1,3,3,5,5,1.2,1.4,1.0,1.2,1.2,1.4,1,2,5,5,D
2016-03-05,Ein Frankfurt,Ingolstadt,0.4,1.6,0.6,1.2,1.8,1.0,0,2,2,2,3,1,5,5,1.6,0.2,1.4,0.2,1.4,2.2,2,0,5,5,D
2016-03-05,Wolfsburg,M'gladbach,1.4,2.0,1.4,2.8,1.2,1.2,2,3,1,1,2,1,5,5,1.0,0.4,1.0,1.4,1.2,2.8,1,0,5,5,H
2016-03-06,Mainz,Darmstadt,2.4,0.8,2.0,1.2,1.2,1.8,4,1,0,1,1,3,5,5,2.6,1.4,1.6,1.8,0.6,1.8,4,2,5,5,D
2016-03-06,Hamburg,Hertha,1.2,1.6,1.4,0.8,1.4,0.6,1,2,3,2,1,1,5,5,1.0,1.4,1.2,1.6,1.4,1.4,1,2,5,5,H
2016-03-11,Hertha,Schalke 04,1.4,1.6,0.8,1.6,1.0,1.2,2,2,1,2,2,1,5,5,1.8,1.4,1.0,1.4,0.2,1.0,2,2,5,5,H
2016-03-12,Bayern Munich,Werder Bremen,2.0,1.6,1.8,2.2,0.8,1.4,3,2,1,2,1,1,5,5,2.4,1.2,2.0,1.8,0.6,2.2,4,2,5,5,H
2016-03-12,Darmstadt,Augsburg,0.4,1.0,0.8,1.6,1.8,2.0,0,1,2,2,3,2,5,5,0.2,1.4,0.2,0.8,2.0,0.8,0,2,5,5,D
2016-03-12,Hannover,FC Koln,0.6,0.8,0.6,1.0,2.2,1.4,1,1,0,1,4,3,5,5,0.0,0.8,0.2,0.8,1.8,1.0,0,0,5,5,A
2016-03-12,Hoffenheim,Wolfsburg,1.4,2.0,1.6,1.8,2.4,0.8,2,3,1,1,2,1,5,5,2.0,0.8,1.4,1.6,1.2,2.0,3,1,5,5,H
2016-03-12,Ingolstadt,Stuttgart,1.2,1.4,1.0,1.8,1.0,1.6,1,2,3,1,1,2,5,5,2.0,1.6,1.2,1.6,0.6,1.6,3,2,5,5,D
2016-03-12,M'gladbach,Ein Frankfurt,1.4,0.6,2.0,0.4,1.4,1.2,2,0,1,3,2,2,5,5,2.4,0.2,2.8,0.6,1.2,2.2,4,0,5,5,H
2016-03-13,Leverkusen,Hamburg,0.8,1.6,1.4,1.6,2.4,1.2,1,2,1,2,3,1,5,5,1.4,1.0,1.8,1.4,1.0,1.4,2,1,5,5,H
2016-03-13,Dortmund,Mainz,2.6,2.0,1.4,1.8,0.2,1.2,4,3,1,1,0,1,5,5,2.6,1.2,2.0,1.0,0.4,1.4,4,2,5,5,H
2016-03-18,Schalke 04,M'gladbach,1.6,2.0,1.4,2.2,1.2,0.8,2,3,2,1,1,1,5,5,2.0,0.2,1.8,1.0,1.2,2.6,3,0,5,5,H
2016-03-19,Ein Frankfurt,Hannover,0.6,0.6,0.2,0.6,1.2,2.4,0,1,3,0,2,4,5,5,1.2,0.6,1.2,0.6,1.4,2.0,1,1,5,5,H
2016-03-19,FC Koln,Bayern Munich,0.8,2.0,0.8,2.2,1.2,0.6,1,3,1,1,3,1,5,5,1.2,2.2,1.4,1.4,1.8,0.4,2,3,5,5,A
2016-03-19,Hamburg,Hoffenheim,1.0,1.8,1.0,1.6,1.0,2.2,1,3,2,0,2,2,5,5,1.6,0.2,1.6,0.6,1.2,2.4,2,0,5,5,A
2016-03-19,Hertha,Ingolstadt,2.0,1.4,1.2,1.6,0.6,1.2,3,1,1,4,1,0,5,5,1.8,0.4,1.0,0.4,0.2,1.6,2,0,5,5,H
2016-03-19,Wolfsburg,Darmstadt,1.4,0.6,1.4,1.0,1.0,1.8,2,0,1,3,2,2,5,5,1.6,1.6,1.2,1.4,1.0,1.2,2,2,5,5,D
2016-03-19,Werder Bremen,Mainz,1.4,1.4,2.0,1.4,2.2,1.4,2,2,1,1,2,2,5,5,1.4,1.2,2.2,1.0,1.6,1.4,1,2,5,5,D
2016-03-20,Stuttgart,Leverkusen,1.0,0.8,2.0,1.2,2.2,2.2,1,1,2,1,2,3,5,5,2.4,1.6,2.6,1.6,1.0,1.6,4,2,5,5,A
2016-03-20,Augsburg,Dortmund,1.2,2.6,1.8,1.6,1.8,0.2,1,4,3,1,1,0,5,5,1.2,2.0,1.6,1.4,1.8,0.6,1,3,5,5,A
2016-04-01,Leverkusen,Wolfsburg,1.4,1.4,1.6,1.4,2.0,1.0,2,2,1,1,2,2,5,5,1.4,0.8,1.0,1.4,1.0,1.6,2,1,5,5,H
2016-04-02,Bayern Munich,Ein Frankfurt,2.0,1.0,1.8,0.4,0.4,1.2,3,1,1,2,1,2,5,5,2.4,0.2,2.6,0.4,0.6,2.4,4,0,5,5,H
2016-04-02,Darmstadt,Stuttgart,0.8,0.8,1.0,1.8,1.4,2.4,0,1,4,1,1,3,5,5,0.2,1.6,0.6,2.2,2.4,2.2,0,2,5,5,D
2016-04-02,Dortmund,Werder Bremen,2.6,1.6,2.0,2.2,0.4,2.0,4,2,1,2,0,1,5,5,2.6,1.2,1.6,1.6,0.2,2.8,4,2,5,5,H
2016-04-02,Hannover,Hamburg,0.6,0.8,0.6,1.2,2.4,1.6,1,1,0,1,4,3,5,5,0.0,0.4,0.2,0.8,2.0,1.4,0,0,5,5,A
2016-04-02,Ingolstadt,Schalke 04,0.8,2.0,1.4,1.6,1.6,1.2,0,3,4,1,1,1,5,5,2.2,1.4,1.8,1.2,1.0,1.0,3,2,5,5,H
2016-04-02,Mainz,Augsburg,1.6,0.6,1.2,1.8,1.0,2.4,2,0,2,3,1,2,5,5,2.2,1.0,1.2,1.0,0.4,1.2,3,1,5,5,H
2016-04-03,Hoffenheim,FC Koln,1.8,0.8,1.6,0.8,2.0,1.2,3,1,0,1,2,3,5,5,2.0,1.2,1.4,1.0,1.2,0.8,3,1,5,5,D
2016-04-03,M'gladbach,Hertha,1.4,2.4,2.2,1.4,1.2,0.6,2,4,1,0,2,1,5,5,2.4,1.4,2.8,1.6,0.8,1.4,4,2,5,5,H
2016-04-08,Hertha,Hannover,1.8,0.0,1.2,0.2,1.6,2.8,3,0,0,0,2,5,5,5,2.2,0.6,1.4,0.6,0.4,2.0,3,1,5,5,D
2016-04-09,Stuttgart,Bayern Munich,1.0,2.0,2.0,1.6,2.4,0.4,1,3,2,1,2,1,5,5,1.8,2.2,2.0,1.2,1.2,0.2,3,3,5,5,A
2016-04-09,Ingolstadt,M'gladbach,1.2,1.8,1.8,2.8,1.4,0.8,1,3,3,0,1,2,5,5,2.2,0.2,2.2,1.2,1.0,2.0,3,0,5,5,H
2016-04-09,Werder Bremen,Augsburg,1.4,0.4,2.2,1.8,2.2,2.8,2,0,1,2,2,3,5,5,1.4,0.8,2.2,1.4,1.6,2.0,1,1,5,5,A
2016-04-09,Ein Frankfurt,Hoffenheim,0.8,2.0,0.4,1.6,1.4,1.6,1,3,1,1,3,1,5,5,1.2,0.8,0.8,1.2,1.0,2.4,1,1,5,5,A
2016-04-09,Hamburg,Darmstadt,1.2,0.8,1.6,1.0,1.4,1.4,2,0,0,4,3,1,5,5,1.6,1.2,1.6,1.2,1.4,1.2,2,1,5,5,A
2016-04-09,Wolfsburg,Mainz,1.4,1.6,1.4,1.4,1.2,1.2,2,2,1,2,2,1,5,5,1.6,1.4,1.2,1.2,1.0,1.4,2,2,5,5,D
2016-04-10,Schalke 04,Dortmund,1.8,2.6,1.6,2.0,1.8,0.6,3,4,0,1,2,0,5,5,2.0,2.6,2.0,1.8,1.4,0.4,3,4,5,5,D
2016-04-10,FC Koln,Leverkusen,1.0,2.0,1.0,2.0,1.2,1.4,1,3,2,1,2,1,5,5,0.6,1.6,1.0,1.8,1.8,1.6,1,2,5,5,A
2016-04-15,Hannover,M'gladbach,0.2,1.2,0.6,2.0,2.4,1.0,0,2,1,0,4,3,5,5,0.0,0.2,0.0,1.2,2.2,2.0,0,0,5,5,H
2016-04-16,Augsburg,Stuttgart,1.0,1.0,2.0,2.2,2.6,2.2,1,1,2,2,2,2,5,5,0.6,1.2,1.4,2.0,2.2,2.4,0,1,5,5,H
2016-04-16,Bayern Munich,Schalke 04,2.6,1.4,2.0,1.4,0.2,1.8,4,2,1,1,0,2,5,5,2.4,0.8,2.4,0.8,0.6,1.6,4,1,5,5,H
2016-04-16,Darmstadt,Ingolstadt,1.4,1.6,1.4,1.8,1.2,1.2,1,2,4,2,0,1,5,5,0.4,0.4,1.0,0.6,2.0,1.6,0,0,5,5,H
2016-04-16,Hoffenheim,Hertha,2.0,1.4,1.6,1.2,1.4,2.0,3,2,1,1,1,2,5,5,2.0,0.8,1.4,0.8,1.2,2.4,3,1,5,5,H
2016-04-16,Leverkusen,Ein Frankfurt,2.6,0.8,2.2,0.4,0.6,1.4,4,1,1,1,0,3,5,5,1.4,0.2,1.0,0.2,1.0,1.8,2,0,5,5,H
2016-04-16,Werder Bremen,Wolfsburg,0.8,1.0,1.6,0.8,2.4,1.4,1,1,1,2,3,2,5,5,1.2,0.8,1.8,1.0,1.4,1.6,1,1,5,5,H
2016-04-17,Dortmund,Hamburg,2.2,1.2,2.0,1.4,1.0,1.2,3,2,2,0,0,3,5,5,2.6,0.8,1.8,1.2,0.6,1.2,4,1,5,5,H
2016-04-17,Mainz,FC Koln,1.2,0.8,1.2,0.8,1.2,1.4,1,1,3,1,1,3,5,5,2.6,1.2,2.0,1.0,0.8,0.8,4,1,5,5,A
2016-04-22,Hamburg,Werder Bremen,0.6,0.8,1.0,1.4,1.8,2.6,1,1,0,1,4,3,5,5,1.4,0.6,1.6,1.4,1.6,3.2,2,1,5,5,H
2016-04-23,Stuttgart,Dortmund,0.4,2.6,1.2,2.6,2.2,1.0,0,4,2,1,3,0,5,5,1.2,2.2,1.8,1.6,1.6,0.6,2,3,5,5,A
2016-04-23,Wolfsburg,Augsburg,0.4,1.4,0.8,1.6,1.8,2.0,0,2,2,1,3,2,5,5,1.6,1.4,1.2,1.6,1.0,1.8,2,2,5,5,A
2016-04-23,Schalke 04,Leverkusen,0.8,3.0,0.8,2.2,2.2,0.0,1,5,1,0,3,0,5,5,2.2,2.0,2.2,2.0,1.2,1.4,3,3,5,5,A
2016-04-23,Hertha,Bayern Munich,1.4,3.0,1.4,2.6,2.0,0.2,2,5,1,0,2,0,5,5,2.2,2.6,1.8,1.8,0.8,0.4,3,4,5,5,A
2016-04-23,FC Koln,Darmstadt,1.4,1.8,1.2,1.8,1.2,1.2,2,2,1,3,2,0,5,5,0.6,1.2,0.8,1.2,1.6,1.4,1,1,5,5,H
2016-04-23,Ingolstadt,Hannover,1.4,0.8,1.6,0.8,1.4,1.6,2,1,1,1,2,3,5,5,2.2,0.8,2.0,1.0,0.8,1.8,3,1,5,5,D
2016-04-24,Ein Frankfurt,Mainz,0.6,1.0,0.2,1.6,1.8,1.8,1,1,0,2,4,2,5,5,1.2,1.0,0.4,1.2,0.6,1.6,1,1,5,5,H
2016-04-24,M'gladbach,Hoffenheim,1.2,2.6,1.8,1.8,1.0,0.6,2,4,0,1,3,0,5,5,3.0,1.4,3.6,1.6,0.2,2.0,5,2,5,5,H
2016-04-29,Augsburg,FC Koln,1.8,1.4,1.6,1.6,1.6,1.4,3,2,0,1,2,2,5,5,1.0,1.6,1.6,1.4,2.2,1.0,1,2,5,5,D
2016-04-30,Bayern Munich,M'gladbach,3.0,1.2,2.0,1.8,0.2,1.2,5,2,0,0,0,3,5,5,2.4,0.2,2.6,0.8,0.6,1.8,4,0,5,5,D
2016-04-30,Darmstadt,Ein Frankfurt,1.6,1.2,1.6,0.6,1.6,1.4,2,2,2,0,1,3,5,5,1.0,0.0,1.4,0.2,1.6,2.4,1,0,5,5,A
2016-04-30,Dortmund,Wolfsburg,2.6,0.4,2.8,0.8,1.0,2.0,4,0,1,2,0,3,5,5,2.6,0.8,2.2,1.4,0.6,1.6,4,1,5,5,H
2016-04-30,Hannover,Schalke 04,1.0,0.8,1.2,1.2,1.6,2.4,1,1,2,1,2,3,5,5,0.6,0.8,0.4,0.6,2.0,1.8,1,1,5,5,A
2016-04-30,Hoffenheim,Ingolstadt,2.0,1.4,1.8,1.4,1.2,1.2,3,2,1,1,1,2,5,5,2.6,0.4,1.8,0.6,1.0,1.6,4,0,5,5,H
2016-04-30,Leverkusen,Hertha,3.0,0.8,2.6,1.0,0.4,2.4,5,1,0,1,0,3,5,5,1.8,0.6,1.6,0.4,1.0,2.2,3,1,5,5,H
2016-04-30,Mainz,Hamburg,1.0,1.2,1.8,1.4,1.8,1.8,1,2,2,0,2,3,5,5,2.0,0.8,2.2,1.0,1.4,1.4,3,1,5,5,D
2016-05-02,Werder Bremen,Stuttgart,0.8,0.2,1.6,0.6,2.0,2.2,1,0,1,1,3,4,5,5,1.6,0.6,2.2,1.2,1.6,2.2,2,0,5,5,H
2016-05-07,M'gladbach,Leverkusen,1.4,3.0,1.8,2.6,1.0,0.6,2,5,1,0,2,0,5,5,3.0,2.0,3.2,2.2,0.2,1.6,5,3,5,5,H
2016-05-07,Ingolstadt,Bayern Munich,1.4,2.6,1.4,2.0,1.2,0.4,2,4,1,1,2,0,5,5,1.8,2.6,2.0,1.6,1.2,0.2,2,4,5,5,A
2016-05-07,Schalke 04,Augsburg,0.8,2.0,1.4,1.4,2.4,1.0,1,3,1,1,3,1,5,5,1.6,1.4,2.0,1.8,1.8,1.8,2,2,5,5,D
2016-05-07,Hertha,Darmstadt,0.2,1.4,0.8,1.6,2.6,1.8,0,2,1,1,4,2,5,5,2.0,1.2,1.6,1.2,1.0,1.6,3,1,5,5,A
2016-05-07,Stuttgart,Mainz,0.2,1.0,1.0,1.6,3.0,1.6,0,1,1,2,4,2,5,5,0.6,1.0,1.4,1.0,2.2,1.4,1,1,5,5,A
2016-05-07,Hamburg,Wolfsburg,1.4,0.2,1.2,0.8,1.2,2.8,2,0,1,1,2,4,5,5,1.4,0.6,1.4,1.4,1.4,2.4,2,1,5,5,A
2016-05-07,FC Koln,Werder Bremen,1.6,1.2,1.6,2.6,1.2,2.2,2,2,2,0,1,3,5,5,0.6,0.6,1.0,1.4,1.6,2.6,1,1,5,5,D
2016-05-07,Ein Frankfurt,Dortmund,1.2,2.6,0.8,3.2,1.6,1.0,2,4,0,1,3,0,5,5,1.6,2.6,0.8,2.2,0.8,0.6,2,4,5,5,H
2016-05-07,Hannover,Hoffenheim,1.0,2.0,1.4,1.6,2.0,1.2,1,3,2,1,2,1,5,5,0.6,1.2,0.6,1.6,2.4,2.4,1,2,5,5,H
2016-05-14,Wolfsburg,Stuttgart,0.8,0.0,1.0,0.8,2.2,3.2,1,0,1,0,3,5,5,5,1.0,0.4,0.8,1.4,1.4,3.2,1,0,5,5,H
2016-05-14,Leverkusen,Ingolstadt,2.4,0.8,2.2,1.0,1.0,1.6,4,1,0,1,1,3,5,5,2.4,0.4,2.0,0.8,1.0,1.6,4,0,5,5,H
2016-05-14,Werder Bremen,Ein Frankfurt,1.4,1.8,2.2,1.0,1.6,1.4,2,3,1,0,2,2,5,5,2.0,0.6,3.0,0.4,1.6,2.0,3,1,5,5,H
2016-05-14,Hoffenheim,Schalke 04,1.8,1.0,1.4,1.6,1.2,2.0,3,1,0,2,2,2,5,5,2.6,1.2,1.6,1.2,0.8,2.0,4,2,5,5,A
2016-05-14,Mainz,Hertha,1.0,0.2,1.4,1.0,1.4,2.0,1,0,2,1,2,4,5,5,1.6,0.6,1.8,0.6,1.2,2.2,2,1,5,5,D
2016-05-14,Darmstadt,M'gladbach,1.8,1.4,1.6,1.2,1.6,1.2,3,2,0,1,2,2,5,5,1.0,0.2,1.4,0.6,1.6,1.6,1,0,5,5,A
2016-05-14,Bayern Munich,Hannover,2.6,1.6,2.2,1.6,0.6,1.4,4,2,1,2,0,1,5,5,2.0,1.0,2.2,1.4,0.6,2.0,3,1,5,5,H
2016-05-14,Augsburg,Hamburg,2.2,0.8,1.2,0.6,0.4,1.4,3,1,2,1,0,3,5,5,1.2,0.8,1.4,1.0,1.6,1.4,1,1,5,5,A
2016-05-14,Dortmund,FC Koln,2.0,1.6,2.6,1.4,0.8,1.0,3,2,1,2,1,1,5,5,2.6,1.8,2.6,1.4,0.6,0.8,4,2,5,5,D
2016-08-26,Bayern Munich,Werder Bremen,2.6,2.0,2.2,2.2,0.6,1.2,4,3,1,1,0,1,5,5,2.6,0.8,2.6,1.4,0.4,2.2,4,1,5,5,H
2016-08-27,Augsburg,Wolfsburg,1.6,1.2,1.0,1.4,0.8,2.2,2,2,2,0,1,3,5,5,1.0,0.6,1.2,0.8,1.8,2.4,1,1,5,5,A
2016-08-27,Dortmund,Mainz,2.0,1.0,2.6,1.2,0.8,1.2,3,1,1,2,1,2,5,5,2.6,1.0,3.0,1.2,1.0,1.4,4,1,5,5,H
2016-08-27,Ein Frankfurt,Schalke 04,1.8,1.4,1.0,2.0,1.2,1.8,3,2,0,1,2,2,5,5,2.0,1.2,1.0,1.4,0.8,2.0,3,2,5,5,H
2016-08-27,FC Koln,Darmstadt,1.8,1.2,1.8,1.2,1.0,1.8,2,2,3,0,0,3,5,5,0.8,1.6,1.0,1.2,1.4,1.4,1,2,5,5,H
2016-08-27,Hamburg,Ingolstadt,1.4,0.2,1.0,1.2,1.2,2.2,2,0,1,1,2,4,5,5,1.2,0.2,1.2,1.0,1.4,2.0,2,0,5,5,D
2016-08-27,M'gladbach,Leverkusen,2.0,2.4,1.6,2.4,1.0,1.4,3,4,1,0,1,1,5,5,3.0,2.0,3.4,2.2,0.4,1.4,5,3,5,5,H
2016-08-28,Hertha,Freiburg,0.2,1.0,0.6,1.4,1.6,1.6,0,1,1,2,4,2,5,5,1.4,0.6,1.4,0.8,1.4,1.6,2,0,5,5,H
2016-08-28,Hoffenheim,RB Leipzig,1.2,0.0,1.2,0.0,2.0,0.0,2,0,0,0,3,0,5,0,2.0,0.0,1.4,0.0,1.4,0.0,3,0,5,0,D
2016-09-09,Schalke 04,Bayern Munich,1.4,2.6,2.0,2.8,1.4,0.6,2,4,1,1,2,0,5,5,1.6,2.6,2.0,1.6,1.8,0.4,2,4,5,5,A
2016-09-10,Wolfsburg,FC Koln,1.8,1.8,1.4,1.6,1.6,0.6,3,2,0,3,2,0,5,5,1.6,1.8,1.4,1.6,1.2,1.0,2,2,5,5,D
2016-09-10,Leverkusen,Hamburg,1.8,1.6,2.0,1.2,1.8,0.8,3,2,0,2,2,1,5,5,3.0,1.4,2.4,1.2,0.6,1.0,5,2,5,5,H
2016-09-10,RB Leipzig,Dortmund,1.0,2.0,2.0,2.4,2.0,1.0,0,3,1,1,0,1,1,5,0.0,2.0,0.0,2.0,0.0,0.8,0,3,0,5,H
2016-09-10,Freiburg,M'gladbach,0.8,2.6,1.2,2.0,1.6,0.8,1,4,1,1,3,0,5,5,1.8,0.8,1.6,0.8,1.2,1.2,3,1,5,5,H
2016-09-10,Darmstadt,Ein Frankfurt,0.6,2.4,0.8,1.2,2.2,0.6,1,4,0,0,4,1,5,5,1.0,0.6,1.4,0.4,1.6,1.8,1,1,5,5,H
2016-09-10,Ingolstadt,Hertha,0.4,0.8,1.4,0.8,2.0,1.4,0,1,2,1,3,3,5,5,1.6,0.2,2.0,0.4,1.4,2.2,2,0,5,5,A
2016-09-11,Mainz,Hoffenheim,1.0,0.8,1.0,1.2,1.0,2.2,1,1,2,1,2,3,5,5,1.2,1.2,1.2,1.4,1.0,2.0,1,2,5,5,D
2016-09-11,Werder Bremen,Augsburg,1.4,1.0,1.6,0.8,2.0,1.2,2,1,1,2,2,2,5,5,2.0,1.6,2.4,1.8,1.4,1.6,3,2,5,5,A
2016-09-16,FC Koln,Freiburg,1.4,1.4,0.8,1.6,0.4,1.4,1,2,4,1,0,2,5,5,1.4,0.6,1.2,1.0,0.8,1.4,2,0,5,5,H
2016-09-17,M'gladbach,Werder Bremen,2.0,1.4,1.6,1.6,1.2,2.0,3,2,1,1,1,2,5,5,3.0,0.2,3.0,0.6,0.6,3.2,5,0,5,5,H
2016-09-17,Hoffenheim,Wolfsburg,1.0,2.0,1.8,1.4,2.4,1.2,1,3,2,1,2,1,5,5,1.6,1.2,1.6,1.2,1.8,2.2,2,2,5,5,D
2016-09-17,Hamburg,RB Leipzig,1.0,2.0,1.0,1.5,1.2,1.0,1,1,2,1,2,0,5,2,0.8,1.0,1.0,2.0,1.6,2.0,1,0,5,1,A
2016-09-17,Dortmund,Darmstadt,1.4,1.2,1.8,0.8,1.2,1.4,2,2,1,0,2,3,5,5,2.6,1.4,3.0,1.2,1.2,1.8,4,2,5,5,H
2016-09-17,Bayern Munich,Ingolstadt,2.6,0.2,2.8,1.0,0.6,2.0,4,0,1,1,0,4,5,5,2.6,0.2,2.8,1.0,0.4,2.0,4,0,5,5,H
2016-09-17,Ein Frankfurt,Leverkusen,1.8,1.8,0.8,2.0,0.6,1.6,3,3,0,0,2,2,5,5,2.4,1.8,1.0,1.8,0.6,1.2,4,3,5,5,H
2016-09-18,Augsburg,Mainz,1.0,1.2,0.8,1.6,1.4,1.4,1,1,2,3,2,1,5,5,0.8,1.0,0.6,1.4,1.6,1.4,1,1,5,5,A
2016-09-18,Hertha,Schalke 04,1.4,1.4,1.2,1.6,1.0,1.2,2,2,1,1,2,2,5,5,1.4,1.2,1.4,1.4,1.6,1.8,2,2,5,5,H
2016-09-20,Darmstadt,Hoffenheim,1.2,0.6,0.6,1.4,2.2,2.2,2,0,0,3,3,2,5,5,1.4,1.4,1.2,2.0,1.2,1.8,2,2,5,5,D
2016-09-20,Freiburg,Hamburg,1.2,0.8,1.4,1.0,1.8,2.0,2,1,0,1,3,3,5,5,1.8,1.4,1.8,1.4,1.4,1.4,3,2,5,5,H
2016-09-20,Ingolstadt,Ein Frankfurt,0.2,1.8,1.0,0.8,2.2,0.6,0,3,1,0,4,2,5,5,1.4,0.6,1.4,0.4,1.2,1.4,2,1,5,5,A
2016-09-20,Wolfsburg,Dortmund,2.2,1.4,1.2,2.0,0.2,1.0,3,2,2,1,0,2,5,5,1.2,1.4,1.0,1.6,1.0,1.0,1,2,5,5,A
2016-09-21,Werder Bremen,Mainz,0.8,1.6,0.6,2.2,2.4,1.6,1,2,1,2,3,1,5,5,1.8,1.4,2.4,1.8,1.6,1.4,3,2,5,5,A
2016-09-21,Schalke 04,FC Koln,0.8,1.8,1.0,1.4,1.4,0.4,1,2,1,3,3,0,5,5,1.0,1.4,1.4,1.2,1.8,1.0,1,1,5,5,A
2016-09-21,Leverkusen,Augsburg,1.2,0.8,1.8,1.0,1.8,2.0,2,1,0,1,3,3,5,5,3.0,2.0,2.8,1.8,0.8,1.4,5,3,5,5,D
2016-09-21,Bayern Munich,Hertha,3.0,2.0,3.2,1.4,0.6,0.6,5,3,0,1,0,1,5,5,2.6,0.8,3.2,0.8,0.6,1.8,4,1,5,5,H
2016-09-21,RB Leipzig,M'gladbach,2.3333333333333335,2.4,2.3333333333333335,2.2,0.6666666666666666,1.2,2,4,1,0,0,1,3,5,3.0,0.8,1.0,0.8,0.0,1.4,1,1,1,5,D
2016-09-23,Dortmund,Freiburg,2.0,1.2,3.0,1.2,1.0,1.6,3,2,1,0,1,3,5,5,2.6,0.4,3.6,1.0,0.8,2.0,4,0,5,5,H
2016-09-24,Augsburg,Darmstadt,0.8,0.8,0.8,0.4,1.8,2.2,1,1,1,1,3,3,5,5,0.8,1.2,0.6,1.0,1.6,2.8,1,2,5,5,H
2016-09-24,Ein Frankfurt,Hertha,1.8,2.0,1.0,1.2,0.6,0.8,3,3,0,1,2,1,5,5,2.4,0.8,1.2,0.8,0.8,1.4,4,1,5,5,D
2016-09-24,Hamburg,Bayern Munich,0.8,3.0,1.0,3.4,2.0,0.4,1,5,1,0,3,0,5,5,0.8,3.0,0.8,2.0,1.8,0.4,1,5,5,5,A
2016-09-24,Mainz,Leverkusen,1.6,1.4,2.0,1.6,1.6,1.4,2,2,2,1,1,2,5,5,1.2,1.2,2.0,1.6,1.8,1.6,1,2,5,5,A
2016-09-24,M'gladbach,Ingolstadt,2.0,0.2,2.0,0.8,1.2,2.2,3,0,1,1,1,4,5,5,3.0,0.2,3.2,1.0,0.8,2.2,5,0,5,5,H
2016-09-24,Werder Bremen,Wolfsburg,0.6,1.6,0.8,1.2,2.8,1.2,1,2,0,2,4,1,5,5,1.8,1.4,2.4,1.2,1.6,1.6,3,2,5,5,H
2016-09-25,FC Koln,RB Leipzig,2.2,2.0,2.0,2.0,0.6,0.75,3,2,2,2,0,0,5,4,2.0,2.0,1.8,3.0,0.6,1.0,3,1,5,2,D
2016-09-25,Hoffenheim,Schalke 04,0.8,0.6,1.6,1.0,2.2,1.8,0,1,4,0,1,4,5,5,1.6,1.2,1.4,1.4,1.6,1.6,2,2,5,5,H
2016-09-30,RB Leipzig,Augsburg,1.8,1.4,1.8,0.8,0.8,1.2,2,2,3,1,0,2,5,5,2.0,2.2,1.0,1.4,0.5,0.6,1,3,2,5,H
2016-10-01,Leverkusen,Dortmund,1.4,2.4,1.6,3.2,1.4,0.8,2,4,1,0,2,1,5,5,2.6,1.4,2.2,2.0,0.8,1.0,4,2,5,5,H
2016-10-01,Ingolstadt,Hoffenheim,0.2,1.4,0.4,1.8,2.0,1.6,0,1,1,4,4,0,5,5,0.8,1.0,0.8,1.6,1.6,1.8,1,1,5,5,A
2016-10-01,Hertha,Hamburg,2.0,0.2,1.8,0.4,1.4,2.0,3,0,1,1,1,4,5,5,1.4,0.8,1.4,0.8,1.4,1.6,2,1,5,5,H
2016-10-01,Darmstadt,Werder Bremen,0.8,0.6,0.4,1.0,2.0,3.0,1,1,1,0,3,4,5,5,1.4,0.2,1.0,0.8,1.0,3.0,2,0,5,5,D
2016-10-01,Bayern Munich,FC Koln,3.0,2.2,3.0,1.8,0.2,0.4,5,3,0,2,0,0,5,5,2.6,1.8,3.2,1.6,0.6,1.0,4,2,5,5,D
2016-10-01,Freiburg,Ein Frankfurt,1.2,2.0,1.2,1.6,1.8,1.0,2,3,0,1,3,1,5,5,1.8,1.2,1.8,0.8,1.4,1.2,3,2,5,5,H
2016-10-02,Schalke 04,M'gladbach,0.0,2.0,0.4,2.0,2.0,1.2,0,3,0,1,5,1,5,5,0.4,1.0,1.2,1.0,2.2,1.4,0,1,5,5,H
2016-10-02,Wolfsburg,Mainz,1.0,1.4,0.8,2.4,1.4,2.2,1,2,2,1,2,2,5,5,1.0,1.8,1.0,2.0,1.8,1.4,1,3,5,5,D
2016-10-14,Dortmund,Hertha,1.8,2.0,2.8,1.8,1.0,1.2,3,3,0,1,2,1,5,5,2.6,1.0,3.6,1.2,1.0,1.6,4,1,5,5,D
2016-10-15,FC Koln,Ingolstadt,1.8,0.0,1.6,0.4,0.6,2.2,2,0,3,0,0,5,5,5,2.2,0.2,2.0,1.0,0.4,2.2,3,0,5,5,H
2016-10-15,Augsburg,Schalke 04,1.4,0.6,1.0,1.2,1.2,1.8,2,1,1,0,2,4,5,5,0.8,1.2,0.6,1.6,1.6,1.4,1,2,5,5,D
2016-10-15,Ein Frankfurt,Bayern Munich,1.4,2.6,1.4,2.0,1.2,0.4,2,4,1,1,2,0,5,5,2.6,3.0,1.8,2.0,1.0,0.4,4,5,5,5,D
2016-10-15,Hoffenheim,Freiburg,1.8,1.8,1.8,1.2,1.4,1.4,2,3,3,0,0,2,5,5,1.6,0.2,1.4,0.8,1.6,2.2,2,0,5,5,H
2016-10-15,M'gladbach,Hamburg,1.4,0.0,1.6,0.2,1.8,2.2,2,0,1,0,2,5,5,5,3.0,0.8,2.6,0.8,0.8,1.4,5,1,5,5,D
2016-10-15,Werder Bremen,Leverkusen,0.8,2.0,1.4,1.8,2.2,1.0,1,3,1,1,3,1,5,5,1.8,1.2,2.2,1.8,1.4,2.0,3,2,5,5,H
2016-10-16,Mainz,Darmstadt,1.6,1.0,2.2,0.8,1.8,2.0,2,1,2,2,1,2,5,5,0.6,0.6,1.6,0.6,2.0,2.8,0,1,5,5,H
2016-10-16,Wolfsburg,RB Leipzig,0.6,2.2,0.4,1.8,1.4,0.6,0,3,3,2,2,0,5,5,1.0,1.6666666666666667,0.8,2.3333333333333335,1.6,1.0,1,1,5,3,A
2016-10-21,Hamburg,Ein Frankfurt,0.2,1.6,0.0,1.8,1.6,1.4,0,2,1,2,4,1,5,5,0.8,1.2,0.6,0.8,1.6,0.8,1,2,5,5,A
2016-10-22,Hertha,FC Koln,1.6,2.2,1.6,2.0,1.4,0.8,2,3,2,2,1,0,5,5,1.8,1.4,1.4,1.2,1.0,0.8,3,1,5,5,H
2016-10-22,Freiburg,Augsburg,1.2,1.0,0.8,0.8,1.6,1.2,2,1,0,2,3,2,5,5,2.4,1.6,1.6,1.2,0.8,0.8,4,2,5,5,H
2016-10-22,Ingolstadt,Dortmund,0.0,2.0,0.6,3.0,2.2,1.0,0,3,0,1,5,1,5,5,0.2,1.2,0.8,1.6,2.0,1.0,0,2,5,5,D
2016-10-22,Bayern Munich,M'gladbach,2.2,1.6,2.0,1.4,0.8,1.2,3,2,2,2,0,1,5,5,2.6,1.0,3.2,1.0,0.6,1.8,4,1,5,5,H
2016-10-22,Darmstadt,Wolfsburg,0.4,0.4,0.8,0.4,2.4,1.6,0,0,2,2,3,3,5,5,1.0,1.4,1.0,1.0,1.4,1.4,1,2,5,5,H
2016-10-22,Leverkusen,Hoffenheim,1.4,2.2,1.4,1.4,1.2,0.8,2,3,1,2,2,0,5,5,2.6,1.0,2.0,1.6,0.8,2.0,4,1,5,5,A
2016-10-23,Schalke 04,Mainz,0.8,2.0,1.4,1.8,1.6,1.2,1,3,1,1,3,1,5,5,0.8,2.0,1.6,1.8,1.8,1.0,1,3,5,5,H
2016-10-23,RB Leipzig,Werder Bremen,2.2,1.4,1.8,1.6,0.6,2.0,3,2,2,1,0,2,5,5,2.3333333333333335,0.4,1.3333333333333333,0.8,0.6666666666666666,2.8,2,0,3,5,H
2016-10-28,M'gladbach,Ein Frankfurt,1.0,1.6,0.6,2.0,1.4,1.2,1,2,2,2,2,1,5,5,2.6,1.2,2.0,1.0,0.6,0.6,4,2,5,5,D
2016-10-29,Augsburg,Bayern Munich,1.0,2.2,0.8,1.8,1.0,0.6,1,3,2,2,2,0,5,5,0.8,2.6,0.8,1.8,1.8,0.6,1,4,5,5,A
2016-10-29,Darmstadt,RB Leipzig,1.0,2.2,1.4,1.6,1.4,0.8,1,3,2,2,2,0,5,5,1.6,2.0,1.4,2.0,1.2,0.75,2,2,5,4,A
2016-10-29,Dortmund,Schalke 04,1.6,1.4,2.4,2.0,1.6,1.2,2,2,2,1,1,2,5,5,2.2,0.8,2.8,1.2,1.0,1.4,3,1,5,5,D
2016-10-29,Mainz,Ingolstadt,1.4,0.2,1.2,1.0,1.6,2.2,2,0,1,1,2,4,5,5,1.2,0.2,1.6,1.0,1.6,2.2,1,0,5,5,H
2016-10-29,Werder Bremen,Freiburg,1.4,1.8,1.6,1.2,1.8,1.2,2,3,1,0,2,2,5,5,1.8,0.0,1.4,0.8,1.2,2.4,3,0,5,5,A
2016-10-29,Wolfsburg,Leverkusen,0.2,1.4,0.6,1.2,2.2,1.4,0,2,1,1,4,2,5,5,1.0,0.6,0.8,1.4,1.4,2.0,1,1,5,5,A
2016-10-30,Hoffenheim,Hertha,2.6,1.6,2.0,1.6,0.8,1.6,4,2,1,2,0,1,5,5,1.6,1.2,1.4,1.2,1.6,1.4,2,1,5,5,H
2016-10-30,FC Koln,Hamburg,1.6,0.2,1.6,0.0,1.2,1.4,2,0,2,1,1,4,5,5,2.2,0.8,1.6,0.8,0.4,1.4,3,1,5,5,H
2016-11-04,Hertha,M'gladbach,1.6,1.0,1.6,0.4,1.2,1.2,2,1,2,2,1,2,5,5,2.4,0.8,1.8,0.8,0.8,2.0,4,1,5,5,H
2016-11-05,Bayern Munich,Hoffenheim,2.2,3.0,1.8,2.0,0.8,0.6,3,5,2,0,0,0,5,5,2.6,1.6,3.0,2.0,0.4,1.4,4,2,5,5,D
2016-11-05,Ein Frankfurt,FC Koln,1.2,1.6,1.6,1.6,1.2,1.0,1,2,3,2,1,1,5,5,2.2,1.2,1.8,1.4,1.2,1.2,3,1,5,5,H
2016-11-05,Freiburg,Wolfsburg,1.8,0.2,1.6,0.6,1.4,1.6,3,0,0,1,2,4,5,5,3.0,1.4,1.8,1.0,0.6,1.0,5,2,5,5,A
2016-11-05,Hamburg,Dortmund,0.2,1.2,0.0,1.4,1.8,1.4,0,1,1,3,4,1,5,5,0.2,0.8,0.2,1.6,2.0,1.6,0,1,5,5,A
2016-11-05,Ingolstadt,Augsburg,0.2,0.8,1.0,1.0,2.2,1.6,0,1,1,1,4,3,5,5,0.2,1.0,1.0,1.0,2.2,1.2,0,1,5,5,A
2016-11-05,Leverkusen,Darmstadt,1.8,0.8,1.6,1.2,1.6,1.6,3,1,0,1,2,3,5,5,2.0,0.6,1.6,0.6,1.2,2.4,3,1,5,5,H
2016-11-06,Schalke 04,Werder Bremen,1.6,1.4,1.8,1.6,0.6,2.0,2,2,2,1,1,2,5,5,1.4,0.4,1.8,0.8,1.2,3.0,2,0,5,5,H
2016-11-06,RB Leipzig,Mainz,2.6,1.4,1.8,1.2,0.6,1.4,4,2,1,1,0,2,5,5,2.5,1.4,1.75,1.2,0.75,1.4,3,2,4,5,H
2016-11-18,Leverkusen,RB Leipzig,1.8,3.0,1.6,2.2,1.6,0.6,3,5,0,0,2,0,5,5,2.0,2.2,1.6,2.0,1.2,0.6,3,3,5,5,A
2016-11-19,Augsburg,Hertha,0.8,2.0,1.2,1.6,1.6,0.6,1,3,1,1,3,1,5,5,0.8,1.0,0.8,1.2,1.8,1.6,1,1,5,5,D
2016-11-19,Darmstadt,Ingolstadt,0.8,0.2,1.6,1.0,2.0,2.2,1,0,1,1,3,4,5,5,1.6,0.2,1.4,0.6,1.2,2.0,2,0,5,5,A
2016-11-19,Dortmund,Bayern Munich,1.2,1.8,1.8,1.8,1.6,1.0,1,2,3,3,1,0,5,5,2.2,2.6,2.4,2.0,0.6,0.8,3,4,5,5,H
2016-11-19,Mainz,Freiburg,1.4,1.8,1.0,1.4,1.4,1.4,2,3,1,0,2,2,5,5,1.6,0.6,2.0,1.2,1.6,2.2,2,1,5,5,H
2016-11-19,M'gladbach,FC Koln,0.4,1.4,0.0,1.4,1.8,1.0,0,2,2,1,3,2,5,5,2.2,1.0,1.6,1.0,0.4,1.0,3,1,5,5,A
2016-11-19,Wolfsburg,Schalke 04,0.8,2.2,1.0,2.2,1.2,0.4,1,3,1,2,3,0,5,5,0.4,0.4,0.4,0.4,1.6,1.2,0,0,5,5,A
2016-11-20,Werder Bremen,Ein Frankfurt,0.8,1.6,1.4,1.2,2.4,0.6,1,2,1,2,3,1,5,5,1.2,1.4,1.4,1.0,1.8,0.4,2,2,5,5,A
2016-11-20,Hoffenheim,Hamburg,2.6,0.2,1.8,0.4,0.6,2.6,4,0,1,1,0,4,5,5,2.2,0.2,1.4,0.2,0.8,1.8,3,0,5,5,D
2016-11-25,Freiburg,RB Leipzig,1.2,3.0,1.6,2.4,2.2,0.8,2,5,0,0,3,0,5,5,2.4,2.6,1.4,2.2,1.0,0.6,4,4,5,5,A
2016-11-26,Bayern Munich,Leverkusen,1.6,1.2,1.6,1.6,1.0,2.2,2,2,2,0,1,3,5,5,2.2,1.2,2.0,1.6,0.6,1.8,3,2,5,5,H
2016-11-26,Ein Frankfurt,Dortmund,2.2,1.8,1.6,2.0,0.6,1.2,3,2,2,3,0,0,5,5,2.2,1.4,1.8,2.6,1.2,1.8,3,2,5,5,H
2016-11-26,FC Koln,Augsburg,1.8,1.0,1.6,1.0,1.0,1.2,3,1,0,2,2,2,5,5,2.6,1.4,2.2,1.2,0.4,1.0,4,2,5,5,D
2016-11-26,Hamburg,Werder Bremen,0.4,0.6,0.8,1.2,2.6,2.4,0,1,2,0,3,4,5,5,0.2,0.2,0.6,1.0,2.8,3.6,0,0,5,5,D
2016-11-26,Ingolstadt,Wolfsburg,0.8,0.6,1.0,1.0,1.8,1.4,1,1,1,0,3,4,5,5,0.2,1.4,0.8,1.4,2.2,1.0,0,2,5,5,D
2016-11-26,M'gladbach,Hoffenheim,0.4,2.2,0.2,1.8,1.4,0.8,0,3,2,2,3,0,5,5,1.6,1.8,1.4,2.2,0.6,1.4,2,2,5,5,D
2016-11-27,Hertha,Mainz,1.6,1.8,1.2,1.8,0.6,1.8,2,3,2,0,1,2,5,5,3.0,1.4,2.2,1.2,0.4,1.6,5,2,5,5,H
2016-11-27,Schalke 04,Darmstadt,2.2,0.6,1.6,1.2,0.4,1.8,3,1,2,0,0,4,5,5,1.8,0.0,2.2,0.6,1.2,2.8,3,0,5,5,H
2016-12-02,Mainz,Bayern Munich,1.2,2.0,1.6,1.6,2.0,0.8,2,3,0,1,3,1,5,5,2.0,2.0,2.8,1.6,2.0,0.8,3,3,5,5,A
2016-12-03,Dortmund,M'gladbach,1.6,0.4,2.0,0.4,1.4,1.6,2,0,2,2,1,3,5,5,2.2,0.2,2.2,0.4,0.4,2.6,3,0,5,5,H
2016-12-03,Hoffenheim,FC Koln,1.8,1.4,1.6,1.2,0.8,0.8,2,2,3,1,0,2,5,5,2.2,1.4,1.4,1.4,0.8,1.2,3,2,5,5,H
2016-12-03,Leverkusen,Freiburg,1.2,1.2,1.6,1.6,2.2,2.6,2,2,0,0,3,3,5,5,1.4,0.6,1.4,1.4,1.6,2.6,2,1,5,5,D
2016-12-03,RB Leipzig,Schalke 04,3.0,2.6,3.0,2.0,1.0,0.4,5,4,0,1,0,0,5,5,2.6,1.0,2.0,0.6,0.8,1.0,4,1,5,5,H
2016-12-03,Werder Bremen,Ingolstadt,0.2,1.0,1.2,1.0,2.6,1.6,0,1,1,2,4,2,5,5,1.2,0.6,1.4,0.6,1.8,1.8,2,1,5,5,H
2016-12-03,Wolfsburg,Hertha,0.8,2.0,1.2,1.4,1.4,0.6,1,3,1,1,3,1,5,5,0.2,0.6,0.4,0.8,1.8,1.6,0,0,5,5,A
2016-12-04,Augsburg,Ein Frankfurt,1.0,2.6,0.8,1.6,1.0,0.4,1,4,2,1,2,0,5,5,1.0,2.0,0.8,1.4,1.4,0.4,1,3,5,5,D
2016-12-04,Darmstadt,Hamburg,0.6,0.4,1.2,1.2,2.0,3.0,1,0,0,2,4,3,5,5,1.0,0.4,1.2,0.4,1.4,1.6,1,0,5,5,A
2016-12-09,Ein Frankfurt,Hoffenheim,2.2,1.8,1.2,1.8,0.6,0.8,3,2,2,3,0,0,5,5,2.2,1.8,2.0,1.6,1.4,0.8,3,2,5,5,D
2016-12-10,Bayern Munich,Wolfsburg,2.0,0.8,1.8,1.4,1.0,1.4,3,1,1,1,1,3,5,5,2.2,1.0,1.8,1.2,0.6,1.2,3,1,5,5,H
2016-12-10,FC Koln,Dortmund,1.4,2.0,1.0,2.2,1.2,1.0,2,3,1,1,2,1,5,5,2.2,1.4,1.8,2.8,0.4,2.0,3,2,5,5,D
2016-12-10,Freiburg,Darmstadt,0.8,0.0,1.4,0.6,2.6,2.2,1,0,1,0,3,5,5,5,1.8,0.0,1.0,0.8,1.6,3.0,3,0,5,5,H
2016-12-10,Hamburg,Augsburg,1.0,1.2,1.6,0.8,2.4,0.8,1,1,2,3,2,1,5,5,0.2,1.0,0.8,0.8,3.0,0.8,0,1,5,5,H
2016-12-10,Hertha,Werder Bremen,2.0,0.8,1.6,1.4,0.8,2.2,3,1,1,1,1,3,5,5,3.0,0.4,2.2,1.4,0.4,2.8,5,0,5,5,A
2016-12-10,Ingolstadt,RB Leipzig,0.8,3.0,0.6,2.8,1.4,1.0,1,5,1,0,3,0,5,5,0.4,2.6,1.0,2.2,2.0,0.8,0,4,5,5,H
2016-12-11,M'gladbach,Mainz,0.4,1.2,0.6,1.8,2.0,2.0,0,2,2,0,3,3,5,5,1.2,0.8,0.8,0.8,0.6,1.8,1,1,5,5,H
2016-12-11,Schalke 04,Leverkusen,2.0,1.4,1.6,1.8,0.8,1.8,3,2,1,1,1,2,5,5,2.4,1.2,2.8,1.6,1.0,1.8,4,2,5,5,A
2016-12-16,Hoffenheim,Dortmund,1.4,2.0,1.6,2.4,0.8,1.2,1,3,4,1,0,1,5,5,2.6,1.0,2.2,2.0,0.8,2.0,4,1,5,5,D
2016-12-17,Augsburg,M'gladbach,1.2,0.8,0.6,0.8,0.4,2.0,1,1,3,1,1,3,5,5,1.2,0.2,0.8,0.4,1.0,2.8,1,0,5,5,H
2016-12-17,Mainz,Hamburg,0.6,1.6,1.4,1.8,2.2,1.8,1,2,0,2,4,1,5,5,1.8,1.0,2.2,0.8,1.8,1.4,3,1,5,5,H
2016-12-17,RB Leipzig,Hertha,2.4,2.0,2.4,1.6,1.2,0.8,4,3,0,1,1,1,5,5,2.6,1.2,2.2,1.4,1.0,1.4,4,1,5,5,H
2016-12-17,Schalke 04,Freiburg,1.8,0.8,1.6,1.0,1.0,2.4,3,1,0,1,2,3,5,5,2.4,0.8,2.6,1.6,0.6,2.2,4,1,5,5,D
2016-12-17,Werder Bremen,FC Koln,1.4,1.0,1.4,0.6,1.6,1.4,2,1,1,2,2,2,5,5,1.8,0.8,1.6,0.8,1.6,1.8,3,1,5,5,D
2016-12-17,Wolfsburg,Ein Frankfurt,0.8,2.2,1.2,1.2,2.0,0.6,1,3,1,2,3,0,5,5,0.2,1.6,0.6,1.2,1.4,0.6,0,2,5,5,H
2016-12-18,Darmstadt,Bayern Munich,0.0,2.0,0.6,2.2,2.0,0.8,0,3,0,1,5,1,5,5,0.8,2.0,1.0,1.8,1.6,1.0,1,3,5,5,A
2016-12-18,Leverkusen,Ingolstadt,1.4,1.4,1.6,0.8,1.6,1.0,2,2,1,1,2,2,5,5,1.4,0.6,1.6,0.6,1.8,1.6,2,1,5,5,A
2016-12-20,M'gladbach,Wolfsburg,0.8,0.8,0.8,0.8,1.6,2.0,1,1,1,1,3,3,5,5,1.2,0.8,0.6,1.2,0.6,2.2,1,1,5,5,A
2016-12-20,Hamburg,Schalke 04,1.6,1.4,1.6,1.2,1.4,1.0,2,2,2,1,1,2,5,5,0.8,1.0,1.0,0.8,2.2,1.0,1,1,5,5,H
2016-12-20,Dortmund,Augsburg,1.6,1.2,1.8,0.4,1.2,0.4,2,1,2,3,1,1,5,5,2.2,0.8,1.8,0.8,0.6,1.0,3,1,5,5,D
2016-12-20,Ein Frankfurt,Mainz,1.6,1.2,1.0,1.8,0.8,1.8,2,2,2,0,1,3,5,5,1.8,0.2,1.6,0.4,1.2,1.8,2,0,5,5,H
2016-12-21,Ingolstadt,Freiburg,2.0,1.0,1.2,1.2,0.8,2.0,3,1,1,2,1,2,5,5,1.0,1.0,1.2,1.6,1.6,1.8,1,1,5,5,A
2016-12-21,Bayern Munich,RB Leipzig,2.4,2.4,2.2,2.2,0.6,1.0,4,4,0,0,1,1,5,5,2.2,2.4,2.2,2.0,0.6,0.8,3,4,5,5,H
2016-12-21,FC Koln,Leverkusen,1.2,0.8,0.8,1.2,1.4,1.6,1,1,3,1,1,3,5,5,1.8,1.8,1.4,1.6,0.6,1.4,2,3,5,5,D
2016-12-21,Hertha,Darmstadt,1.4,0.0,1.0,0.2,1.2,1.6,2,0,1,0,2,5,5,5,2.4,0.0,1.8,0.8,0.6,2.0,4,0,5,5,H
2016-12-21,Hoffenheim,Werder Bremen,1.4,1.6,1.8,1.4,1.0,1.2,1,2,4,2,0,1,5,5,2.2,1.0,2.2,1.4,1.0,2.0,3,1,5,5,D
2017-01-20,Freiburg,Bayern Munich,1.6,3.0,1.2,2.8,1.4,0.4,2,5,2,0,1,0,5,5,1.8,2.0,1.0,1.8,1.6,1.0,3,3,5,5,A
2017-01-21,Wolfsburg,Hamburg,1.4,2.0,1.2,1.6,2.0,1.2,2,3,1,1,2,1,5,5,0.6,1.0,0.8,1.0,1.4,1.6,1,1,5,5,H
2017-01-21,Werder Bremen,Dortmund,1.8,1.2,1.4,1.8,1.0,1.4,2,1,3,3,0,1,5,5,1.4,1.2,1.4,2.4,1.6,2.0,2,1,5,5,A
2017-01-21,Schalke 04,Ingolstadt,0.8,1.4,1.2,1.2,1.4,1.2,1,2,1,1,3,2,5,5,2.0,1.2,2.0,1.0,0.8,1.4,3,2,5,5,H
2017-01-21,RB Leipzig,Ein Frankfurt,1.8,1.6,1.6,1.2,1.2,0.6,3,2,0,2,2,1,5,5,3.0,1.6,2.4,1.2,0.8,0.6,5,2,5,5,H
2017-01-21,Darmstadt,M'gladbach,0.0,0.8,0.2,0.8,1.8,1.6,0,1,0,1,5,3,5,5,0.6,0.0,0.6,0.2,1.4,2.8,1,0,5,5,D
2017-01-21,Augsburg,Hoffenheim,1.2,1.4,0.6,1.6,0.6,0.8,1,1,3,4,1,0,5,5,1.2,1.8,0.8,1.4,1.0,0.6,1,2,5,5,A
2017-01-22,Leverkusen,Hertha,1.0,1.8,1.0,1.4,1.2,1.2,1,3,2,0,2,2,5,5,0.8,1.0,1.4,0.8,2.2,1.2,1,1,5,5,H
2017-01-22,Mainz,FC Koln,0.6,0.8,1.0,0.6,2.0,1.4,1,0,0,4,4,1,5,5,2.4,0.8,2.4,0.8,1.4,1.8,4,1,5,5,D
2017-01-27,Schalke 04,Ein Frankfurt,0.8,1.0,0.8,0.8,1.2,1.0,1,1,1,2,3,2,5,5,2.0,1.0,1.6,0.6,0.8,1.2,3,1,5,5,A
2017-01-28,Wolfsburg,Augsburg,1.8,1.0,1.2,0.6,1.8,1.0,3,1,0,2,2,2,5,5,1.2,1.0,1.0,0.8,1.2,0.8,2,1,5,5,A
2017-01-28,Werder Bremen,Bayern Munich,1.6,3.0,1.2,2.8,1.0,0.4,2,5,2,0,1,0,5,5,0.8,2.4,1.2,1.8,1.8,0.8,1,4,5,5,A
2017-01-28,RB Leipzig,Hoffenheim,1.8,1.8,1.4,1.8,1.0,0.6,3,2,0,3,2,0,5,5,3.0,1.8,2.6,1.4,0.6,0.4,5,2,5,5,H
2017-01-28,Leverkusen,M'gladbach,1.6,0.8,1.4,0.6,1.0,1.4,2,1,2,1,1,3,5,5,1.4,0.2,2.0,0.2,1.8,2.0,2,0,5,5,A
2017-01-28,Ingolstadt,Hamburg,1.2,1.8,1.0,1.2,1.2,1.0,2,3,0,0,3,2,5,5,1.0,0.8,1.2,1.0,1.6,1.8,1,1,5,5,H
2017-01-28,Darmstadt,FC Koln,0.2,0.8,0.0,0.6,1.2,1.4,0,0,1,4,4,1,5,5,0.2,1.0,0.0,0.6,1.2,1.4,0,1,5,5,A
2017-01-29,Freiburg,Hertha,1.6,1.2,1.2,1.2,1.0,1.6,2,2,2,0,1,3,5,5,1.2,0.8,1.0,0.8,2.0,1.6,2,1,5,5,H
2017-01-29,Mainz,Dortmund,0.8,1.8,0.8,2.0,1.6,1.2,1,2,1,3,3,0,5,5,2.0,1.6,2.0,2.2,1.2,1.6,3,2,5,5,D
2017-02-03,Hamburg,Leverkusen,1.2,1.4,1.0,1.6,1.6,1.4,2,2,0,1,3,2,5,5,1.4,1.4,1.4,1.2,2.2,1.2,2,2,5,5,H
2017-02-04,M'gladbach,Freiburg,1.4,2.0,1.0,1.4,1.0,1.0,2,3,1,1,2,1,5,5,1.0,1.6,0.8,1.8,1.0,1.6,1,2,5,5,H
2017-02-04,Hoffenheim,Mainz,1.2,1.0,1.2,0.8,1.0,1.2,1,1,3,2,1,2,5,5,1.8,0.0,2.0,0.4,1.0,2.4,2,0,5,5,H
2017-02-04,Hertha,Ingolstadt,0.6,1.8,0.8,1.4,1.6,1.0,1,3,0,0,4,2,5,5,2.4,1.2,1.8,0.8,0.6,1.2,4,2,5,5,H
2017-02-04,FC Koln,Wolfsburg,1.4,1.8,1.8,1.0,0.8,1.6,1,3,4,0,0,2,5,5,1.8,1.4,1.4,1.4,0.6,2.0,2,2,5,5,H
2017-02-04,Dortmund,RB Leipzig,1.4,1.8,1.4,1.4,1.2,1.0,1,3,4,0,0,2,5,5,1.8,1.8,1.4,1.8,0.6,1.4,2,3,5,5,H
2017-02-04,Bayern Munich,Schalke 04,3.0,0.8,2.6,0.6,0.4,1.0,5,1,0,1,0,3,5,5,2.6,1.0,2.6,0.8,0.4,1.0,4,1,5,5,D
2017-02-05,Augsburg,Werder Bremen,1.4,1.0,0.8,1.0,1.0,1.2,2,1,1,2,2,2,5,5,1.0,1.0,0.6,1.2,1.2,1.8,1,1,5,5,H
2017-02-05,Ein Frankfurt,Darmstadt,1.4,0.2,0.8,0.2,0.8,2.0,2,0,1,1,2,4,5,5,2.2,0.0,1.6,0.8,0.6,2.2,3,0,5,5,H
2017-02-10,Mainz,Augsburg,1.0,2.0,0.8,1.4,1.8,1.2,1,3,2,1,2,1,5,5,1.6,1.6,1.8,1.0,1.4,0.6,2,2,5,5,H
2017-02-11,Darmstadt,Dortmund,0.2,1.8,0.2,1.4,2.2,1.0,0,2,1,3,4,0,5,5,0.2,1.2,0.2,1.4,2.0,1.4,0,1,5,5,H
2017-02-11,Ingolstadt,Bayern Munich,1.2,2.6,1.2,1.8,1.2,0.6,2,4,0,1,3,0,5,5,1.4,2.4,1.2,1.6,1.2,0.8,2,4,5,5,A
2017-02-11,Leverkusen,Ein Frankfurt,0.8,1.8,1.4,1.2,1.6,0.8,1,3,1,0,3,2,5,5,0.8,1.4,1.8,0.8,2.0,1.2,1,2,5,5,H
2017-02-11,RB Leipzig,Hamburg,1.8,1.2,1.4,1.0,1.0,1.6,3,2,0,0,2,3,5,5,3.0,0.8,2.4,1.2,0.6,1.8,5,1,5,5,A
2017-02-11,Schalke 04,Hertha,1.0,1.2,0.8,1.0,1.0,1.4,1,2,2,0,2,3,5,5,1.4,0.8,1.0,1.0,0.8,1.8,2,1,5,5,H
2017-02-11,Werder Bremen,M'gladbach,0.4,1.4,1.2,1.4,1.8,1.0,0,2,2,1,3,2,5,5,0.8,0.8,1.2,0.8,1.6,2.0,1,1,5,5,A
2017-02-12,Freiburg,FC Koln,1.4,1.8,1.2,1.8,1.6,0.6,2,2,1,3,2,0,5,5,1.2,1.6,1.0,1.8,2.0,1.4,2,2,5,5,H
2017-02-12,Wolfsburg,Hoffenheim,1.8,1.6,1.0,2.0,0.8,1.0,3,2,0,2,2,1,5,5,1.2,1.2,1.0,1.0,1.2,0.8,2,1,5,5,H
2017-02-17,Augsburg,Leverkusen,1.4,1.4,1.2,1.8,1.6,1.2,2,2,1,1,2,2,5,5,1.6,1.4,1.0,1.0,1.0,1.0,2,2,5,5,A
2017-02-18,Mainz,Werder Bremen,1.0,0.2,0.6,1.0,1.6,1.8,1,0,2,1,2,4,5,5,1.6,1.0,1.4,1.4,1.0,1.8,2,1,5,5,A
2017-02-18,Hertha,Bayern Munich,1.2,2.6,1.0,2.0,1.4,0.6,2,4,0,1,3,0,5,5,2.4,3.0,1.6,2.0,0.4,0.6,4,5,5,5,D
2017-02-18,Hoffenheim,Darmstadt,1.4,0.8,1.8,0.6,1.0,2.2,2,1,1,1,2,3,5,5,1.8,0.0,2.6,0.6,1.0,2.2,2,0,5,5,H
2017-02-18,Ein Frankfurt,Ingolstadt,1.8,0.6,1.2,0.8,1.2,1.4,3,1,0,0,2,4,5,5,2.6,1.2,1.6,0.8,0.2,1.0,4,2,5,5,A
2017-02-18,Dortmund,Wolfsburg,1.6,1.8,1.2,1.2,1.0,1.0,2,3,2,0,1,2,5,5,2.2,1.4,1.4,1.2,0.4,1.6,3,2,5,5,H
2017-02-18,Hamburg,Freiburg,1.8,1.8,1.4,1.4,1.0,1.6,3,3,0,0,2,2,5,5,2.0,1.0,1.6,1.2,1.6,2.0,3,1,5,5,D
2017-02-19,FC Koln,Schalke 04,1.6,1.4,1.8,1.0,0.8,0.8,2,2,2,1,1,2,5,5,1.8,1.0,1.2,0.8,0.4,1.0,2,1,5,5,D
2017-02-19,M'gladbach,RB Leipzig,2.0,1.2,1.6,1.0,0.8,1.6,3,2,1,0,1,3,5,5,1.4,1.2,1.4,1.4,1.0,1.6,2,2,5,5,A
2017-02-24,Wolfsburg,Werder Bremen,1.2,0.6,0.8,1.2,1.4,1.6,2,1,0,0,3,4,5,5,1.8,1.6,1.4,1.6,1.2,1.2,3,2,5,5,A
2017-02-25,RB Leipzig,FC Koln,1.8,1.6,1.4,1.8,1.2,0.8,3,2,0,2,2,1,5,5,2.4,1.0,1.8,1.6,1.0,1.6,4,1,5,5,H
2017-02-25,Leverkusen,Mainz,1.8,1.0,2.2,0.6,1.2,1.4,3,1,0,2,2,2,5,5,1.4,0.0,2.0,0.4,1.4,2.6,2,0,5,5,A
2017-02-25,Hertha,Ein Frankfurt,0.8,1.2,0.8,0.6,1.6,1.6,1,2,1,0,3,3,5,5,2.0,0.8,1.2,0.4,0.6,1.6,3,1,5,5,H
2017-02-25,Freiburg,Dortmund,1.4,2.0,1.4,1.6,1.8,0.8,2,3,1,1,2,1,5,5,1.8,1.2,1.4,1.4,1.6,1.4,3,1,5,5,A
2017-02-25,Bayern Munich,Hamburg,2.2,1.4,1.6,1.4,0.8,1.2,3,2,2,1,0,2,5,5,2.2,1.2,2.4,1.4,0.6,1.4,3,2,5,5,H
2017-02-25,Darmstadt,Augsburg,0.8,1.2,0.6,1.2,2.2,2.0,1,2,1,0,3,3,5,5,0.8,1.0,0.6,0.6,2.0,1.0,1,1,5,5,A
2017-02-26,Ingolstadt,M'gladbach,1.2,2.0,1.0,1.6,1.0,0.8,2,3,0,1,3,1,5,5,1.4,1.4,1.2,1.0,1.2,1.4,2,2,5,5,A
2017-02-26,Schalke 04,Hoffenheim,1.6,1.8,1.0,2.0,0.6,0.8,2,3,2,0,1,2,5,5,1.4,1.0,0.8,1.0,0.6,1.0,2,1,5,5,D
2017-03-03,Augsburg,RB Leipzig,1.8,1.8,1.6,1.4,1.8,1.4,3,3,0,0,2,2,5,5,1.4,1.2,1.2,1.2,1.6,1.4,2,2,5,5,D
2017-03-04,Werder Bremen,Darmstadt,1.2,0.6,1.4,0.8,1.4,2.6,2,1,0,0,3,4,5,5,0.8,0.0,1.0,0.2,1.4,2.0,1,0,5,5,H
2017-03-04,Mainz,Wolfsburg,1.4,0.6,1.0,0.8,1.4,1.8,2,1,1,0,2,4,5,5,1.6,0.8,1.2,0.6,0.8,2.2,2,1,5,5,D
2017-03-04,M'gladbach,Schalke 04,2.4,1.2,2.0,1.0,0.8,0.8,4,1,0,3,1,1,5,5,1.4,1.0,1.4,1.0,1.0,1.2,2,1,5,5,H
2017-03-04,FC Koln,Bayern Munich,1.4,2.2,2.0,2.8,1.4,0.6,2,3,1,2,2,0,5,5,1.4,2.6,0.8,1.6,0.6,0.6,1,4,5,5,A
2017-03-04,Dortmund,Leverkusen,2.0,1.2,1.8,1.6,0.6,1.4,3,2,1,0,1,3,5,5,2.6,1.4,2.0,1.2,0.4,1.0,4,2,5,5,H
2017-03-04,Hoffenheim,Ingolstadt,1.4,1.2,1.8,1.0,1.0,1.2,2,2,1,0,2,3,5,5,2.2,1.2,2.6,1.0,0.6,1.0,3,2,5,5,H
2017-03-05,Ein Frankfurt,Freiburg,1.2,1.4,0.6,1.2,1.4,2.0,2,2,0,1,3,2,5,5,2.0,1.2,1.4,1.2,0.6,1.6,3,1,5,5,A
2017-03-05,Hamburg,Hertha,1.4,1.4,1.4,1.0,2.6,1.0,2,2,1,1,2,2,5,5,2.2,0.6,1.6,1.0,1.0,2.2,3,1,5,5,H
2017-03-10,Leverkusen,Werder Bremen,1.2,1.8,1.6,1.6,2.0,1.0,2,3,0,0,3,2,5,5,1.2,2.0,1.8,1.6,1.6,1.0,2,3,5,5,D
2017-03-11,RB Leipzig,Wolfsburg,1.4,0.8,1.4,0.8,1.6,1.6,2,1,1,1,2,3,5,5,2.4,0.8,2.0,0.6,1.0,2.2,4,1,5,5,A
2017-03-11,Hertha,Dortmund,1.4,2.4,0.8,2.8,0.8,0.8,2,4,1,0,2,1,5,5,2.0,1.6,1.2,1.8,0.4,1.2,3,2,5,5,H
2017-03-11,Ingolstadt,FC Koln,0.6,0.8,0.8,0.8,2.0,1.8,1,1,0,1,4,3,5,5,1.2,1.0,1.0,1.8,1.4,1.4,2,1,5,5,D
2017-03-11,Darmstadt,Mainz,0.6,1.4,0.6,1.0,1.8,1.4,1,2,0,1,4,2,5,5,0.8,0.6,0.8,0.6,2.0,2.0,1,1,5,5,H
2017-03-11,Bayern Munich,Ein Frankfurt,2.2,0.6,3.0,0.6,0.4,1.8,3,1,2,0,0,4,5,5,2.6,0.6,3.8,0.2,0.4,1.8,4,1,5,5,H
2017-03-11,Freiburg,Hoffenheim,1.4,2.0,1.2,2.6,2.0,1.0,2,3,1,1,2,1,5,5,1.8,1.0,1.2,1.0,1.4,1.0,3,1,5,5,D
2017-03-12,Hamburg,M'gladbach,2.0,2.4,1.4,2.2,2.0,0.8,3,4,1,0,1,1,5,5,2.6,2.0,1.4,1.2,0.6,0.6,4,3,5,5,H
2017-03-12,Schalke 04,Augsburg,1.2,1.4,1.4,1.6,1.4,2.0,1,2,3,1,1,2,5,5,1.6,1.4,1.0,1.0,0.6,1.2,2,2,5,5,H
2017-03-17,Dortmund,Ingolstadt,1.8,0.8,2.8,1.2,1.2,2.2,3,1,0,1,2,3,5,5,2.6,1.2,3.0,1.2,0.8,1.6,4,2,5,5,H
2017-03-18,Werder Bremen,RB Leipzig,2.0,1.4,1.4,1.4,0.6,1.6,3,2,1,1,1,2,5,5,0.8,0.8,1.0,0.8,1.2,1.6,1,1,5,5,H
2017-03-18,Augsburg,Freiburg,0.8,1.6,1.0,1.4,2.2,1.6,1,2,1,2,3,1,5,5,1.4,1.6,1.4,1.4,1.8,1.6,2,2,5,5,D
2017-03-18,Ein Frankfurt,Hamburg,0.0,2.0,0.2,1.6,2.4,2.2,0,3,0,1,5,1,5,5,1.4,0.6,1.2,1.0,0.8,3.0,2,1,5,5,D
2017-03-18,FC Koln,Hertha,0.4,1.4,1.0,1.0,2.2,1.0,0,2,2,1,3,2,5,5,1.2,0.0,0.8,0.4,1.2,2.0,1,0,5,5,H
2017-03-18,Hoffenheim,Leverkusen,1.6,1.4,2.0,1.8,1.2,2.0,2,2,2,1,1,2,5,5,2.2,1.4,2.8,1.4,1.0,1.8,3,2,5,5,H
2017-03-18,Wolfsburg,Darmstadt,1.4,1.2,1.0,1.0,1.4,1.6,2,2,1,0,2,3,5,5,1.8,0.0,1.2,0.0,1.0,1.8,3,0,5,5,H
2017-03-19,M'gladbach,Bayern Munich,1.8,2.6,1.8,3.4,1.2,0.2,3,4,0,1,2,0,5,5,1.8,2.6,2.0,2.0,1.2,0.6,3,4,5,5,A
2017-03-19,Mainz,Schalke 04,1.4,1.6,1.2,1.8,1.0,1.2,2,2,1,2,2,1,5,5,1.2,0.4,0.8,1.2,0.8,2.0,1,0,5,5,A
2017-03-31,Hertha,Hoffenheim,1.4,2.2,1.4,2.0,1.4,0.8,2,3,1,2,2,0,5,5,2.6,1.0,1.6,1.2,0.4,1.2,4,1,5,5,A
2017-04-01,Bayern Munich,Augsburg,2.6,1.0,3.2,1.2,0.2,2.0,4,1,1,2,0,2,5,5,2.6,1.4,4.0,1.0,0.2,1.6,4,2,5,5,H
2017-04-01,Ein Frankfurt,M'gladbach,0.2,1.2,0.2,1.6,1.8,1.4,0,2,1,0,4,3,5,5,1.4,2.0,1.2,1.4,0.8,0.8,2,3,5,5,D
2017-04-01,Freiburg,Werder Bremen,1.2,2.6,1.2,2.0,1.6,0.4,1,4,3,1,1,0,5,5,1.4,1.6,1.2,1.6,1.6,1.2,2,2,5,5,A
2017-04-01,Hamburg,FC Koln,1.6,1.0,1.0,1.6,2.2,2.2,2,1,2,2,1,2,5,5,2.6,1.0,1.6,2.0,0.8,1.6,4,1,5,5,H
2017-04-01,RB Leipzig,Darmstadt,1.4,0.6,1.4,0.6,1.6,1.6,2,1,1,0,2,4,5,5,1.8,0.0,1.6,0.0,1.2,1.8,3,0,5,5,H
2017-04-01,Schalke 04,Dortmund,1.6,2.4,1.6,2.8,1.2,0.8,2,4,2,0,1,1,5,5,2.0,1.4,1.4,1.6,0.4,1.2,3,2,5,5,D
2017-04-02,Ingolstadt,Mainz,0.8,0.8,1.2,0.8,2.0,1.2,1,1,1,1,3,3,5,5,0.8,0.6,1.2,0.6,1.8,2.0,1,1,5,5,H
2017-04-02,Leverkusen,Wolfsburg,0.8,1.4,1.2,0.8,2.2,1.2,1,2,1,1,3,2,5,5,1.4,1.4,1.8,0.8,1.4,1.2,2,2,5,5,D
2017-04-04,Dortmund,Hamburg,2.0,2.0,2.4,1.0,1.0,2.0,3,3,1,1,1,1,5,5,2.6,0.8,2.4,0.8,0.6,2.4,4,1,5,5,H
2017-04-04,FC Koln,Ein Frankfurt,0.8,0.4,1.6,0.2,2.4,1.4,1,0,1,2,3,3,5,5,1.6,0.6,1.4,0.2,1.4,2.2,2,1,5,5,H
2017-04-04,Hoffenheim,Bayern Munich,2.2,3.0,2.2,4.2,1.0,0.0,3,5,2,0,0,0,5,5,2.6,2.6,2.6,1.8,0.6,0.4,4,4,5,5,H
2017-04-04,Werder Bremen,Schalke 04,2.6,1.6,2.6,1.6,0.8,1.2,4,2,1,2,0,1,5,5,1.2,1.0,1.4,1.2,1.0,1.6,2,1,5,5,H
2017-04-05,M'gladbach,Hertha,1.4,1.2,1.4,1.4,1.0,1.8,2,2,1,0,2,3,5,5,1.2,0.0,1.8,0.8,1.4,2.4,2,0,5,5,H
2017-04-05,Wolfsburg,Freiburg,1.6,1.0,1.4,1.2,1.2,2.2,2,1,2,2,1,2,5,5,1.8,1.6,1.2,1.4,1.0,1.6,3,2,5,5,A
2017-04-05,Augsburg,Ingolstadt,1.0,0.8,1.0,1.2,2.6,2.2,1,1,2,1,2,3,5,5,1.0,0.6,1.4,0.8,2.0,1.6,1,1,5,5,A
2017-04-05,Darmstadt,Leverkusen,0.6,0.4,0.6,1.2,2.0,2.6,1,0,0,2,4,3,5,5,1.4,0.8,1.2,1.2,2.0,2.0,2,1,5,5,A
2017-04-05,Mainz,RB Leipzig,0.8,1.4,1.0,1.8,1.2,1.4,1,2,1,1,3,2,5,5,1.0,0.8,0.8,0.8,1.0,2.0,1,1,5,5,A
2017-04-07,Ein Frankfurt,Werder Bremen,0.4,2.6,0.2,2.8,1.2,0.6,0,4,2,1,3,0,5,5,1.0,2.0,0.6,2.4,0.8,1.4,1,3,5,5,D
2017-04-08,Bayern Munich,Dortmund,2.4,2.0,2.6,2.4,0.2,1.0,4,3,0,1,1,1,5,5,2.6,1.0,4.2,1.4,0.2,1.2,4,1,5,5,H
2017-04-08,FC Koln,M'gladbach,1.4,1.4,1.6,1.2,1.8,1.0,2,2,1,1,2,2,5,5,2.0,2.0,1.4,1.4,1.2,0.8,3,3,5,5,A
2017-04-08,Freiburg,Mainz,1.6,0.2,1.4,1.0,1.6,1.8,2,0,2,1,1,4,5,5,1.4,0.6,1.4,0.8,2.2,2.2,2,1,5,5,H
2017-04-08,Hamburg,Hoffenheim,2.0,2.6,1.0,2.2,1.0,0.8,3,4,1,1,1,0,5,5,2.6,1.0,1.6,1.4,0.8,1.4,4,1,5,5,H
2017-04-08,RB Leipzig,Leverkusen,1.4,1.0,1.8,1.6,1.6,2.2,2,1,1,2,2,2,5,5,1.8,1.2,1.8,1.4,1.2,1.8,3,2,5,5,H
2017-04-08,Schalke 04,Wolfsburg,1.4,1.6,1.4,1.2,1.6,1.0,2,2,1,2,2,1,5,5,1.6,1.0,1.4,1.0,0.6,1.6,2,1,5,5,H
2017-04-09,Hertha,Augsburg,0.6,0.4,1.0,1.0,2.0,3.0,1,0,0,2,4,3,5,5,2.0,1.2,1.4,0.8,1.0,2.6,3,2,5,5,H
2017-04-09,Ingolstadt,Darmstadt,1.4,0.6,1.8,0.4,2.2,2.0,2,1,1,0,2,4,5,5,1.4,0.0,1.4,0.0,1.6,2.2,2,0,5,5,H
2017-04-15,Mainz,Hertha,0.0,1.2,0.8,1.4,1.8,1.8,0,2,0,0,5,3,5,5,0.8,0.0,1.0,0.6,1.4,2.0,1,0,5,5,H
2017-04-15,Leverkusen,Bayern Munich,1.0,2.4,1.2,2.8,1.2,0.4,1,4,2,0,2,1,5,5,1.0,2.0,1.8,1.4,1.8,0.4,1,3,5,5,D
2017-04-15,RB Leipzig,Freiburg,1.8,1.6,1.6,1.2,1.2,1.4,3,2,0,2,2,1,5,5,1.8,1.6,1.6,1.2,1.0,1.4,3,2,5,5,H
2017-04-15,Dortmund,Ein Frankfurt,1.4,0.6,1.4,0.4,1.4,1.2,2,0,1,3,2,2,5,5,3.0,0.6,2.8,0.2,0.4,1.8,5,1,5,5,H
2017-04-15,Augsburg,FC Koln,0.2,1.4,0.6,2.0,3.0,1.8,0,2,1,1,4,2,5,5,1.0,0.8,1.8,2.2,2.2,2.0,1,1,5,5,H
2017-04-15,Hoffenheim,M'gladbach,2.0,1.4,1.4,1.0,0.8,1.0,3,2,1,1,1,2,5,5,3.0,2.0,2.6,1.4,0.4,0.8,5,3,5,5,H
2017-04-15,Wolfsburg,Ingolstadt,1.4,2.0,1.2,2.0,1.6,1.6,2,3,1,1,2,1,5,5,1.2,1.2,1.0,1.4,1.2,1.8,2,2,5,5,H
2017-04-16,Werder Bremen,Hamburg,2.2,2.0,2.8,1.2,1.0,1.2,3,3,2,1,0,1,5,5,1.8,0.8,1.8,0.8,0.6,2.8,3,1,5,5,H
2017-04-16,Darmstadt,Schalke 04,0.6,2.0,0.8,1.8,2.2,1.0,1,3,0,1,4,1,5,5,1.2,1.0,1.2,1.0,2.4,1.8,2,1,5,5,H
2017-04-21,FC Koln,Hoffenheim,1.2,2.4,1.8,2.2,1.8,1.2,2,4,0,0,3,1,5,5,1.4,1.0,1.6,1.4,1.8,1.4,2,1,5,5,D
2017-04-22,Bayern Munich,Mainz,2.0,0.6,2.2,0.8,0.4,1.4,3,1,1,0,1,4,5,5,2.6,0.6,4.4,0.8,0.4,1.8,4,1,5,5,D
2017-04-22,Ein Frankfurt,Augsburg,0.6,0.8,0.6,1.0,1.2,2.6,0,1,3,1,2,3,5,5,0.6,0.6,0.6,0.4,1.2,2.8,0,1,5,5,H
2017-04-22,Hamburg,Darmstadt,1.4,0.6,1.0,0.8,1.4,2.2,2,1,1,0,2,4,5,5,2.6,0.0,1.8,0.4,1.0,2.4,4,0,5,5,A
2017-04-22,Hertha,Wolfsburg,0.6,1.4,1.0,1.6,1.8,1.6,1,2,0,1,4,2,5,5,2.0,1.0,1.6,1.2,1.0,2.2,3,1,5,5,H
2017-04-22,Ingolstadt,Werder Bremen,1.8,2.6,1.6,3.0,1.8,1.0,3,4,0,1,2,0,5,5,1.4,2.2,1.4,2.4,1.8,1.2,2,3,5,5,A
2017-04-22,M'gladbach,Dortmund,1.4,2.0,1.4,1.8,1.6,1.2,2,3,1,1,2,1,5,5,1.8,0.8,1.8,1.4,1.0,1.8,3,1,5,5,A
2017-04-23,Freiburg,Leverkusen,1.4,1.0,1.0,1.0,2.0,1.0,2,1,1,2,2,2,5,5,1.4,1.2,1.2,1.4,2.0,1.8,2,2,5,5,H
2017-04-23,Schalke 04,RB Leipzig,1.4,2.4,1.4,2.4,1.4,1.0,2,4,1,0,2,1,5,5,2.2,1.4,2.2,1.4,0.6,1.8,3,2,5,5,D
2017-04-28,Leverkusen,Schalke 04,1.0,1.0,1.2,1.4,1.2,1.6,1,1,2,2,2,2,5,5,1.2,0.8,1.4,1.0,1.2,2.0,1,1,5,5,A
2017-04-29,Werder Bremen,Hertha,2.6,1.2,3.2,0.8,1.4,1.0,4,2,1,0,0,3,5,5,2.4,0.0,2.0,0.4,0.4,1.8,4,0,5,5,H
2017-04-29,Wolfsburg,Bayern Munich,0.8,1.6,1.4,2.4,1.8,0.8,1,2,1,2,3,1,5,5,1.8,1.6,1.4,1.0,0.8,0.4,3,2,5,5,A
2017-04-29,RB Leipzig,Ingolstadt,2.6,1.8,2.6,2.0,0.6,2.4,4,3,1,0,0,2,5,5,2.4,1.2,2.4,1.4,0.4,2.2,4,2,5,5,D
2017-04-29,Dortmund,FC Koln,2.0,0.8,2.2,1.2,1.6,1.6,3,1,1,1,1,3,5,5,3.0,0.2,3.2,1.2,0.6,2.2,5,0,5,5,D
2017-04-29,Darmstadt,Freiburg,1.2,1.8,1.2,1.2,2.2,2.0,2,3,0,0,3,2,5,5,1.8,1.6,1.4,1.2,1.4,1.6,3,2,5,5,H
2017-04-29,Mainz,M'gladbach,0.8,1.4,1.2,1.8,1.6,2.0,1,2,1,1,3,2,5,5,0.8,1.4,0.8,1.8,1.4,1.8,1,2,5,5,A
2017-04-30,Augsburg,Hamburg,0.6,1.2,1.0,1.2,3.0,1.8,1,2,0,0,4,3,5,5,1.0,0.8,1.6,0.8,2.0,2.6,1,1,5,5,H
2017-04-30,Hoffenheim,Ein Frankfurt,2.0,1.0,2.2,1.2,1.4,1.4,3,1,1,2,1,2,5,5,3.0,0.0,2.8,0.2,1.0,2.4,5,0,5,5,H
2017-05-05,FC Koln,Werder Bremen,1.0,2.6,1.0,2.6,1.2,1.0,1,4,2,1,2,0,5,5,1.4,2.2,1.6,2.8,1.8,1.6,2,3,5,5,H
2017-05-06,Bayern Munich,Darmstadt,1.6,1.8,2.4,1.8,0.8,1.4,2,3,2,0,1,2,5,5,2.6,0.6,4.6,0.8,0.6,2.2,4,1,5,5,H
2017-05-06,Dortmund,Hoffenheim,2.0,2.0,2.0,1.8,1.4,1.2,3,3,1,1,1,1,5,5,2.6,1.2,2.6,1.4,0.6,1.2,4,1,5,5,H
2017-05-06,Ein Frankfurt,Wolfsburg,0.8,0.6,1.2,0.8,1.6,2.4,1,1,1,0,3,4,5,5,1.2,1.0,1.2,1.2,1.0,1.8,1,1,5,5,A
2017-05-06,Hertha,RB Leipzig,1.2,2.2,0.6,1.8,0.8,0.6,2,3,0,2,3,0,5,5,2.4,1.6,1.6,1.6,0.8,1.8,4,2,5,5,A
2017-05-06,Ingolstadt,Leverkusen,1.4,0.8,1.6,0.8,2.2,1.4,2,1,1,1,2,3,5,5,1.4,0.6,1.8,1.0,2.2,2.0,2,1,5,5,D
2017-05-06,M'gladbach,Augsburg,1.8,1.2,2.2,1.8,2.2,1.8,3,2,0,0,2,3,5,5,1.2,0.6,1.6,0.6,1.6,3.0,2,1,5,5,D
2017-05-07,Hamburg,Mainz,0.6,0.8,0.8,1.2,2.4,1.6,1,1,0,1,4,3,5,5,2.4,0.8,1.6,1.2,1.0,1.4,4,1,5,5,D
2017-05-07,Freiburg,Schalke 04,1.8,1.4,0.8,2.0,1.6,1.6,3,2,0,1,2,2,5,5,1.4,1.2,1.2,1.6,2.0,2.0,2,2,5,5,H
2017-05-13,Schalke 04,Hamburg,1.4,0.8,2.0,0.8,1.4,1.8,2,1,1,1,2,3,5,5,1.8,0.2,2.0,0.2,0.8,3.4,2,0,5,5,D
2017-05-13,RB Leipzig,Bayern Munich,2.2,2.2,2.0,2.6,0.4,0.6,3,3,2,2,0,0,5,5,2.0,2.0,1.8,2.0,0.2,0.2,3,3,5,5,A
2017-05-13,Werder Bremen,Hoffenheim,2.0,1.4,2.6,1.8,1.8,1.6,3,2,1,1,1,2,5,5,3.0,1.0,2.4,1.4,0.2,1.4,5,1,5,5,A
2017-05-13,Mainz,Ein Frankfurt,1.0,0.8,0.8,1.2,1.0,1.8,1,1,2,1,2,3,5,5,0.8,0.0,1.0,0.2,1.4,2.0,1,0,5,5,H
2017-05-13,Wolfsburg,M'gladbach,1.2,1.4,1.2,2.2,2.2,2.4,2,2,0,1,3,2,5,5,1.2,1.4,1.0,1.8,1.8,2.0,2,2,5,5,D
2017-05-13,Freiburg,Ingolstadt,1.8,1.0,1.0,1.2,1.6,2.0,3,1,0,2,2,2,5,5,2.0,0.8,1.6,1.0,1.4,2.2,3,1,5,5,D
2017-05-13,Darmstadt,Hertha,1.8,1.2,1.8,0.8,1.2,1.4,3,2,0,0,2,3,5,5,1.8,0.0,1.6,0.4,1.2,1.8,3,0,5,5,A
2017-05-13,Augsburg,Dortmund,1.4,2.0,1.6,1.8,1.4,1.6,2,3,1,1,2,1,5,5,1.6,1.4,2.2,1.8,1.4,1.8,2,2,5,5,D
2017-05-13,Leverkusen,FC Koln,0.4,1.0,0.6,1.6,1.6,1.8,0,1,2,2,3,2,5,5,0.6,0.4,1.0,1.0,2.0,1.8,0,0,5,5,D
2017-05-20,M'gladbach,Darmstadt,1.0,1.8,1.8,1.4,2.2,1.0,1,3,2,0,2,2,5,5,1.4,0.6,1.6,0.8,1.4,2.0,2,1,5,5,D
2017-05-20,Hertha,Leverkusen,1.2,0.6,0.8,1.0,1.4,1.8,2,0,0,3,3,2,5,5,1.8,0.8,1.4,0.8,1.6,1.0,3,1,5,5,A
2017-05-20,Ingolstadt,Schalke 04,0.6,1.0,0.8,1.4,1.8,1.4,0,1,3,2,2,2,5,5,1.6,1.2,2.0,1.2,2.0,1.6,2,2,5,5,D
2017-05-20,Hamburg,Wolfsburg,0.4,1.4,0.6,1.2,1.8,1.6,0,2,2,1,3,2,5,5,2.0,1.4,1.4,1.4,1.0,1.6,3,2,5,5,H
2017-05-20,Hoffenheim,Augsburg,2.0,1.6,2.6,1.8,1.8,1.2,3,2,1,2,1,1,5,5,3.0,0.2,2.6,0.4,1.0,3.0,5,0,5,5,D
2017-05-20,Ein Frankfurt,RB Leipzig,0.6,1.6,1.2,2.6,2.2,1.4,1,2,0,2,4,1,5,5,1.2,1.6,1.0,2.0,1.0,1.8,1,2,5,5,D
2017-05-20,Dortmund,Werder Bremen,2.2,1.8,1.8,2.8,1.0,2.4,3,3,2,0,0,2,5,5,2.6,1.6,1.8,3.0,0.4,2.2,4,2,5,5,H
2017-05-20,Bayern Munich,Freiburg,2.2,1.4,2.8,1.0,1.2,1.8,3,2,2,1,0,2,5,5,2.6,1.4,3.2,0.8,0.6,1.8,4,2,5,5,H
2017-05-20,FC Koln,Mainz,1.2,1.6,1.6,1.6,1.6,1.2,1,2,3,2,1,1,5,5,2.0,0.4,2.4,0.8,1.8,1.4,3,0,5,5,H
2017-08-18,Bayern Munich,Leverkusen,2.6,1.0,3.6,2.2,1.4,2.2,4,1,1,2,0,2,5,5,2.6,1.4,3.4,2.0,0.8,1.2,4,2,5,5,H
2017-08-19,Wolfsburg,Dortmund,0.8,2.2,0.8,2.0,2.0,1.4,1,3,1,2,3,0,5,5,1.4,1.0,1.0,1.4,1.6,2.0,2,1,5,5,A
2017-08-19,Schalke 04,RB Leipzig,1.2,1.2,1.4,2.2,1.2,1.8,1,1,3,3,1,1,5,5,1.8,1.6,2.0,2.0,0.8,1.8,2,2,5,5,H
2017-08-19,Mainz,Hannover,1.0,1.4,1.4,1.4,1.6,1.6,1,2,2,1,2,2,5,5,1.2,0.4,1.6,1.2,1.6,2.4,2,0,5,5,A
2017-08-19,Hertha,Stuttgart,1.2,0.0,1.2,0.8,2.4,3.2,2,0,0,0,3,5,5,5,1.2,0.4,1.4,1.6,2.6,3.0,2,0,5,5,H
2017-08-19,Hamburg,Augsburg,1.0,1.2,0.8,1.4,1.6,1.0,1,1,2,3,2,1,5,5,2.0,0.4,1.4,0.4,1.0,2.4,3,0,5,5,H
2017-08-19,Hoffenheim,Werder Bremen,1.6,1.2,1.6,3.0,1.2,3.0,2,2,2,0,1,3,5,5,2.6,1.4,1.6,3.4,0.6,2.8,4,2,5,5,H
2017-08-20,Freiburg,Ein Frankfurt,1.4,0.8,1.2,1.4,1.8,2.0,2,1,1,1,2,3,5,5,2.0,0.0,1.6,0.6,1.4,2.4,3,0,5,5,D
2017-08-20,M'gladbach,FC Koln,1.2,1.8,1.6,1.8,1.6,1.2,1,2,3,3,1,0,5,5,1.0,0.6,1.2,1.2,1.4,1.6,1,0,5,5,H
2017-08-25,FC Koln,Hamburg,1.6,1.6,1.6,0.8,1.2,1.2,2,2,2,2,1,1,5,5,2.0,0.4,2.0,0.4,1.4,2.0,3,0,5,5,A
2017-08-26,Stuttgart,Mainz,0.0,0.8,0.8,1.0,3.4,1.4,0,1,0,1,5,3,5,5,0.6,0.4,1.4,0.6,2.4,1.4,1,0,5,5,H
2017-08-26,Werder Bremen,Bayern Munich,0.6,3.0,2.2,3.8,2.8,1.2,1,5,0,0,4,0,5,5,2.4,2.0,2.6,2.4,1.2,1.0,4,3,5,5,A
2017-08-26,Leverkusen,Hoffenheim,1.0,2.0,2.2,1.6,2.4,1.0,1,3,2,1,2,1,5,5,0.8,1.4,1.4,2.2,2.0,1.8,0,2,5,5,D
2017-08-26,Ein Frankfurt,Wolfsburg,0.4,0.8,0.8,0.8,1.8,2.4,0,1,2,1,3,3,5,5,1.2,0.8,1.4,1.4,1.4,2.0,1,1,5,5,A
2017-08-26,Dortmund,Hertha,2.2,1.2,2.0,1.4,1.0,2.4,3,2,2,0,0,3,5,5,2.6,0.6,2.4,0.8,1.0,1.6,4,1,5,5,H
2017-08-26,Augsburg,M'gladbach,1.2,1.8,1.2,1.4,0.6,1.0,1,2,3,3,1,0,5,5,1.6,1.6,2.0,1.8,1.2,1.8,2,2,5,5,D
2017-08-27,Hannover,Schalke 04,1.4,1.6,1.2,1.6,1.6,1.0,2,2,1,2,2,1,5,5,1.2,0.8,0.8,1.2,1.6,1.8,2,1,5,5,H
2017-08-27,RB Leipzig,Freiburg,1.0,1.0,2.0,0.8,2.0,1.6,1,1,2,2,2,2,5,5,2.0,0.8,2.6,0.6,1.0,2.4,3,1,5,5,H
2017-09-08,Hamburg,RB Leipzig,2.2,1.4,1.4,2.8,0.6,2.2,3,2,2,1,0,2,5,5,2.0,1.6,1.2,2.0,0.8,1.6,3,2,5,5,A
2017-09-09,Augsburg,FC Koln,0.8,1.4,0.8,1.8,1.0,1.8,0,2,4,1,1,2,5,5,1.6,0.4,2.2,0.8,1.4,1.4,2,0,5,5,H
2017-09-09,Freiburg,Dortmund,1.0,2.6,1.0,2.4,1.8,1.0,1,4,2,1,2,0,5,5,2.2,1.6,1.2,1.8,0.4,1.6,3,2,5,5,D
2017-09-09,Hoffenheim,Bayern Munich,1.6,3.0,1.8,3.0,1.4,1.2,2,5,2,0,1,0,5,5,2.6,2.0,1.6,2.6,0.6,1.0,4,3,5,5,H
2017-09-09,Mainz,Leverkusen,0.8,1.2,0.8,2.4,1.2,2.0,1,1,1,3,3,1,5,5,1.2,0.8,1.6,1.8,1.6,1.8,2,1,5,5,H
2017-09-09,M'gladbach,Ein Frankfurt,1.4,0.4,1.4,0.8,1.2,1.8,1,0,4,2,0,3,5,5,1.6,0.2,1.4,0.6,1.2,1.8,2,0,5,5,A
2017-09-09,Wolfsburg,Hannover,1.4,1.8,1.0,1.0,1.2,1.2,2,3,1,0,2,2,5,5,0.8,1.0,0.8,1.2,2.2,1.6,1,1,5,5,D
2017-09-10,Hertha,Werder Bremen,1.2,0.0,1.4,1.8,2.4,3.2,2,0,0,0,3,5,5,5,1.8,0.8,1.6,2.4,2.0,2.6,3,1,5,5,D
2017-09-10,Schalke 04,Stuttgart,1.0,0.6,0.8,1.0,1.0,2.8,1,1,2,0,2,4,5,5,1.8,0.2,1.8,1.0,0.8,2.8,2,0,5,5,H
2017-09-15,Hannover,Hamburg,2.0,2.0,1.0,1.4,0.8,1.0,3,3,1,1,1,1,5,5,1.8,0.8,1.0,1.0,1.2,2.2,3,1,5,5,H
2017-09-16,Stuttgart,Wolfsburg,0.6,1.0,0.8,0.8,2.2,1.4,1,1,0,2,4,2,5,5,0.6,1.2,0.6,1.0,2.2,1.4,1,2,5,5,H
2017-09-16,RB Leipzig,M'gladbach,1.4,1.2,2.4,1.2,2.0,1.2,2,1,1,3,2,1,5,5,2.0,1.6,2.6,2.2,1.2,2.2,3,2,5,5,D
2017-09-16,Werder Bremen,Schalke 04,0.2,1.6,1.4,1.4,2.6,0.8,0,2,1,2,4,1,5,5,1.8,0.8,2.0,1.2,1.6,1.4,3,1,5,5,A
2017-09-16,Bayern Munich,Mainz,2.4,1.2,2.8,1.4,1.6,1.4,4,2,0,0,1,3,5,5,2.6,0.4,2.8,0.4,1.0,1.2,4,0,5,5,H
2017-09-16,Ein Frankfurt,Augsburg,1.0,1.2,1.0,1.2,1.4,0.8,1,1,2,3,2,1,5,5,1.0,0.4,1.4,0.4,1.6,1.4,1,0,5,5,A
2017-09-17,Dortmund,FC Koln,2.2,0.8,2.0,1.0,0.8,1.8,3,1,2,1,0,3,5,5,2.6,0.4,2.2,0.6,1.0,1.6,4,0,5,5,H
2017-09-17,Hoffenheim,Hertha,2.2,1.4,2.0,1.4,1.0,1.8,3,2,2,1,0,2,5,5,2.6,0.6,1.8,0.4,0.6,1.2,4,1,5,5,D
2017-09-17,Leverkusen,Freiburg,1.0,0.6,2.4,0.6,2.4,1.8,1,0,2,3,2,2,5,5,0.8,0.6,1.6,0.6,2.2,3.0,0,1,5,5,H
2017-09-19,Schalke 04,Bayern Munich,2.0,2.4,1.6,2.6,0.8,0.8,3,4,1,0,1,1,5,5,2.2,2.0,2.2,2.6,0.8,1.2,3,3,5,5,A
2017-09-19,Wolfsburg,Werder Bremen,0.8,0.2,0.6,1.0,1.4,2.0,1,0,1,1,3,4,5,5,1.0,0.8,1.0,2.2,2.2,2.4,1,1,5,5,D
2017-09-19,Augsburg,RB Leipzig,1.6,1.6,1.4,2.0,0.8,1.4,2,2,2,2,1,1,5,5,2.2,1.6,2.4,1.8,0.8,1.2,3,2,5,5,H
2017-09-19,M'gladbach,Stuttgart,1.2,1.2,1.4,0.8,1.4,1.6,1,2,3,0,1,3,5,5,1.0,0.0,1.2,0.8,1.4,3.0,1,0,5,5,H
2017-09-20,FC Koln,Ein Frankfurt,0.6,1.0,0.6,0.8,2.4,1.0,1,1,0,2,4,2,5,5,1.4,0.8,2.0,0.8,2.0,1.6,2,1,5,5,A
2017-09-20,Freiburg,Hannover,0.4,2.0,0.4,1.2,2.4,0.8,0,3,2,1,3,1,5,5,1.8,1.2,1.0,1.4,0.4,1.6,2,1,5,5,D
2017-09-20,Hamburg,Dortmund,1.8,2.6,1.2,2.8,1.2,0.6,3,4,0,1,2,0,5,5,1.4,1.6,0.8,1.6,1.0,1.4,2,2,5,5,A
2017-09-20,Hertha,Leverkusen,1.0,1.4,1.2,2.8,2.0,2.0,1,2,2,1,2,2,5,5,1.4,0.8,1.4,2.0,2.2,2.2,2,1,5,5,H
2017-09-20,Mainz,Hoffenheim,0.6,1.8,0.6,1.2,1.8,0.6,1,2,0,3,4,0,5,5,1.8,1.0,1.8,2.0,1.2,2.0,3,1,5,5,A
2017-09-22,Bayern Munich,Wolfsburg,2.4,1.0,2.4,0.6,0.6,1.2,4,1,0,2,1,2,5,5,2.6,1.2,2.8,0.8,0.8,0.8,4,2,5,5,D
2017-09-23,Werder Bremen,Freiburg,0.4,0.6,0.6,0.4,1.4,1.8,0,0,2,3,3,2,5,5,1.2,0.0,1.6,0.4,2.0,3.8,2,0,5,5,D
2017-09-23,RB Leipzig,Ein Frankfurt,1.4,1.4,1.6,0.6,1.2,0.6,2,2,1,1,2,2,5,5,1.6,1.4,2.8,0.8,1.6,1.0,2,2,5,5,H
2017-09-23,Stuttgart,Augsburg,1.2,2.0,0.6,1.6,1.4,0.8,2,3,0,1,3,1,5,5,1.2,1.0,0.8,0.8,1.8,1.2,2,1,5,5,D
2017-09-23,Hoffenheim,Schalke 04,2.2,1.8,1.8,1.4,1.0,1.2,3,3,2,0,0,2,5,5,2.2,1.4,1.0,1.4,0.2,1.2,3,2,5,5,H
2017-09-23,Dortmund,M'gladbach,2.6,1.6,2.6,1.4,0.0,1.0,4,2,1,2,0,1,5,5,2.6,1.2,2.6,2.0,0.8,2.2,4,1,5,5,H
2017-09-23,Mainz,Hertha,0.6,1.6,1.0,1.2,2.0,1.0,1,2,0,2,4,1,5,5,1.2,0.8,2.0,0.6,1.8,1.2,2,1,5,5,H
2017-09-24,Hannover,FC Koln,2.2,0.0,1.2,0.2,0.4,2.6,3,0,2,0,0,5,5,5,2.4,0.4,1.4,0.4,0.6,2.2,4,0,5,5,D
2017-09-24,Leverkusen,Hamburg,0.8,1.2,1.8,0.8,2.0,1.6,1,2,1,0,3,3,5,5,1.2,0.8,1.8,1.0,1.6,2.0,1,1,5,5,H
2017-09-29,Schalke 04,Leverkusen,1.2,1.4,1.0,2.2,1.6,1.4,2,2,0,1,3,2,5,5,1.6,0.8,1.4,2.0,1.2,2.2,2,1,5,5,D
2017-09-30,M'gladbach,Hannover,1.0,1.8,1.4,1.0,2.2,0.4,1,2,2,3,2,0,5,5,1.6,1.2,1.2,1.2,0.8,1.4,2,1,5,5,H
2017-09-30,Hamburg,Werder Bremen,0.6,0.6,0.6,0.6,2.2,1.2,1,0,0,3,4,2,5,5,1.4,0.4,0.6,1.6,1.2,2.2,2,0,5,5,D
2017-09-30,Wolfsburg,Mainz,1.2,1.2,1.0,1.2,1.0,1.8,1,2,3,0,1,3,5,5,0.6,0.4,0.6,0.4,2.4,1.8,0,0,5,5,D
2017-09-30,Augsburg,Dortmund,2.2,2.6,1.6,3.2,0.6,0.2,3,4,2,1,0,0,5,5,2.2,2.2,2.2,2.0,0.6,0.6,3,3,5,5,A
2017-09-30,Ein Frankfurt,Stuttgart,1.2,1.4,0.8,0.6,1.0,1.0,2,2,0,1,3,2,5,5,0.8,0.0,1.2,0.8,1.6,3.2,1,0,5,5,H
2017-10-01,FC Koln,RB Leipzig,0.2,2.0,0.2,2.0,2.4,1.0,0,3,1,1,4,1,5,5,1.4,1.4,1.6,1.6,1.6,1.2,2,2,5,5,A
2017-10-01,Freiburg,Hoffenheim,0.6,2.2,0.4,2.0,1.8,1.0,0,3,3,2,2,0,5,5,1.4,1.6,0.8,2.4,0.4,2.0,1,2,5,5,H
2017-10-01,Hertha,Bayern Munich,1.0,2.0,0.8,2.2,1.2,0.8,1,3,2,1,2,1,5,5,1.4,2.4,1.6,3.2,2.4,1.2,2,4,5,5,D
2017-10-13,Stuttgart,FC Koln,0.8,0.2,0.6,0.2,1.4,2.2,1,0,1,1,3,4,5,5,1.4,0.4,0.6,0.4,1.2,2.2,2,0,5,5,H
2017-10-14,Hoffenheim,Augsburg,2.0,2.0,2.0,1.4,1.2,0.6,3,3,1,1,1,1,5,5,2.2,1.2,1.2,0.6,0.2,0.6,3,1,5,5,D
2017-10-14,Bayern Munich,Freiburg,1.6,1.2,2.2,0.8,1.2,1.4,2,1,2,3,1,1,5,5,2.6,0.2,2.8,0.4,0.8,3.0,4,0,5,5,H
2017-10-14,Dortmund,RB Leipzig,2.6,2.0,3.2,1.6,0.4,1.0,4,3,1,1,0,1,5,5,3.0,1.4,3.8,1.2,1.0,1.2,5,2,5,5,A
2017-10-14,Hannover,Ein Frankfurt,1.2,1.8,1.0,1.2,0.8,1.0,1,3,3,0,1,2,5,5,2.0,1.4,1.0,1.0,0.6,1.2,3,2,5,5,A
2017-10-14,Hertha,Schalke 04,1.2,1.4,1.2,1.2,1.2,1.6,1,2,3,1,1,2,5,5,1.6,0.8,1.8,0.6,2.0,1.4,2,1,5,5,A
2017-10-14,Mainz,Hamburg,1.4,0.2,1.4,0.0,1.8,2.0,2,0,1,1,2,4,5,5,1.8,0.8,2.0,0.8,1.4,2.2,3,1,5,5,H
2017-10-15,Werder Bremen,M'gladbach,0.8,1.4,0.6,1.4,0.8,2.0,0,2,4,1,1,2,5,5,0.8,1.2,1.2,1.6,1.8,2.4,1,1,5,5,A
2017-10-15,Leverkusen,Wolfsburg,1.4,0.8,2.0,1.0,1.2,1.2,2,0,1,4,2,1,5,5,1.6,1.4,2.4,1.2,1.6,1.0,2,2,5,5,D
2017-10-20,Schalke 04,Mainz,1.4,1.4,1.0,1.4,1.4,2.0,2,2,1,1,2,2,5,5,1.6,0.4,1.4,0.2,1.2,1.6,2,0,5,5,H
2017-10-21,Augsburg,Hannover,1.6,1.0,1.2,1.0,1.0,1.0,2,1,2,2,1,2,5,5,1.6,1.0,1.6,1.0,1.0,1.4,2,1,5,5,A
2017-10-21,Ein Frankfurt,Dortmund,1.8,2.4,1.4,3.6,1.2,1.0,3,4,0,0,2,1,5,5,0.8,2.2,1.0,1.8,1.6,0.4,1,3,5,5,D
2017-10-21,Hamburg,Bayern Munich,0.2,2.2,0.4,3.2,2.2,0.8,0,3,1,2,4,0,5,5,1.4,2.0,0.6,2.4,1.2,1.6,2,3,5,5,A
2017-10-21,M'gladbach,Leverkusen,2.0,1.6,1.8,2.2,1.8,1.0,3,2,1,2,1,1,5,5,2.0,0.8,1.4,2.0,0.8,2.2,3,1,5,5,A
2017-10-21,RB Leipzig,Stuttgart,2.0,1.4,1.8,0.8,1.4,1.0,3,2,1,1,1,2,5,5,1.6,0.0,2.4,0.6,1.8,2.4,2,0,5,5,H
2017-10-22,Wolfsburg,Hoffenheim,0.8,1.6,1.2,2.0,1.4,1.6,0,2,4,2,1,1,5,5,0.8,1.4,0.8,2.6,1.4,2.4,0,2,5,5,D
2017-10-22,Freiburg,Hertha,1.0,1.0,0.8,1.0,2.4,1.4,1,1,2,2,2,2,5,5,1.4,0.8,1.0,0.6,0.8,1.2,1,1,5,5,D
2017-10-22,FC Koln,Werder Bremen,0.2,0.6,0.4,0.4,2.0,1.0,0,0,1,3,4,2,5,5,1.2,0.6,1.6,1.0,1.8,1.4,2,0,5,5,D
2017-10-27,Mainz,Ein Frankfurt,1.4,2.0,1.4,1.6,1.6,1.2,2,3,1,1,2,1,5,5,1.8,2.0,1.8,1.0,1.4,0.6,3,3,5,5,D
2017-10-28,Bayern Munich,RB Leipzig,2.2,2.4,2.6,1.6,0.8,1.0,3,4,2,0,0,1,5,5,2.6,1.8,3.6,1.4,0.8,1.2,4,3,5,5,H
2017-10-28,Hannover,Dortmund,1.0,2.0,1.0,3.0,1.2,1.4,1,3,2,1,2,1,5,5,2.0,2.2,1.0,2.0,0.4,0.6,3,3,5,5,H
2017-10-28,Hertha,Hamburg,1.0,0.2,1.0,0.4,1.4,2.0,1,0,2,1,2,4,5,5,1.6,0.8,1.4,1.2,1.2,2.0,2,1,5,5,H
2017-10-28,Hoffenheim,M'gladbach,1.6,1.8,2.0,1.6,1.6,2.4,2,3,2,0,1,2,5,5,2.2,1.2,1.6,1.6,0.6,2.2,3,1,5,5,A
2017-10-28,Leverkusen,FC Koln,1.6,0.4,2.4,0.4,1.2,1.0,2,0,2,2,1,3,5,5,1.8,0.2,2.6,0.2,1.2,2.2,2,0,5,5,H
2017-10-28,Schalke 04,Wolfsburg,1.4,1.0,1.0,1.4,1.2,1.4,2,0,1,5,2,0,5,5,2.0,1.0,1.6,1.2,1.0,1.4,3,1,5,5,D
2017-10-29,Werder Bremen,Augsburg,0.8,1.0,0.2,1.0,0.6,1.2,0,1,4,2,1,2,5,5,0.2,1.2,0.8,0.8,2.2,0.8,0,1,5,5,A
2017-10-29,Stuttgart,Freiburg,0.8,1.2,0.6,1.0,1.2,1.8,1,1,1,3,3,1,5,5,2.0,0.2,1.0,0.4,0.8,3.4,3,0,5,5,H
2017-11-03,Ein Frankfurt,Werder Bremen,1.6,0.6,1.6,0.0,1.4,1.0,2,0,2,3,1,2,5,5,1.0,0.8,1.4,0.4,1.6,0.6,1,0,5,5,H
2017-11-04,Augsburg,Leverkusen,1.0,2.2,1.4,2.6,1.2,1.0,1,3,2,2,2,0,5,5,1.4,0.8,1.6,1.8,1.2,2.0,2,1,5,5,D
2017-11-04,Dortmund,Bayern Munich,1.4,2.2,2.8,2.4,2.2,0.8,2,3,1,2,2,0,5,5,2.4,2.0,3.8,1.6,1.4,0.8,4,3,5,5,A
2017-11-04,Freiburg,Schalke 04,1.0,1.6,0.8,1.2,2.2,0.8,1,2,2,2,2,1,5,5,1.4,1.4,1.0,1.0,0.8,1.0,1,2,5,5,A
2017-11-04,Hamburg,Stuttgart,0.2,1.4,0.6,1.2,1.8,0.8,0,2,1,1,4,2,5,5,0.8,0.0,0.2,0.4,1.2,2.0,1,0,5,5,H
2017-11-04,M'gladbach,Mainz,1.8,1.6,1.8,1.2,2.6,1.2,3,2,0,2,2,1,5,5,1.8,0.2,1.2,0.2,1.4,2.0,3,0,5,5,D
2017-11-04,RB Leipzig,Hannover,2.4,1.4,1.6,1.6,1.2,1.4,4,2,0,1,1,2,5,5,2.0,1.6,2.6,1.2,1.8,1.0,3,2,5,5,H
2017-11-05,Wolfsburg,Hertha,1.0,1.0,1.4,1.0,1.4,1.4,0,1,5,2,0,2,5,5,0.8,1.0,0.8,0.8,1.4,1.0,0,1,5,5,D
2017-11-05,FC Koln,Hoffenheim,0.4,1.0,0.6,1.6,1.2,1.8,0,1,2,2,3,2,5,5,0.8,1.6,0.8,2.6,1.2,2.2,1,2,5,5,A
2017-11-17,Stuttgart,Dortmund,1.2,0.8,1.4,1.8,1.4,2.6,2,1,0,1,3,3,5,5,2.6,1.6,1.4,1.8,0.2,1.4,4,2,5,5,H
2017-11-18,Bayern Munich,Augsburg,2.6,1.0,2.6,1.6,0.6,1.4,4,1,1,2,0,2,5,5,2.6,1.6,3.2,1.4,0.6,0.8,4,2,5,5,H
2017-11-18,Hertha,M'gladbach,1.2,2.0,1.6,1.8,1.8,1.6,1,3,3,1,1,1,5,5,1.6,1.6,1.4,2.0,1.4,2.2,2,2,5,5,A
2017-11-18,Hoffenheim,Ein Frankfurt,1.0,2.2,1.8,1.8,1.8,1.2,1,3,2,2,2,0,5,5,1.6,2.0,1.6,1.2,1.2,0.8,2,3,5,5,D
2017-11-18,Leverkusen,RB Leipzig,1.8,2.4,2.2,1.6,1.2,1.2,2,4,3,0,0,1,5,5,2.2,1.8,2.6,1.4,1.0,1.2,3,3,5,5,D
2017-11-18,Mainz,FC Koln,1.2,0.2,1.2,0.6,1.4,1.8,1,0,3,1,1,4,5,5,2.0,0.2,2.0,0.4,1.4,2.4,3,0,5,5,H
2017-11-18,Wolfsburg,Freiburg,1.0,0.8,1.6,0.8,1.6,2.4,0,1,5,1,0,3,5,5,1.0,0.2,1.4,0.2,1.4,3.2,0,0,5,5,H
2017-11-19,Schalke 04,Hamburg,2.2,0.8,1.4,1.2,0.4,1.4,3,1,2,1,0,3,5,5,1.6,0.6,1.4,1.2,1.2,2.2,2,1,5,5,H
2017-11-19,Werder Bremen,Hannover,0.4,1.2,0.2,1.8,1.4,1.8,0,2,2,0,3,3,5,5,0.2,1.0,0.2,1.2,1.8,1.4,0,1,5,5,H
2017-11-24,Hannover,Stuttgart,1.2,1.8,1.6,1.6,2.2,1.2,2,3,0,0,3,2,5,5,2.0,0.0,1.6,0.6,0.8,2.2,3,0,5,5,D
2017-11-25,Augsburg,Wolfsburg,1.0,1.4,1.4,2.0,1.6,1.6,1,1,2,4,2,0,5,5,1.4,1.2,1.4,1.2,1.0,1.2,2,1,5,5,H
2017-11-25,Dortmund,Schalke 04,0.2,2.6,1.6,1.6,2.8,0.2,0,4,1,1,4,0,5,5,1.8,1.8,3.2,1.0,1.4,0.8,3,3,5,5,D
2017-11-25,Ein Frankfurt,Leverkusen,1.8,1.8,1.6,2.4,1.2,1.4,2,2,3,3,0,0,5,5,1.4,1.0,1.4,1.8,1.4,1.6,2,1,5,5,A
2017-11-25,Freiburg,Mainz,0.2,1.6,0.4,1.2,2.6,1.2,0,2,1,2,4,1,5,5,1.2,0.4,1.0,0.4,1.0,1.8,1,0,5,5,H
2017-11-25,M'gladbach,Bayern Munich,2.0,3.0,2.2,2.8,1.8,0.2,3,5,1,0,1,0,5,5,1.4,2.0,1.2,1.8,1.6,1.0,2,3,5,5,H
2017-11-25,RB Leipzig,Werder Bremen,2.0,0.8,1.6,1.0,1.4,1.4,3,1,1,1,1,3,5,5,2.6,0.8,2.2,0.6,1.0,0.8,4,0,5,5,H
2017-11-26,FC Koln,Hertha,0.2,1.0,0.4,1.6,1.6,2.2,0,1,1,2,4,2,5,5,0.2,0.6,0.4,1.0,1.8,1.6,0,0,5,5,A
2017-11-26,Hamburg,Hoffenheim,0.6,1.2,1.2,1.6,1.8,1.4,1,1,0,3,4,1,5,5,0.8,1.6,0.6,2.2,1.4,1.6,1,2,5,5,H
2017-12-01,Freiburg,Hamburg,0.8,1.2,0.8,1.4,1.8,1.2,1,2,1,0,3,3,5,5,1.6,0.0,1.4,0.6,1.2,2.4,2,0,5,5,D
2017-12-02,Bayern Munich,Hannover,2.4,1.4,2.0,1.6,0.6,2.0,4,2,0,1,1,2,5,5,2.6,0.8,3.2,1.0,0.4,2.0,4,1,5,5,H
2017-12-02,Hoffenheim,RB Leipzig,1.0,2.0,1.2,1.4,1.6,1.0,1,3,2,1,2,1,5,5,1.2,1.4,1.4,1.4,1.4,1.6,1,2,5,5,H
2017-12-02,Leverkusen,Dortmund,2.2,0.4,2.2,2.0,1.0,3.0,3,0,2,2,0,3,5,5,2.2,1.4,2.6,2.0,1.0,1.8,3,2,5,5,D
2017-12-02,Mainz,Augsburg,1.0,1.4,0.8,1.4,1.2,1.4,1,2,2,1,2,2,5,5,2.0,1.6,1.6,1.4,1.2,1.2,3,2,5,5,A
2017-12-02,Schalke 04,FC Koln,2.2,0.2,2.0,0.2,1.0,1.6,3,0,2,1,0,4,5,5,1.6,0.2,1.2,0.4,1.0,2.0,2,0,5,5,D
2017-12-02,Werder Bremen,Stuttgart,0.8,1.4,1.0,1.4,1.4,1.2,1,2,1,1,3,2,5,5,0.8,0.2,1.0,0.6,1.4,1.8,1,0,5,5,H
2017-12-03,Hertha,Ein Frankfurt,1.6,1.2,2.0,1.2,1.8,1.2,2,1,2,3,1,1,5,5,1.4,1.6,1.6,1.2,2.0,1.0,2,2,5,5,A
2017-12-03,Wolfsburg,M'gladbach,1.2,2.0,1.8,2.2,1.6,2.0,1,3,3,1,1,1,5,5,1.4,2.0,1.8,2.4,1.4,2.2,1,3,5,5,H
2017-12-08,Stuttgart,Leverkusen,1.4,1.8,1.4,1.4,1.2,1.0,2,2,1,3,2,0,5,5,2.6,1.6,1.6,1.8,0.4,1.0,4,2,5,5,A
2017-12-09,Dortmund,Werder Bremen,0.4,1.2,1.8,1.2,2.8,1.4,0,2,2,0,3,3,5,5,1.4,0.6,3.6,0.4,2.2,1.0,2,0,5,5,A
2017-12-09,Ein Frankfurt,Bayern Munich,1.6,2.4,1.2,2.4,1.0,0.8,2,4,2,0,1,1,5,5,1.4,2.0,1.4,2.0,1.4,1.0,2,3,5,5,A
2017-12-09,Hamburg,Wolfsburg,1.4,1.6,1.4,2.2,1.0,1.4,2,2,1,2,2,1,5,5,1.4,0.6,1.2,1.2,1.0,1.6,2,0,5,5,D
2017-12-09,M'gladbach,Schalke 04,2.0,1.8,2.0,2.0,1.6,1.4,3,2,1,3,1,0,5,5,2.0,2.0,1.6,1.8,1.6,1.4,3,3,5,5,D
2017-12-09,RB Leipzig,Mainz,1.4,1.0,1.2,1.0,1.8,1.4,2,1,1,2,2,2,5,5,2.6,0.4,1.8,0.6,0.8,2.0,4,0,5,5,D
2017-12-10,Augsburg,Hertha,2.0,1.4,1.8,2.0,1.2,2.0,3,2,1,1,1,2,5,5,1.4,1.2,1.2,1.4,1.2,1.2,2,1,5,5,D
2017-12-10,FC Koln,Freiburg,0.2,0.8,0.6,0.6,2.0,1.6,0,1,1,1,4,3,5,5,0.2,0.2,0.2,0.2,1.6,3.0,0,0,5,5,A
2017-12-10,Hannover,Hoffenheim,0.8,1.4,1.4,1.8,2.4,1.4,1,2,1,1,3,2,5,5,1.6,1.4,1.6,1.8,1.0,1.8,2,2,5,5,H
2017-12-12,Wolfsburg,RB Leipzig,1.6,1.6,2.0,1.6,1.2,1.8,2,2,2,2,1,1,5,5,1.8,1.4,2.2,1.4,1.2,2.2,2,2,5,5,D
2017-12-12,Mainz,Dortmund,1.0,0.4,1.2,1.6,1.6,2.4,1,0,2,2,2,3,5,5,2.0,1.0,1.4,1.6,1.2,2.0,3,1,5,5,A
2017-12-12,Freiburg,M'gladbach,1.4,1.6,1.4,1.6,1.6,1.6,2,2,1,2,2,1,5,5,1.6,1.8,1.2,2.0,1.0,2.4,2,3,5,5,H
2017-12-12,Hamburg,Ein Frankfurt,1.6,1.4,1.2,1.0,0.6,1.0,2,2,2,1,1,2,5,5,1.6,1.6,1.2,1.4,0.4,1.2,2,2,5,5,A
2017-12-13,Schalke 04,Augsburg,1.8,1.6,2.0,1.4,1.4,1.4,2,2,3,2,0,1,5,5,1.8,1.6,1.6,1.6,0.8,1.2,2,2,5,5,H
2017-12-13,Bayern Munich,FC Koln,2.4,0.2,2.2,1.0,0.8,2.4,4,0,0,1,1,4,5,5,2.6,0.4,3.0,0.8,0.6,1.4,4,0,5,5,H
2017-12-13,Hertha,Hannover,1.0,0.8,1.8,1.0,2.0,2.0,1,1,2,1,2,3,5,5,0.8,0.6,1.4,1.0,2.2,2.4,1,1,5,5,H
2017-12-13,Hoffenheim,Stuttgart,1.4,0.8,1.6,0.8,1.2,1.6,2,1,1,1,2,3,5,5,1.6,0.2,2.0,0.6,1.2,1.6,2,0,5,5,H
2017-12-13,Leverkusen,Werder Bremen,1.8,1.8,1.4,1.6,0.8,1.0,2,3,3,0,0,2,5,5,1.8,1.0,2.0,0.6,1.2,1.0,2,1,5,5,H
2017-12-15,M'gladbach,Hamburg,1.4,1.0,1.4,0.8,1.6,0.8,2,1,1,2,2,2,5,5,1.6,0.2,1.4,0.6,1.8,2.0,2,0,5,5,H
2017-12-16,Stuttgart,Bayern Munich,0.8,2.4,0.6,1.8,1.2,0.6,1,4,1,0,3,1,5,5,2.0,2.0,1.4,1.6,0.8,1.0,3,3,5,5,A
2017-12-16,FC Koln,Wolfsburg,0.2,1.6,1.0,1.6,2.0,0.8,0,2,1,2,4,1,5,5,0.2,0.8,0.8,1.2,2.2,1.4,0,0,5,5,H
2017-12-16,Werder Bremen,Mainz,1.8,0.8,1.4,1.0,0.8,1.8,3,1,0,1,2,3,5,5,1.4,0.6,1.0,1.0,1.0,1.6,2,0,5,5,D
2017-12-16,Dortmund,Hoffenheim,1.0,1.4,1.8,1.2,1.8,1.2,1,2,2,1,2,2,5,5,0.8,0.8,2.8,1.2,2.6,1.8,1,1,5,5,H
2017-12-16,Ein Frankfurt,Schalke 04,1.4,1.8,1.0,2.4,1.0,1.8,2,2,1,3,2,0,5,5,1.4,1.6,1.2,1.6,1.2,1.4,2,2,5,5,D
2017-12-16,Augsburg,Freiburg,1.4,2.0,1.6,1.6,1.8,1.4,2,3,1,1,2,1,5,5,1.0,0.8,1.2,1.0,1.4,2.8,1,1,5,5,D
2017-12-17,Hannover,Leverkusen,0.8,2.2,1.0,1.4,2.2,0.6,1,3,1,2,3,0,5,5,1.6,2.2,1.6,2.0,1.0,0.6,2,3,5,5,D
2017-12-17,RB Leipzig,Hertha,1.2,1.4,1.4,1.8,1.8,1.6,1,2,3,1,1,2,5,5,2.6,1.2,1.8,1.4,0.8,1.2,4,1,5,5,A
2018-01-12,Leverkusen,Bayern Munich,2.2,2.4,1.8,1.4,1.0,0.6,3,4,2,0,0,1,5,5,1.8,2.4,1.6,1.4,1.2,0.6,2,4,5,5,A
2018-01-13,Augsburg,Hamburg,1.6,1.0,2.2,1.0,1.8,1.0,2,1,2,2,1,2,5,5,1.2,0.2,1.6,0.8,1.6,2.0,1,0,5,5,H
2018-01-13,Ein Frankfurt,Freiburg,1.4,2.2,1.2,2.0,1.2,1.4,2,3,1,2,2,0,5,5,1.0,0.8,1.2,1.6,1.4,3.4,1,1,5,5,D
2018-01-13,Hannover,Mainz,1.0,0.4,1.8,1.2,2.2,2.2,1,0,2,2,2,3,5,5,1.6,0.6,2.4,1.2,1.8,1.8,2,0,5,5,H
2018-01-13,RB Leipzig,Schalke 04,1.0,1.4,1.4,2.4,2.0,2.2,1,1,2,4,2,0,5,5,2.0,1.8,1.8,2.0,1.2,1.4,3,2,5,5,H
2018-01-13,Stuttgart,Hertha,0.2,2.0,0.2,2.0,1.2,1.2,0,3,1,1,4,1,5,5,1.8,1.8,1.4,2.0,1.0,1.4,3,2,5,5,H
2018-01-13,Werder Bremen,Hoffenheim,1.4,1.2,1.0,1.2,1.2,1.4,2,2,1,0,2,3,5,5,1.4,0.8,1.4,1.0,1.4,1.6,2,1,5,5,D
2018-01-14,Dortmund,Wolfsburg,1.6,1.0,2.0,1.0,1.6,0.8,2,1,2,2,1,2,5,5,0.8,0.6,2.0,0.8,2.6,1.2,1,0,5,5,D
2018-01-14,FC Koln,M'gladbach,0.8,1.4,1.2,1.2,1.8,1.4,1,2,1,1,3,2,5,5,0.8,1.8,0.8,1.8,1.8,1.4,1,3,5,5,H
2018-01-19,Hertha,Dortmund,1.4,1.6,1.6,1.2,1.4,0.8,2,2,1,2,2,1,5,5,1.2,1.0,1.6,1.6,2.0,1.8,2,1,5,5,D
2018-01-20,Wolfsburg,Ein Frankfurt,1.2,1.6,0.8,1.4,0.4,1.2,1,2,3,2,1,1,5,5,1.8,2.2,2.2,1.6,1.2,1.0,2,3,5,5,A
2018-01-20,Mainz,Stuttgart,0.4,0.6,1.4,0.2,2.4,1.0,0,1,2,0,3,4,5,5,1.4,0.2,1.2,0.4,1.6,1.4,2,0,5,5,H
2018-01-20,M'gladbach,Augsburg,0.8,1.6,1.0,2.0,1.6,1.6,1,2,1,2,3,1,5,5,1.6,1.4,1.6,2.0,1.8,1.8,2,2,5,5,H
2018-01-20,Hamburg,FC Koln,0.4,1.4,0.4,1.6,1.2,1.6,0,2,2,1,3,2,5,5,1.4,0.2,1.4,0.8,0.8,1.6,2,0,5,5,A
2018-01-20,Freiburg,RB Leipzig,1.8,1.0,1.8,1.6,1.4,2.2,2,1,3,2,0,2,5,5,1.6,1.0,0.8,1.2,0.6,2.2,2,1,5,5,H
2018-01-20,Hoffenheim,Leverkusen,1.4,1.6,1.4,1.8,1.0,1.6,2,2,1,2,2,1,5,5,1.6,2.2,1.8,2.6,1.2,1.2,2,3,5,5,A
2018-01-21,Bayern Munich,Werder Bremen,3.0,1.6,1.8,1.2,0.4,1.0,5,2,0,2,0,1,5,5,3.0,0.8,2.8,0.6,0.2,1.2,5,1,5,5,H
2018-01-21,Schalke 04,Hannover,1.2,1.4,1.8,2.2,2.0,2.4,1,2,3,1,1,2,5,5,2.2,0.6,2.0,1.0,1.0,2.6,3,1,5,5,D
2018-01-26,Ein Frankfurt,M'gladbach,1.6,1.4,1.6,1.4,1.2,1.0,2,2,2,1,1,2,5,5,1.0,1.2,1.0,1.6,1.2,1.8,1,2,5,5,H
2018-01-27,Werder Bremen,Hertha,1.0,1.6,1.4,1.6,1.8,1.2,1,2,2,2,2,1,5,5,1.6,1.6,1.6,1.8,1.2,1.4,2,2,5,5,D
2018-01-27,RB Leipzig,Hamburg,1.0,0.2,1.8,0.4,1.8,1.6,1,0,2,1,2,4,5,5,2.0,0.2,2.2,0.4,1.4,1.6,3,0,5,5,D
2018-01-27,Stuttgart,Schalke 04,0.6,1.2,0.6,1.6,1.4,1.8,1,1,0,3,4,1,5,5,1.8,1.2,1.2,1.8,0.8,2.0,3,1,5,5,A
2018-01-27,Dortmund,Freiburg,1.6,2.2,1.2,2.2,0.8,1.6,2,3,2,2,1,0,5,5,1.0,1.0,1.6,1.8,2.0,2.6,1,1,5,5,D
2018-01-27,Bayern Munich,Hoffenheim,3.0,0.8,2.0,0.8,0.6,1.8,5,1,0,1,0,3,5,5,3.0,0.8,2.6,1.0,0.6,1.6,5,1,5,5,H
2018-01-27,FC Koln,Augsburg,1.8,1.0,1.6,1.4,1.2,1.8,3,1,0,2,2,2,5,5,1.2,1.2,1.2,1.6,2.0,1.8,2,2,5,5,D
2018-01-28,Hannover,Wolfsburg,1.6,0.6,2.2,0.4,2.0,1.0,2,0,2,3,1,2,5,5,2.2,0.6,2.8,0.4,1.8,0.8,3,0,5,5,A
2018-01-28,Leverkusen,Mainz,2.0,1.0,2.4,1.8,1.6,2.2,3,1,1,2,1,2,5,5,1.6,0.6,1.4,1.6,1.4,2.0,2,0,5,5,H
2018-02-02,FC Koln,Dortmund,2.0,1.8,1.2,1.4,0.6,0.8,3,2,1,3,1,0,5,5,1.4,1.0,1.4,1.4,1.6,1.6,2,1,5,5,A
2018-02-03,Wolfsburg,Stuttgart,1.0,0.6,0.6,0.6,1.0,1.4,1,1,2,0,2,4,5,5,1.6,0.2,2.2,0.8,1.6,1.8,2,0,5,5,D
2018-02-03,Freiburg,Leverkusen,1.8,2.0,1.8,2.4,1.4,1.6,2,3,3,1,0,1,5,5,2.0,2.2,1.0,2.4,0.6,1.2,3,3,5,5,D
2018-02-03,Hertha,Hoffenheim,1.6,0.8,1.4,1.2,1.0,2.4,2,1,2,1,1,3,5,5,1.4,0.2,1.8,0.8,1.8,2.6,2,0,5,5,D
2018-02-03,Mainz,Bayern Munich,0.8,3.0,1.4,2.8,2.2,1.0,1,5,1,0,3,0,5,5,1.4,2.4,1.2,1.8,1.6,0.8,2,4,5,5,A
2018-02-03,M'gladbach,RB Leipzig,1.2,1.0,1.2,1.6,1.2,1.6,2,1,0,2,3,2,5,5,2.2,0.4,1.8,0.8,0.8,2.2,3,0,5,5,A
2018-02-03,Schalke 04,Werder Bremen,1.6,0.6,1.8,1.0,1.6,1.6,2,0,2,3,1,2,5,5,1.8,0.6,1.8,1.0,1.2,2.0,2,1,5,5,A
2018-02-04,Hamburg,Hannover,0.2,1.0,0.6,1.8,1.8,2.2,0,1,1,2,4,2,5,5,1.4,0.2,1.4,0.8,1.0,2.6,2,0,5,5,D
2018-02-04,Augsburg,Ein Frankfurt,1.0,2.2,1.4,2.0,1.8,1.0,1,3,2,2,2,0,5,5,1.8,2.2,1.6,1.8,1.2,1.0,2,3,5,5,H
2018-02-09,RB Leipzig,Augsburg,1.4,1.6,1.6,1.6,1.4,1.2,2,2,1,2,2,1,5,5,1.6,0.8,2.0,1.2,1.4,2.0,2,1,5,5,H
2018-02-10,Bayern Munich,Schalke 04,3.0,1.0,3.0,1.4,1.0,1.6,5,1,0,2,0,2,5,5,3.0,1.2,3.2,2.0,1.0,2.0,5,1,5,5,H
2018-02-10,Dortmund,Hamburg,1.8,0.4,1.6,0.6,1.2,1.6,2,0,3,2,0,3,5,5,1.2,0.4,1.8,0.4,1.8,1.4,1,0,5,5,H
2018-02-10,Ein Frankfurt,FC Koln,1.6,2.0,1.6,1.6,1.4,1.0,2,3,2,1,1,1,5,5,1.0,0.8,1.0,1.0,1.0,1.2,1,1,5,5,H
2018-02-10,Hannover,Freiburg,1.2,1.4,1.8,1.6,1.8,1.4,1,1,3,4,1,0,5,5,1.6,1.2,2.0,2.2,1.6,2.4,2,1,5,5,H
2018-02-10,Hoffenheim,Mainz,0.4,0.8,1.2,1.4,2.6,2.2,0,1,2,1,3,3,5,5,1.4,0.4,1.6,1.4,1.6,2.2,2,0,5,5,H
2018-02-10,Leverkusen,Hertha,1.6,1.2,2.2,1.0,1.6,1.0,2,1,2,3,1,1,5,5,1.6,1.6,1.4,1.2,1.2,0.8,2,2,5,5,A
2018-02-11,Stuttgart,M'gladbach,0.8,1.2,0.8,1.2,1.4,1.2,1,2,1,0,3,3,5,5,1.2,0.6,0.6,1.0,1.2,2.0,2,1,5,5,H
2018-02-11,Werder Bremen,Wolfsburg,1.2,1.0,1.4,0.6,1.6,1.0,1,1,3,2,1,2,5,5,1.8,1.0,1.6,0.4,0.6,0.6,2,1,5,5,H
2018-02-16,Hertha,Mainz,1.2,0.6,0.8,1.4,0.6,2.6,1,1,3,0,1,4,5,5,1.0,0.4,1.6,1.6,1.8,2.6,1,0,5,5,A
2018-02-17,Wolfsburg,Bayern Munich,1.0,3.0,0.8,3.2,1.4,1.2,1,5,2,0,2,0,5,5,1.6,2.4,1.8,1.6,1.2,0.6,2,4,5,5,A
2018-02-17,Schalke 04,Hoffenheim,0.8,1.0,1.2,1.8,1.6,2.6,1,1,1,2,3,2,5,5,1.6,0.4,1.8,1.0,1.4,2.2,2,0,5,5,H
2018-02-17,FC Koln,Hannover,1.4,1.6,1.8,1.4,1.8,1.2,2,2,1,2,2,1,5,5,1.4,0.4,1.8,0.8,1.8,2.4,2,0,5,5,D
2018-02-17,Freiburg,Werder Bremen,1.2,1.6,1.2,1.6,1.2,1.4,1,2,3,2,1,1,5,5,2.2,1.2,1.0,1.2,0.4,1.8,3,2,5,5,H
2018-02-17,Hamburg,Leverkusen,0.4,1.4,0.4,1.4,1.4,1.2,0,2,2,1,3,2,5,5,1.0,2.2,1.0,2.2,1.0,1.0,1,3,5,5,A
2018-02-18,Augsburg,Stuttgart,1.4,1.4,1.0,1.0,1.0,1.2,2,2,1,1,2,2,5,5,2.2,0.4,2.0,0.8,1.0,1.4,3,0,5,5,A
2018-02-18,M'gladbach,Dortmund,0.6,1.8,0.6,1.6,1.2,1.0,1,2,0,3,4,0,5,5,2.0,1.6,1.6,1.6,0.8,1.2,3,2,5,5,A
2018-02-19,Ein Frankfurt,RB Leipzig,2.0,2.0,2.0,1.6,1.4,0.8,3,3,1,1,1,1,5,5,1.6,1.0,1.8,1.0,1.2,1.8,2,1,5,5,H
2018-02-23,Mainz,Wolfsburg,1.2,0.8,1.4,1.0,2.0,1.8,2,1,0,1,3,3,5,5,1.2,1.0,1.0,0.4,1.8,0.8,2,1,5,5,D
2018-02-24,Werder Bremen,Hamburg,1.4,0.4,1.4,0.6,1.4,1.6,2,0,1,2,2,3,5,5,1.8,0.4,1.4,0.4,0.8,1.4,2,0,5,5,H
2018-02-24,Stuttgart,Ein Frankfurt,1.4,2.4,1.0,2.2,1.2,1.4,2,4,1,0,2,1,5,5,1.2,2.0,0.4,1.6,1.0,1.4,2,3,5,5,H
2018-02-24,Bayern Munich,Hertha,3.0,1.2,3.0,0.8,1.2,0.8,5,1,0,3,0,1,5,5,3.0,1.6,3.0,1.2,1.2,0.8,5,2,5,5,D
2018-02-24,Hannover,M'gladbach,1.2,0.6,1.0,0.4,1.0,1.0,1,1,3,0,1,4,5,5,2.0,0.0,2.2,0.2,1.6,1.8,3,0,5,5,A
2018-02-24,Hoffenheim,Freiburg,0.8,1.6,1.8,1.2,2.8,1.0,1,2,1,2,3,1,5,5,2.0,1.2,2.2,2.2,1.4,2.2,3,1,5,5,D
2018-02-25,Leverkusen,Schalke 04,2.0,1.4,1.6,1.4,0.8,1.2,3,2,1,1,1,2,5,5,1.4,1.0,1.0,1.4,1.2,1.6,2,1,5,5,A
2018-02-25,RB Leipzig,FC Koln,1.4,1.0,1.2,1.6,1.0,1.8,2,1,1,2,2,2,5,5,1.6,0.8,2.0,1.2,1.4,1.6,2,1,5,5,A
2018-02-26,Dortmund,Augsburg,2.2,0.8,1.8,0.8,1.0,1.2,3,1,2,1,0,3,5,5,1.6,0.8,1.4,1.2,1.0,1.8,2,1,5,5,D
2018-03-02,M'gladbach,Werder Bremen,0.6,2.0,0.2,1.2,1.0,0.6,1,3,0,1,4,1,5,5,1.4,1.2,1.2,1.2,0.8,1.6,2,2,5,5,D
2018-03-03,Wolfsburg,Leverkusen,1.0,1.4,1.0,0.8,1.4,1.0,1,2,2,1,2,2,5,5,1.0,2.2,1.4,2.4,1.4,1.2,1,3,5,5,A
2018-03-03,Schalke 04,Hertha,1.8,1.2,1.6,0.6,1.0,0.6,3,1,0,3,2,1,5,5,1.6,1.6,1.8,1.0,1.6,0.6,2,2,5,5,H
2018-03-03,RB Leipzig,Dortmund,1.4,2.2,1.2,1.8,1.0,1.0,2,3,1,2,2,0,5,5,1.4,2.2,1.8,1.6,1.4,0.8,2,3,5,5,D
2018-03-03,Hamburg,Mainz,0.4,0.8,0.6,1.0,1.4,1.8,0,1,2,1,3,3,5,5,0.4,0.8,0.6,1.6,1.4,2.2,0,1,5,5,D
2018-03-03,Augsburg,Hoffenheim,1.0,1.0,1.0,1.8,1.0,2.2,1,1,2,2,2,2,5,5,1.6,0.4,1.6,1.2,1.0,2.2,2,0,5,5,A
2018-03-03,Ein Frankfurt,Hannover,1.8,1.0,1.6,0.8,1.4,1.0,3,1,0,2,2,2,5,5,2.2,0.6,2.2,1.0,1.2,1.8,3,0,5,5,H
2018-03-04,FC Koln,Stuttgart,1.0,2.0,1.6,0.8,2.0,0.6,1,3,2,1,2,1,5,5,1.6,0.8,1.4,0.8,1.2,1.2,2,1,5,5,A
2018-03-04,Freiburg,Bayern Munich,1.2,2.6,1.0,2.2,1.0,0.8,1,4,3,1,1,0,5,5,2.2,3.0,0.8,1.8,0.2,0.4,3,5,5,5,A
2018-03-09,Mainz,Schalke 04,1.0,1.8,1.0,1.4,1.4,1.0,1,3,2,0,2,2,5,5,0.8,1.4,1.0,1.6,2.0,1.4,1,2,5,5,A
2018-03-10,Leverkusen,M'gladbach,1.4,0.8,0.8,0.6,1.2,1.0,2,1,1,1,2,3,5,5,1.2,0.6,0.8,0.4,1.4,1.2,2,1,5,5,H
2018-03-10,Hoffenheim,Wolfsburg,1.6,0.4,1.8,1.0,1.2,1.8,2,0,2,2,1,3,5,5,2.0,1.0,2.2,0.6,1.4,1.0,3,1,5,5,H
2018-03-10,Bayern Munich,Hamburg,2.6,0.4,2.0,0.4,0.4,1.2,4,0,1,2,0,3,5,5,2.6,0.2,2.4,0.4,1.0,1.6,4,0,5,5,H
2018-03-10,Hannover,Augsburg,1.0,0.8,0.8,0.8,1.0,1.2,1,1,2,1,2,3,5,5,1.4,0.4,1.8,0.8,1.8,1.8,2,0,5,5,A
2018-03-10,Hertha,Freiburg,1.0,1.0,0.6,0.6,0.8,1.4,1,1,2,2,2,2,5,5,1.0,0.8,1.2,1.6,1.4,1.8,1,0,5,5,D
2018-03-11,Dortmund,Ein Frankfurt,2.2,1.8,1.6,1.4,0.8,1.4,3,3,2,0,0,2,5,5,1.8,1.8,1.4,1.4,0.8,1.4,2,3,5,5,H
2018-03-11,Stuttgart,RB Leipzig,2.6,1.4,1.4,1.2,0.6,1.0,4,2,1,1,0,2,5,5,1.8,0.8,0.6,0.8,0.6,1.8,3,1,5,5,D
2018-03-12,Werder Bremen,FC Koln,2.0,0.8,1.6,1.8,1.0,2.4,3,1,1,1,1,3,5,5,1.8,1.4,1.4,1.6,0.8,1.6,2,2,5,5,H
2018-03-16,Freiburg,Stuttgart,1.0,2.6,0.6,1.2,1.4,0.4,1,4,2,1,2,0,5,5,2.0,1.4,0.8,1.4,1.0,1.4,3,2,5,5,A
2018-03-17,Augsburg,Werder Bremen,0.8,2.0,0.8,1.8,1.4,1.0,1,3,1,1,3,1,5,5,1.4,0.8,1.4,1.2,1.2,1.8,2,1,5,5,A
2018-03-17,Ein Frankfurt,Mainz,1.8,1.0,1.8,1.0,1.4,1.2,3,1,0,2,2,2,5,5,2.6,0.8,2.0,1.2,0.8,1.8,4,1,5,5,H
2018-03-17,Hamburg,Hertha,0.2,1.0,0.2,0.4,2.2,0.6,0,1,1,2,4,2,5,5,0.4,1.0,0.6,0.4,1.4,0.4,0,1,5,5,A
2018-03-17,M'gladbach,Hoffenheim,0.8,2.0,0.6,2.2,1.2,1.0,1,3,1,1,3,1,5,5,1.4,1.0,1.4,1.4,1.0,1.8,2,1,5,5,D
2018-03-17,Wolfsburg,Schalke 04,0.2,2.4,0.8,1.4,2.2,0.6,0,4,1,0,4,1,5,5,0.4,1.8,1.0,1.4,1.8,1.0,0,3,5,5,A
2018-03-18,Dortmund,Hannover,2.2,0.8,1.6,0.8,0.8,1.4,3,1,2,1,0,3,5,5,1.8,0.6,1.6,0.8,1.0,1.4,2,0,5,5,H
2018-03-18,FC Koln,Leverkusen,0.8,1.8,1.6,1.2,2.4,1.2,1,3,1,0,3,2,5,5,1.0,2.2,1.6,2.4,1.8,1.4,1,3,5,5,H
2018-03-18,RB Leipzig,Bayern Munich,1.0,2.6,1.0,2.8,1.0,0.4,1,4,2,1,2,0,5,5,1.6,3.0,1.6,2.4,1.0,0.4,2,5,5,5,H
2018-03-31,Leverkusen,Augsburg,1.8,0.8,1.2,1.0,1.2,1.6,3,1,0,1,2,3,5,5,1.2,1.0,1.0,1.0,1.4,1.4,2,1,5,5,D
2018-03-31,Hoffenheim,FC Koln,1.6,1.4,2.0,1.6,1.2,1.6,2,2,2,1,1,2,5,5,2.0,1.2,2.0,1.4,1.4,1.8,3,2,5,5,H
2018-03-31,Stuttgart,Hamburg,2.6,0.2,1.4,0.4,0.6,2.2,4,0,1,1,0,4,5,5,2.0,0.2,0.6,0.2,0.4,2.2,3,0,5,5,D
2018-03-31,Hannover,RB Leipzig,0.2,1.0,0.4,1.0,1.4,1.2,0,1,1,2,4,2,5,5,1.2,1.0,1.2,0.8,1.6,1.0,2,1,5,5,A
2018-03-31,Hertha,Wolfsburg,1.0,0.2,0.4,0.6,0.8,1.8,1,0,2,1,2,4,5,5,1.2,1.0,1.0,0.6,1.0,1.4,1,1,5,5,D
2018-03-31,Schalke 04,Freiburg,3.0,1.0,1.4,0.6,0.2,1.4,5,1,0,2,0,2,5,5,2.0,0.8,1.6,1.0,1.2,1.2,3,0,5,5,H
2018-03-31,Bayern Munich,Dortmund,2.0,2.2,2.6,1.4,0.6,0.8,3,3,1,2,1,0,5,5,2.6,2.2,3.4,1.6,1.0,0.8,4,3,5,5,H
2018-04-01,Mainz,M'gladbach,1.0,1.0,0.6,1.2,1.0,1.6,1,1,2,2,2,2,5,5,0.8,0.6,0.8,0.4,1.6,1.4,1,1,5,5,D
2018-04-01,Werder Bremen,Ein Frankfurt,2.0,1.8,1.8,1.6,1.0,1.0,3,3,1,0,1,2,5,5,2.2,1.2,1.6,1.4,0.6,1.8,3,2,5,5,H
2018-04-06,Hannover,Werder Bremen,0.0,2.6,0.6,2.2,1.8,1.0,0,4,0,1,5,0,5,5,0.6,1.4,1.0,1.8,1.8,1.8,1,2,5,5,H
2018-04-07,Hamburg,Schalke 04,0.4,3.0,0.4,1.4,2.0,0.0,0,5,2,0,3,0,5,5,0.4,2.4,0.6,1.4,1.4,0.4,0,4,5,5,H
2018-04-07,Augsburg,Bayern Munich,1.0,2.0,1.0,3.4,1.4,0.4,1,3,2,1,2,1,5,5,1.2,2.4,1.0,2.4,1.2,0.8,2,4,5,5,A
2018-04-07,FC Koln,Mainz,1.2,0.6,1.4,0.2,2.6,1.0,2,0,0,3,3,2,5,5,1.0,0.8,1.6,0.8,1.6,1.8,1,1,5,5,D
2018-04-07,Freiburg,Wolfsburg,0.4,0.4,0.4,0.4,1.8,1.4,0,0,2,2,3,3,5,5,1.4,1.0,0.8,0.6,1.4,1.4,2,1,5,5,A
2018-04-07,M'gladbach,Hertha,1.2,1.2,1.2,0.4,1.4,0.4,1,1,3,3,1,1,5,5,1.0,1.6,1.4,0.8,1.4,0.4,1,2,5,5,H
2018-04-08,Ein Frankfurt,Hoffenheim,1.2,2.2,1.4,3.0,1.2,0.8,2,3,0,2,3,0,5,5,3.0,1.0,2.4,1.8,0.6,2.2,5,1,5,5,D
2018-04-08,Dortmund,Stuttgart,1.6,2.2,1.2,1.4,2.0,0.8,2,3,2,2,1,0,5,5,2.2,2.0,1.8,1.8,1.0,1.4,3,3,5,5,H
2018-04-09,RB Leipzig,Leverkusen,1.6,1.4,1.4,0.8,1.2,1.0,2,2,2,1,1,2,5,5,1.6,2.0,1.4,1.6,1.0,1.0,2,3,5,5,A
2018-04-13,Wolfsburg,Augsburg,0.8,0.8,0.6,1.0,1.2,2.0,1,1,1,1,3,3,5,5,0.2,1.2,0.8,1.0,1.8,1.0,0,1,5,5,D
2018-04-14,Bayern Munich,M'gladbach,2.4,1.2,4.2,1.4,0.6,1.6,4,1,0,3,1,1,5,5,2.6,0.8,3.8,0.2,0.6,1.0,4,1,5,5,H
2018-04-14,Hertha,FC Koln,1.0,0.8,0.6,1.2,0.8,2.6,1,1,2,1,2,3,5,5,0.8,1.2,0.4,1.4,0.8,2.8,0,2,5,5,H
2018-04-14,Hoffenheim,Hamburg,2.2,1.0,3.0,1.0,0.8,2.2,3,1,2,2,0,2,5,5,2.0,0.4,3.0,0.4,1.4,2.2,3,0,5,5,H
2018-04-14,Leverkusen,Ein Frankfurt,2.0,1.4,1.6,1.6,0.8,1.2,3,2,1,1,1,2,5,5,1.4,0.6,0.8,1.2,0.8,2.0,2,1,5,5,H
2018-04-14,Stuttgart,Hannover,1.6,0.6,1.2,1.0,1.4,1.8,2,1,2,0,1,4,5,5,1.6,0.6,0.6,0.6,0.6,1.0,2,0,5,5,D
2018-04-15,Werder Bremen,RB Leipzig,2.0,1.6,2.2,1.4,1.4,1.6,3,2,1,2,1,1,5,5,2.6,1.4,1.8,1.2,0.6,1.2,4,2,5,5,D
2018-04-15,Schalke 04,Dortmund,2.4,2.0,1.4,1.6,0.6,1.8,4,3,0,1,1,1,5,5,2.0,1.6,1.4,1.2,0.8,2.0,3,2,5,5,H
2018-04-16,Mainz,Freiburg,0.6,0.2,0.2,0.2,1.0,2.0,0,0,3,1,2,4,5,5,1.0,0.6,0.8,0.8,1.2,1.4,1,0,5,5,H
2018-04-20,M'gladbach,Wolfsburg,1.0,1.0,1.2,0.4,2.2,0.8,1,1,2,2,2,2,5,5,1.0,1.0,1.4,0.8,1.6,1.4,1,1,5,5,H
2018-04-21,Dortmund,Leverkusen,1.8,2.0,1.4,2.0,2.0,0.8,3,3,0,1,2,1,5,5,2.6,2.0,2.0,1.6,0.6,1.0,4,3,5,5,H
2018-04-21,Ein Frankfurt,Hertha,0.8,1.6,1.6,1.0,2.0,0.8,1,2,1,2,3,1,5,5,2.6,1.4,2.2,1.0,0.8,0.8,4,2,5,5,A
2018-04-21,Hamburg,Freiburg,0.8,0.2,1.0,0.2,2.6,1.6,1,0,1,1,3,4,5,5,1.0,0.4,1.2,0.4,1.4,1.4,1,0,5,5,H
2018-04-21,Hannover,Bayern Munich,0.8,2.4,1.2,4.4,1.8,0.8,1,4,1,0,3,1,5,5,1.2,2.4,1.4,2.6,1.8,0.8,2,4,5,5,A
2018-04-21,RB Leipzig,Hoffenheim,1.6,2.2,1.4,3.0,1.6,0.8,2,3,2,2,1,0,5,5,1.4,1.2,1.4,1.6,1.6,1.4,2,1,5,5,A
2018-04-21,Stuttgart,Werder Bremen,1.2,2.0,0.8,2.0,1.2,1.2,1,3,3,1,1,1,5,5,1.8,1.4,0.8,1.6,0.4,1.4,2,2,5,5,H
2018-04-22,FC Koln,Schalke 04,0.8,2.4,1.0,1.6,2.4,0.6,1,4,1,0,3,1,5,5,1.0,1.8,1.6,1.4,1.6,1.0,1,3,5,5,D
2018-04-22,Augsburg,Mainz,1.0,1.0,1.0,0.6,1.6,1.0,1,1,2,2,2,2,5,5,0.6,1.0,1.0,1.0,2.0,1.6,1,1,5,5,H
2018-04-27,Hoffenheim,Hannover,2.2,0.8,3.4,1.0,1.2,1.8,3,1,2,1,0,3,5,5,2.6,0.6,3.2,0.6,0.6,1.0,4,0,5,5,H
2018-04-28,Bayern Munich,Ein Frankfurt,2.4,0.8,3.8,1.2,0.8,2.0,4,1,0,1,1,3,5,5,2.6,0.0,3.8,0.8,0.4,2.6,4,0,5,5,H
2018-04-28,Freiburg,FC Koln,0.0,1.0,0.2,1.2,1.8,2.2,0,1,0,2,5,2,5,5,0.8,0.6,0.4,1.2,1.6,3.2,1,1,5,5,H
2018-04-28,Hertha,Augsburg,2.0,1.0,1.6,0.8,0.8,1.4,3,1,1,2,1,2,5,5,1.2,1.2,0.6,0.8,0.8,0.8,1,1,5,5,D
2018-04-28,Leverkusen,Stuttgart,1.4,1.6,1.6,1.2,1.6,1.2,2,2,1,2,2,1,5,5,1.4,2.0,1.2,1.4,1.0,1.4,2,3,5,5,A
2018-04-28,Schalke 04,M'gladbach,2.0,1.6,1.8,1.8,1.0,1.8,3,2,1,2,1,1,5,5,2.4,0.8,1.6,0.4,0.6,1.6,4,1,5,5,D
2018-04-28,Wolfsburg,Hamburg,1.0,1.4,0.4,1.2,0.8,1.4,1,2,2,1,2,2,5,5,0.4,0.2,0.6,0.2,1.2,2.4,0,0,5,5,A
2018-04-29,Werder Bremen,Dortmund,1.4,1.8,1.4,1.6,1.4,1.6,2,3,1,0,2,2,5,5,2.6,1.4,2.0,1.0,0.8,2.2,4,2,5,5,D
2018-04-29,Mainz,RB Leipzig,1.0,1.4,0.6,1.8,1.2,2.6,1,2,2,1,2,2,5,5,1.0,1.6,0.6,1.2,0.8,1.0,1,2,5,5,H
2018-05-05,Werder Bremen,Leverkusen,1.0,1.4,1.0,1.6,1.4,1.4,1,2,2,1,2,2,5,5,2.2,1.8,1.6,1.6,0.8,1.8,3,3,5,5,D
2018-05-05,Augsburg,Schalke 04,1.2,1.6,1.0,1.8,1.2,1.2,1,2,3,2,1,1,5,5,0.6,2.0,0.8,1.6,2.0,1.0,1,3,5,5,A
2018-05-05,Dortmund,Mainz,1.4,1.6,1.6,1.2,1.8,0.6,2,2,1,2,2,1,5,5,2.6,1.0,2.4,0.6,0.6,1.2,4,1,5,5,A
2018-05-05,Ein Frankfurt,Hamburg,0.2,2.0,0.8,1.6,2.8,1.2,0,3,1,1,4,1,5,5,2.0,0.8,1.4,0.8,1.0,2.2,3,1,5,5,H
2018-05-05,FC Koln,Bayern Munich,0.4,3.0,1.2,4.4,2.8,0.6,0,5,2,0,3,0,5,5,1.2,2.4,1.6,2.8,1.4,0.8,1,4,5,5,A
2018-05-05,Hannover,Hertha,0.8,1.6,1.2,1.6,2.2,1.0,1,2,1,2,3,1,5,5,0.6,1.4,1.0,1.2,2.2,0.8,1,2,5,5,H
2018-05-05,M'gladbach,Freiburg,1.6,0.6,1.4,0.6,1.4,1.8,2,1,2,0,1,4,5,5,1.6,0.4,2.0,0.2,1.4,1.2,2,0,5,5,H
2018-05-05,RB Leipzig,Wolfsburg,0.8,1.0,1.4,0.6,3.0,1.2,1,1,1,2,3,2,5,5,0.8,1.0,1.4,0.6,2.6,1.4,1,1,5,5,H
2018-05-05,Stuttgart,Hoffenheim,1.6,2.6,1.0,3.4,1.0,0.8,2,4,2,1,1,0,5,5,1.8,1.6,1.0,2.4,0.4,1.6,2,2,5,5,H
2018-05-12,Mainz,Werder Bremen,2.0,0.6,1.6,0.6,0.8,1.2,3,0,1,3,1,2,5,5,1.6,0.8,1.2,1.2,0.4,1.6,2,1,5,5,A
2018-05-12,Leverkusen,Hannover,1.4,1.4,1.6,1.4,1.4,1.8,2,2,1,1,2,2,5,5,1.4,0.4,1.2,0.6,0.8,1.4,2,0,5,5,H
2018-05-12,Hoffenheim,Dortmund,2.0,1.4,2.2,1.8,1.2,1.0,3,2,1,1,1,2,5,5,2.6,1.0,3.0,0.6,0.4,2.0,4,1,5,5,H
2018-05-12,Schalke 04,Ein Frankfurt,1.6,0.8,1.8,1.2,1.4,2.4,2,1,2,1,1,3,5,5,2.6,0.0,1.6,1.0,0.4,2.8,4,0,5,5,H
2018-05-12,Hamburg,M'gladbach,1.8,2.0,1.4,2.0,1.6,1.6,3,3,0,1,2,1,5,5,1.4,1.0,1.2,0.6,1.2,1.6,2,1,5,5,H
2018-05-12,Freiburg,Augsburg,0.6,1.0,0.8,1.2,2.0,1.6,1,1,0,2,4,2,5,5,1.2,1.4,1.0,1.2,2.0,0.8,2,1,5,5,H
2018-05-12,Bayern Munich,Stuttgart,3.0,2.0,3.8,1.2,0.8,0.8,5,3,0,1,0,1,5,5,2.6,2.4,4.2,1.4,0.4,1.2,4,4,5,5,A
2018-05-12,Hertha,RB Leipzig,1.4,0.8,1.8,1.6,1.6,2.8,2,1,1,1,2,3,5,5,1.2,1.0,0.8,1.0,1.0,1.6,1,1,5,5,A
2018-05-12,Wolfsburg,FC Koln,0.8,0.4,0.8,1.4,2.0,2.2,1,0,1,2,3,3,5,5,0.2,0.6,0.6,1.2,1.6,3.0,0,1,5,5,H
,Bayern Munich,Hoffenheim,2.4,2.4,3.2,2.6,1.4,1.2,4,4,0,0,1,1,5,5,2.4,1.6,4.4,2.2,1.2,1.6,4,2,5,5,H
,Fortuna Dusseldorf,Augsburg,0.0,1.0,0.8,1.0,2.4,1.2,0,1,0,2,5,2,5,5,0.4,1.2,1.2,1.0,2.2,1.0,0,1,5,5,A
,Freiburg,Ein Frankfurt,1.2,0.6,1.2,1.0,1.6,2.4,2,1,0,0,3,4,5,5,1.2,0.0,1.2,1.0,2.0,2.8,2,0,5,5,A
,Hertha,Nurnberg,1.4,0.0,2.0,0.6,2.4,3.2,2,0,1,0,2,5,5,5,1.2,0.0,1.2,1.0,1.8,3.0,1,0,5,5,H
,M'gladbach,Leverkusen,1.4,1.4,1.8,1.4,1.8,1.6,2,2,1,1,2,2,5,5,2.2,1.4,2.6,1.2,1.4,1.6,3,2,5,5,H
,Werder Bremen,Hannover,1.2,0.8,0.8,1.4,1.0,2.2,1,1,3,1,1,3,5,5,1.8,0.2,1.4,0.8,0.8,1.8,2,0,5,5,D
,Wolfsburg,Schalke 04,0.8,2.2,1.2,1.6,2.2,0.8,1,3,1,2,3,0,5,5,0.8,2.0,1.2,1.6,1.4,1.2,1,3,5,5,H
,Dortmund,RB Leipzig,0.8,1.4,1.4,2.6,1.6,2.4,1,2,1,1,3,2,5,5,2.4,1.6,2.4,2.0,0.8,1.6,4,2,5,5,H
,Mainz,Stuttgart,1.8,2.6,1.6,2.0,1.0,0.4,3,4,0,1,2,0,5,5,1.4,2.4,1.2,2.0,0.6,1.4,2,4,5,5,H
,Hannover,Dortmund,0.8,1.4,1.4,2.2,2.2,1.4,1,2,1,1,3,2,5,5,1.2,0.4,1.6,0.6,2.2,2.6,2,0,5,5,D
,Augsburg,M'gladbach,1.4,2.0,1.4,2.0,1.4,0.8,2,3,1,1,2,1,5,5,0.6,0.4,1.0,0.6,2.2,2.0,1,0,5,5,D
,Ein Frankfurt,Werder Bremen,1.2,1.2,1.2,0.8,1.6,1.0,2,1,0,3,3,1,5,5,2.0,1.4,1.6,1.6,0.8,1.6,3,2,5,5,A
,Hoffenheim,Freiburg,1.8,1.2,2.4,1.2,1.8,1.6,3,2,0,0,2,3,5,5,3.0,0.2,3.4,0.2,0.4,1.6,5,0,5,5,H
,Leverkusen,Wolfsburg,0.8,1.2,0.6,1.6,1.8,2.4,1,2,1,0,3,3,5,5,2.0,0.8,1.8,0.6,0.8,2.0,3,1,5,5,A
,Nurnberg,Mainz,0.0,1.8,0.4,1.4,2.6,1.0,0,3,0,0,5,2,5,5,0.6,1.0,1.0,0.6,2.6,1.4,1,1,5,5,D
,Stuttgart,Bayern Munich,2.4,2.4,1.8,2.8,0.4,1.4,4,4,0,0,1,1,5,5,1.8,2.4,1.2,3.0,0.4,0.8,2,4,5,5,A
,RB Leipzig,Fortuna Dusseldorf,1.2,0.0,2.6,0.8,3.0,2.4,2,0,0,0,3,5,5,5,1.4,0.2,2.0,0.6,2.4,2.4,2,0,5,5,D
,Schalke 04,Hertha,1.6,1.4,1.4,1.8,1.2,2.2,2,2,2,1,1,2,5,5,2.6,1.2,1.4,1.4,0.2,1.4,4,2,5,5,A
,Dortmund,Ein Frankfurt,1.0,1.2,1.4,1.4,1.4,1.4,1,2,2,0,2,3,5,5,2.4,0.6,2.6,1.0,0.6,2.2,4,1,5,5,H
,Bayern Munich,Leverkusen,2.4,0.8,2.8,0.8,1.4,1.6,4,1,0,1,1,3,5,5,2.4,0.8,3.8,0.8,1.4,1.8,4,1,5,5,H
,Fortuna Dusseldorf,Hoffenheim,0.2,1.8,0.8,2.0,2.2,1.6,0,3,1,0,4,2,5,5,0.2,1.0,1.2,2.0,2.4,2.2,0,1,5,5,H
,Mainz,Augsburg,2.0,1.0,1.6,1.2,0.8,1.6,3,1,1,2,1,2,5,5,2.0,1.2,1.4,0.8,0.4,1.0,3,1,5,5,H
,M'gladbach,Schalke 04,1.6,1.4,1.6,1.0,1.0,1.2,2,2,2,1,1,2,5,5,2.6,1.4,2.6,1.6,1.0,1.6,4,2,5,5,H
,RB Leipzig,Hannover,1.4,1.0,2.4,1.4,2.2,1.6,2,1,1,2,2,2,5,5,1.4,0.4,2.0,1.0,2.4,1.8,2,0,5,5,H
,Wolfsburg,Hertha,1.8,1.4,2.2,1.6,2.0,2.2,3,2,0,1,2,2,5,5,1.4,1.8,1.4,1.8,1.2,1.2,2,3,5,5,D
,Freiburg,Stuttgart,1.2,1.8,1.4,1.4,2.0,1.0,2,3,0,0,3,2,5,5,1.2,1.8,1.2,1.4,1.6,1.2,2,3,5,5,D
,Werder Bremen,Nurnberg,1.8,0.2,1.2,0.4,0.8,2.0,2,0,3,1,0,4,5,5,1.4,0.0,1.0,0.8,0.8,2.8,1,0,5,5,D
,Stuttgart,Fortuna Dusseldorf,1.4,0.8,1.8,1.0,1.6,1.8,2,1,1,1,2,3,5,5,1.6,0.2,1.2,0.6,1.0,2.4,2,0,5,5,D
,Augsburg,Werder Bremen,0.8,1.8,1.0,1.2,1.6,0.8,1,2,1,3,3,0,5,5,0.8,1.8,1.2,1.6,2.0,1.4,1,3,5,5,A
,Hertha,M'gladbach,1.4,2.0,1.6,1.8,2.2,1.0,2,3,1,1,2,1,5,5,1.6,0.6,1.4,0.8,1.8,1.8,2,0,5,5,H
,Hoffenheim,Dortmund,1.2,1.4,1.6,1.8,1.8,1.4,2,2,0,1,3,2,5,5,3.0,0.4,3.4,0.4,0.6,2.4,5,0,5,5,D
,Nurnberg,Hannover,0.4,1.0,0.6,1.6,1.8,1.6,0,1,2,2,3,2,5,5,0.8,0.4,0.8,1.4,1.8,2.2,1,0,5,5,H
,Schalke 04,Bayern Munich,1.2,2.4,1.0,2.6,1.4,1.4,2,4,0,0,3,1,5,5,2.0,2.4,1.2,2.8,0.6,0.8,3,4,5,5,A
,Wolfsburg,Freiburg,2.0,0.8,2.4,1.4,1.8,2.2,3,1,1,1,1,3,5,5,1.6,0.0,1.8,0.4,1.4,2.2,2,0,5,5,A
,Ein Frankfurt,RB Leipzig,1.2,2.0,1.4,3.0,1.2,2.0,2,3,0,1,3,1,5,5,1.4,1.4,1.6,2.2,1.2,2.4,2,2,5,5,D
,Leverkusen,Mainz,0.8,2.0,1.0,1.4,2.0,1.0,1,3,1,1,3,1,5,5,1.4,1.0,1.6,0.8,1.4,1.6,2,1,5,5,H
,Bayern Munich,Augsburg,2.4,0.8,2.4,1.2,1.2,1.8,4,1,0,1,1,3,5,5,2.4,1.0,3.2,1.0,1.6,1.4,4,1,5,5,D
,Freiburg,Schalke 04,1.4,0.6,1.8,0.6,1.8,1.6,2,1,1,0,2,4,5,5,1.4,0.8,1.6,1.6,1.8,2.0,2,1,5,5,H
,Hannover,Hoffenheim,0.4,1.4,1.0,1.8,1.8,1.6,0,2,2,1,3,2,5,5,1.4,0.8,1.4,1.6,1.6,2.0,2,1,5,5,A
,Werder Bremen,Hertha,2.2,2.0,1.8,2.2,1.2,2.0,3,3,2,1,0,1,5,5,1.0,1.4,0.8,1.8,0.8,1.4,0,2,5,5,H
,Dortmund,Nurnberg,1.6,1.0,1.8,1.0,1.2,1.4,2,1,2,2,1,2,5,5,2.4,0.2,3.0,0.6,0.8,2.4,4,0,5,5,H
,Fortuna Dusseldorf,Leverkusen,1.0,1.2,0.8,1.2,1.4,2.0,1,2,2,0,2,3,5,5,0.8,0.8,1.4,1.0,1.8,2.0,1,1,5,5,A
,Mainz,Wolfsburg,1.4,2.0,1.0,2.4,1.0,1.6,2,3,1,1,2,1,5,5,2.4,1.4,1.8,1.2,0.6,1.6,4,2,5,5,D
,M'gladbach,Ein Frankfurt,1.4,0.8,1.6,1.0,1.6,1.4,2,1,1,1,2,3,5,5,3.0,0.6,2.4,1.0,0.6,2.4,5,1,5,5,H
,RB Leipzig,Stuttgart,1.6,1.0,2.4,1.4,2.0,1.6,2,1,2,2,1,2,5,5,1.4,1.4,2.2,1.6,2.6,1.6,2,2,5,5,H
,Hertha,Bayern Munich,2.0,2.6,2.0,2.4,1.4,0.6,3,4,1,1,1,0,5,5,2.0,3.0,2.2,3.0,2.2,0.4,3,5,5,5,H
,Hoffenheim,RB Leipzig,1.4,1.6,1.8,1.6,1.6,1.6,2,2,1,2,2,1,5,5,2.6,1.0,2.4,1.8,0.8,2.2,4,1,5,5,A
,Leverkusen,Dortmund,1.2,2.2,1.0,3.0,1.8,0.6,2,3,0,2,3,0,5,5,1.8,0.6,1.8,0.6,1.4,1.4,3,0,5,5,A
,Nurnberg,Fortuna Dusseldorf,1.0,1.0,0.8,1.0,2.0,1.2,1,1,2,2,2,2,5,5,0.8,0.4,0.8,0.6,1.8,1.8,1,0,5,5,H
,Schalke 04,Mainz,0.0,1.6,0.4,0.8,1.8,0.6,0,2,0,2,5,1,5,5,1.4,1.0,0.8,0.8,1.0,1.2,2,1,5,5,H
,Stuttgart,Werder Bremen,0.4,2.2,0.6,2.0,1.8,1.2,0,3,2,2,3,0,5,5,1.6,1.8,1.0,1.6,0.8,1.6,2,3,5,5,H
,Wolfsburg,M'gladbach,1.6,2.0,1.6,2.0,1.4,1.4,2,3,2,1,1,1,5,5,1.4,0.4,2.0,1.2,2.0,2.6,2,0,5,5,D
,Augsburg,Freiburg,1.0,1.4,1.4,1.6,1.6,1.8,1,2,2,1,2,2,5,5,0.8,0.6,1.4,1.0,2.0,2.0,1,1,5,5,H
,Ein Frankfurt,Hannover,0.8,0.4,1.2,0.8,1.8,1.8,1,0,1,2,3,3,5,5,1.0,0.2,1.2,1.2,1.4,2.4,1,0,5,5,H
,Werder Bremen,Wolfsburg,2.0,1.2,2.0,1.6,1.4,1.6,3,1,1,3,1,1,5,5,1.4,1.4,1.2,1.2,0.8,1.6,1,2,5,5,H
,Bayern Munich,M'gladbach,2.0,1.6,1.8,2.0,0.8,1.8,3,2,1,2,1,1,5,5,2.0,0.6,2.4,1.4,1.6,2.0,3,0,5,5,A
,Dortmund,Augsburg,2.2,1.0,3.0,1.8,0.8,1.6,3,1,2,2,0,2,5,5,2.4,1.0,3.8,1.2,0.8,1.6,4,1,5,5,H
,Fortuna Dusseldorf,Schalke 04,1.0,0.6,0.8,0.4,1.4,1.4,1,1,2,0,2,4,5,5,0.6,0.8,1.2,1.2,1.8,1.6,1,1,5,5,A
,Hannover,Stuttgart,0.2,1.0,0.8,1.0,2.4,1.8,0,1,1,2,4,2,5,5,1.4,1.4,1.2,1.6,1.6,1.4,2,2,5,5,H
,Mainz,Hertha,1.0,2.0,0.6,2.2,0.8,1.4,1,3,2,1,2,1,5,5,2.0,1.4,1.4,1.8,0.6,1.6,3,2,5,5,D
,Freiburg,Leverkusen,1.4,1.2,1.8,1.4,2.2,2.2,2,2,1,0,2,3,5,5,2.0,0.8,1.8,0.6,1.4,2.0,3,1,5,5,D
,Hoffenheim,Ein Frankfurt,1.4,0.8,1.8,1.6,1.4,2.0,2,1,1,1,2,3,5,5,2.0,0.6,2.2,1.0,1.2,2.2,3,1,5,5,A
,RB Leipzig,Nurnberg,2.2,1.6,1.8,1.4,1.0,1.8,3,2,2,2,0,1,5,5,2.0,0.2,2.4,0.4,1.8,3.0,3,0,5,5,H
,Ein Frankfurt,Fortuna Dusseldorf,1.4,0.8,1.8,0.6,1.8,1.6,2,1,1,1,2,3,5,5,1.4,0.4,1.8,0.4,1.4,2.0,2,0,5,5,H
,Augsburg,RB Leipzig,0.8,2.6,2.2,2.8,2.2,0.8,1,4,1,1,3,0,5,5,1.4,1.4,2.0,2.0,1.4,2.2,2,2,5,5,D
,Leverkusen,Hannover,1.4,0.6,1.2,1.4,1.6,2.6,2,1,1,0,2,4,5,5,1.2,0.2,1.4,1.2,2.0,2.6,2,0,5,5,D
,Nurnberg,Hoffenheim,1.4,0.8,1.2,1.4,2.8,1.6,2,1,1,1,2,3,5,5,1.4,1.2,1.4,2.0,1.4,2.0,2,2,5,5,A
,Schalke 04,Werder Bremen,1.2,2.0,0.8,2.0,1.0,1.2,2,3,0,1,3,1,5,5,1.4,1.8,0.6,1.6,1.0,1.6,2,3,5,5,A
,Stuttgart,Dortmund,1.0,2.6,1.2,3.8,1.8,1.4,1,4,2,1,2,0,5,5,2.0,1.2,1.2,1.4,0.8,1.4,3,1,5,5,A
,Wolfsburg,Bayern Munich,0.6,1.4,1.0,1.2,1.8,1.4,0,2,3,1,2,2,5,5,1.6,2.4,2.2,2.2,1.8,0.6,2,4,5,5,A
,Hertha,Freiburg,1.6,1.6,1.8,1.6,1.4,1.6,2,2,2,2,1,1,5,5,2.0,0.6,2.2,1.2,2.0,2.4,3,1,5,5,D
,M'gladbach,Mainz,2.0,1.0,2.4,0.4,1.6,0.6,3,1,1,2,1,2,5,5,3.0,0.8,2.6,0.6,0.6,1.2,5,1,5,5,H
,Freiburg,M'gladbach,1.6,2.0,1.2,2.8,1.2,1.4,2,3,2,1,1,1,5,5,1.6,1.0,1.2,1.8,1.0,1.8,2,1,5,5,H
,Dortmund,Hertha,2.6,1.6,4.0,1.6,1.2,1.2,4,2,1,2,0,1,5,5,2.4,1.0,3.8,1.2,1.4,1.6,4,1,5,5,D
,Fortuna Dusseldorf,Wolfsburg,0.2,0.4,0.4,0.8,2.8,2.0,0,0,1,2,4,3,5,5,0.6,0.8,1.0,0.8,1.8,2.0,1,1,5,5,A
,Hannover,Augsburg,0.8,1.0,1.4,2.0,2.4,1.8,1,1,1,2,3,2,5,5,1.4,0.8,1.4,1.4,1.6,2.0,2,1,5,5,A
,Hoffenheim,Stuttgart,1.4,0.8,1.8,0.6,1.4,2.0,2,1,1,1,2,3,5,5,1.4,0.8,1.8,1.6,1.4,2.0,2,1,5,5,H
,Mainz,Bayern Munich,0.4,1.4,0.0,1.2,1.2,1.4,0,2,2,1,3,2,5,5,1.6,2.4,0.8,2.2,0.6,0.8,2,4,5,5,A
,Nurnberg,Ein Frankfurt,1.2,2.0,1.2,3.0,3.2,1.4,2,3,0,1,3,1,5,5,1.4,1.2,1.4,1.2,1.2,1.6,2,2,5,5,D
,RB Leipzig,Schalke 04,2.2,1.2,2.2,0.6,0.4,1.0,3,2,2,0,0,3,5,5,2.6,1.2,3.2,1.2,0.8,1.2,4,2,5,5,D
,Werder Bremen,Leverkusen,2.4,1.6,2.2,1.4,1.0,1.4,4,2,0,2,1,1,5,5,1.8,1.0,1.4,0.6,0.6,1.2,2,1,5,5,A
,Stuttgart,Ein Frankfurt,0.6,2.0,0.6,3.0,2.8,1.4,1,3,0,1,4,1,5,5,1.4,1.4,0.8,1.4,1.6,1.6,2,2,5,5,A
,Augsburg,Nurnberg,1.6,0.8,2.0,1.0,1.4,3.4,2,1,2,1,1,3,5,5,1.0,0.2,1.6,0.4,1.4,3.8,1,0,5,5,D
,Bayern Munich,Freiburg,1.4,1.6,1.2,1.2,1.6,1.2,2,2,1,2,2,1,5,5,1.4,0.8,1.6,1.4,2.0,2.4,2,1,5,5,D
,Hertha,RB Leipzig,1.2,2.2,1.2,2.0,1.2,0.2,1,3,3,2,1,0,5,5,2.0,1.6,2.0,2.0,1.8,1.6,3,2,5,5,A
,Leverkusen,Hoffenheim,1.6,1.8,2.4,2.4,1.8,1.2,2,3,2,0,1,2,5,5,1.4,1.2,1.8,1.6,2.2,1.8,2,2,5,5,A
,Schalke 04,Hannover,1.4,0.8,0.6,1.6,0.6,2.4,2,1,1,1,2,3,5,5,1.2,0.4,0.4,1.2,1.2,2.4,2,0,5,5,H
,Wolfsburg,Dortmund,1.0,2.6,1.2,4.2,1.4,1.4,1,4,2,1,2,0,5,5,1.0,1.6,1.6,2.0,2.2,1.2,1,2,5,5,A
,Mainz,Werder Bremen,0.4,1.8,0.2,2.0,1.4,1.8,0,3,2,0,3,2,5,5,1.6,2.4,0.8,2.0,0.6,1.2,2,4,5,5,H
,M'gladbach,Fortuna Dusseldorf,2.0,0.0,2.6,0.4,1.2,3.4,3,0,1,0,1,5,5,5,3.0,0.4,2.8,0.4,0.6,2.8,5,0,5,5,H
,Hannover,Wolfsburg,0.8,0.8,1.6,1.2,2.4,1.6,1,1,1,1,3,3,5,5,1.4,1.4,1.6,1.4,1.4,1.4,2,2,5,5,H
,Dortmund,Bayern Munich,2.6,1.4,3.0,1.2,1.4,1.6,4,2,1,1,0,2,5,5,2.6,2.4,4.0,2.0,1.4,0.8,4,4,5,5,H
,Fortuna Dusseldorf,Hertha,0.0,1.2,0.2,1.0,3.6,1.2,0,1,0,3,5,1,5,5,0.6,1.2,0.8,1.4,2.0,1.4,1,1,5,5,H
,Freiburg,Mainz,1.2,0.8,1.2,0.6,1.4,1.6,1,1,3,1,1,3,5,5,1.6,0.8,1.4,0.6,1.2,1.6,2,1,5,5,A
,Hoffenheim,Augsburg,1.8,1.6,2.6,2.2,1.2,1.6,3,2,0,2,2,1,5,5,1.4,1.4,2.0,1.8,1.2,1.8,2,2,5,5,H
,Nurnberg,Stuttgart,1.0,0.6,1.4,0.6,2.4,3.0,1,1,2,0,2,4,5,5,1.6,0.2,1.6,0.8,1.0,2.6,2,0,5,5,A
,Werder Bremen,M'gladbach,1.2,2.0,1.6,2.6,2.0,1.0,2,3,0,1,3,1,5,5,1.6,1.0,1.8,1.8,1.8,2.0,2,1,5,5,A
,Ein Frankfurt,Schalke 04,2.6,2.0,3.4,1.2,0.8,0.6,4,3,1,1,0,1,5,5,2.0,0.8,3.2,0.8,1.0,1.0,3,1,5,5,H
,RB Leipzig,Leverkusen,2.2,1.0,2.2,2.2,0.2,2.4,3,1,2,2,0,2,5,5,2.2,1.4,2.4,1.8,0.6,1.6,3,2,5,5,H
,Leverkusen,Stuttgart,1.0,0.6,1.8,0.6,2.2,2.8,1,1,2,0,2,4,5,5,0.8,0.8,1.4,1.2,2.6,2.4,1,1,5,5,H
,Augsburg,Ein Frankfurt,1.0,2.6,1.6,3.2,1.8,0.6,1,4,2,1,2,0,5,5,1.2,1.4,1.8,1.6,1.4,1.6,1,2,5,5,A
,Bayern Munich,Fortuna Dusseldorf,1.4,0.6,1.6,1.0,1.8,3.2,2,1,1,0,2,4,5,5,1.6,0.4,1.6,0.4,1.4,2.8,2,0,5,5,D
,Hertha,Hoffenheim,0.6,2.4,0.8,2.8,2.0,1.0,0,4,3,0,2,1,5,5,2.0,1.8,1.6,2.4,1.2,1.6,3,3,5,5,D
,Mainz,Dortmund,1.4,2.6,1.2,2.8,1.6,1.4,2,4,1,1,2,0,5,5,1.6,2.2,1.0,2.0,0.8,0.6,2,3,5,5,A
,Schalke 04,Nurnberg,1.4,0.4,1.0,0.8,1.2,2.8,2,0,1,2,2,3,5,5,1.2,0.4,0.8,0.6,1.4,3.4,2,0,5,5,H
,Wolfsburg,RB Leipzig,0.6,2.2,1.0,2.4,1.6,0.0,1,3,0,2,4,0,5,5,0.4,1.6,1.2,1.4,2.2,1.2,0,2,5,5,H
,Freiburg,Werder Bremen,1.2,1.2,1.2,1.6,1.2,2.2,1,2,3,0,1,3,5,5,1.6,1.8,1.6,1.8,1.4,1.4,2,3,5,5,D
,M'gladbach,Hannover,2.4,1.4,2.8,1.8,0.8,1.8,4,2,0,1,1,2,5,5,3.0,0.2,2.8,1.2,0.4,2.8,5,0,5,5,H
,Fortuna Dusseldorf,Mainz,0.8,1.2,1.6,1.4,3.4,2.0,1,2,1,0,3,3,5,5,1.2,0.8,1.4,0.8,1.8,1.6,2,1,5,5,A
,Dortmund,Freiburg,2.6,1.2,2.4,1.4,1.0,1.4,4,1,1,3,0,1,5,5,2.6,1.0,3.8,1.4,1.6,2.0,4,1,5,5,H
,Hannover,Hertha,0.8,0.6,1.4,1.4,2.4,2.6,1,0,1,3,3,2,5,5,1.4,0.6,1.4,1.2,1.4,2.2,2,0,5,5,A
,Hoffenheim,Schalke 04,2.6,1.4,3.2,1.6,1.2,1.6,4,2,1,1,0,2,5,5,1.4,0.8,1.8,0.6,1.2,1.2,2,1,5,5,D
,Stuttgart,Augsburg,0.6,1.0,0.4,1.2,2.6,1.6,1,1,0,2,4,2,5,5,0.8,0.8,0.4,1.6,2.2,2.0,1,1,5,5,H
,Werder Bremen,Bayern Munich,0.8,1.6,1.4,2.2,2.4,1.8,1,2,1,2,3,1,5,5,1.4,1.8,1.8,1.8,2.2,1.4,2,3,5,5,A
,Ein Frankfurt,Wolfsburg,2.6,1.2,3.4,1.2,0.6,1.2,4,2,1,0,0,3,5,5,2.0,1.4,3.2,1.4,1.0,1.0,3,2,5,5,A
,RB Leipzig,M'gladbach,1.6,2.4,1.2,3.0,0.2,1.0,2,4,2,0,1,1,5,5,2.6,1.4,2.8,2.2,0.4,2.0,4,2,5,5,H
,Nurnberg,Leverkusen,0.4,1.4,1.2,2.2,2.6,2.2,0,2,2,1,3,2,5,5,1.4,1.4,1.4,1.8,1.2,1.8,2,2,5,5,D
,Werder Bremen,Fortuna Dusseldorf,0.2,0.8,1.2,1.4,2.8,2.2,0,1,1,1,4,3,5,5,1.2,0.4,1.8,0.8,2.4,3.2,2,0,5,5,H
,Bayern Munich,Nurnberg,1.6,0.6,2.0,1.2,1.8,2.2,2,0,2,3,1,2,5,5,1.2,0.4,1.6,1.0,1.8,4.2,1,0,5,5,H
,Freiburg,RB Leipzig,1.0,2.0,1.2,1.6,1.6,0.2,1,3,2,1,2,1,5,5,1.6,1.6,1.2,1.2,1.0,0.6,2,2,5,5,H
,Hertha,Ein Frankfurt,1.0,2.0,1.6,2.2,2.4,0.8,1,3,2,1,2,1,5,5,1.6,2.0,2.0,2.0,1.8,1.2,2,3,5,5,H
,Leverkusen,Augsburg,1.4,0.8,2.0,1.2,2.0,1.8,2,1,1,1,2,3,5,5,1.4,0.8,1.6,1.4,2.0,1.8,2,1,5,5,H
,Schalke 04,Dortmund,1.6,2.6,1.8,2.0,1.4,1.0,2,4,2,1,1,0,5,5,1.8,2.6,1.8,2.4,1.4,0.8,3,4,5,5,A
,Wolfsburg,Hoffenheim,1.8,2.2,1.4,2.8,0.8,1.2,3,3,0,2,2,0,5,5,0.8,2.0,1.0,2.8,1.8,1.6,1,3,5,5,D
,Mainz,Hannover,1.8,0.6,1.6,1.0,1.2,2.4,3,1,0,0,2,4,5,5,1.0,0.2,0.8,1.0,1.0,3.0,1,0,5,5,D
,M'gladbach,Stuttgart,1.8,1.2,2.2,0.6,1.4,1.8,3,2,0,0,2,3,5,5,3.0,0.6,3.2,0.6,0.6,2.2,5,1,5,5,H
,Nurnberg,Wolfsburg,0.4,1.4,1.0,1.2,2.6,1.2,0,2,2,1,3,2,5,5,1.0,1.4,1.2,1.2,1.4,1.0,1,2,5,5,A
,Augsburg,Schalke 04,0.2,1.4,0.8,2.0,1.8,1.8,0,2,1,1,4,2,5,5,1.0,1.0,1.8,0.6,1.8,1.0,1,1,5,5,D
,Dortmund,Werder Bremen,3.0,0.8,2.0,1.4,0.8,1.8,5,1,0,1,0,3,5,5,2.6,1.4,3.6,1.6,1.4,1.4,4,2,5,5,H
,Fortuna Dusseldorf,Freiburg,0.8,1.0,1.6,1.2,2.2,1.4,1,1,1,2,3,2,5,5,0.6,1.0,1.0,1.2,1.8,1.8,1,1,5,5,H
,Hannover,Bayern Munich,0.8,1.6,1.0,2.2,2.2,1.6,1,2,1,2,3,1,5,5,1.2,1.8,1.4,1.8,1.8,1.6,2,3,5,5,A
,Hoffenheim,M'gladbach,1.8,2.4,2.4,2.6,1.6,0.8,2,4,3,0,0,1,5,5,1.4,1.4,1.8,1.8,1.2,1.6,2,2,5,5,D
,Stuttgart,Hertha,1.2,1.4,0.6,1.4,1.6,2.0,2,2,0,1,3,2,5,5,1.4,1.0,0.6,1.2,1.6,1.8,2,1,5,5,H
,Ein Frankfurt,Leverkusen,1.8,1.4,2.0,1.0,0.8,1.6,3,2,0,1,2,2,5,5,2.0,1.6,3.2,1.8,1.0,1.4,3,2,5,5,H
,RB Leipzig,Mainz,1.8,2.0,1.6,1.6,0.8,1.0,3,3,0,1,2,1,5,5,2.6,1.2,2.6,0.8,0.0,1.4,4,2,5,5,H
,Fortuna Dusseldorf,Dortmund,1.4,3.0,2.0,2.2,1.6,1.0,2,5,1,0,2,0,5,5,1.2,3.0,1.2,2.6,1.4,0.8,2,5,5,5,H
,Hertha,Augsburg,1.4,0.2,1.6,0.6,1.8,1.6,2,0,1,1,2,4,5,5,1.6,0.6,1.4,1.2,1.4,1.8,2,1,5,5,D
,M'gladbach,Nurnberg,2.0,0.2,2.0,0.6,0.8,2.6,3,0,1,1,1,4,5,5,3.0,0.2,3.4,0.8,0.4,4.6,5,0,5,5,H
,Wolfsburg,Stuttgart,2.0,1.8,1.6,1.0,1.0,1.2,3,3,1,0,1,2,5,5,1.0,0.6,1.2,0.6,1.6,2.4,1,1,5,5,H
,Bayern Munich,RB Leipzig,2.0,1.8,2.8,1.8,1.4,1.0,3,3,1,0,1,2,5,5,1.2,1.4,1.6,1.0,1.6,1.0,1,2,5,5,H
,Freiburg,Hannover,0.8,0.8,1.0,0.8,1.6,2.4,1,1,1,1,3,3,5,5,1.6,0.4,1.6,1.2,1.0,2.8,2,0,5,5,D
,Mainz,Ein Frankfurt,1.4,1.8,1.4,1.8,1.6,1.0,2,3,1,0,2,2,5,5,1.0,2.0,1.0,1.8,1.2,0.8,1,3,5,5,D
,Schalke 04,Leverkusen,1.0,1.4,1.6,1.0,1.8,1.2,1,2,2,1,2,2,5,5,1.8,1.0,2.0,1.6,1.4,1.6,3,1,5,5,A
,Werder Bremen,Hoffenheim,0.8,1.4,1.4,1.6,1.8,1.4,1,1,1,4,3,0,5,5,1.2,2.2,1.8,3.0,2.4,1.6,2,3,5,5,D
,Dortmund,M'gladbach,2.4,2.0,1.8,1.8,1.0,0.6,4,3,0,1,1,1,5,5,2.6,1.4,2.6,1.4,1.6,1.2,4,2,5,5,H
,Ein Frankfurt,Bayern Munich,1.4,2.6,1.6,2.6,1.4,0.8,2,4,1,1,2,0,5,5,2.4,2.4,3.4,2.6,1.0,1.2,4,4,5,5,A
,Hannover,Fortuna Dusseldorf,0.4,1.4,0.6,1.6,2.4,1.6,0,2,2,1,3,2,5,5,1.2,0.2,1.2,1.0,2.0,3.8,2,0,5,5,A
,Leverkusen,Hertha,2.0,1.6,1.4,1.8,0.8,1.4,3,2,1,2,1,1,5,5,1.4,1.0,1.6,1.2,2.0,1.6,2,1,5,5,H
,Nurnberg,Freiburg,0.2,1.0,0.6,1.0,2.6,1.2,0,1,1,2,4,2,5,5,0.4,0.4,0.6,0.6,1.8,2.0,0,0,5,5,A
,RB Leipzig,Werder Bremen,1.2,1.0,1.2,1.4,1.2,1.4,2,1,0,2,3,2,5,5,2.6,0.8,3.0,1.2,0.2,1.4,4,1,5,5,H
,Stuttgart,Schalke 04,1.2,1.0,0.6,1.8,1.6,1.6,2,1,0,2,3,2,5,5,1.8,1.2,1.0,0.8,1.8,1.0,3,1,5,5,A
,Augsburg,Wolfsburg,0.4,2.6,0.8,1.8,1.6,0.6,0,4,2,1,3,0,5,5,1.2,1.8,1.6,1.6,1.4,1.0,1,3,5,5,A
,Hoffenheim,Mainz,1.0,1.0,1.4,1.2,1.4,1.8,0,1,5,2,0,2,5,5,1.6,1.2,1.6,1.0,0.8,2.0,2,2,5,5,D
,Hoffenheim,Bayern Munich,1.0,3.0,1.0,2.6,1.0,0.2,0,5,5,0,0,0,5,5,1.8,2.4,1.6,2.6,0.6,1.0,2,4,5,5,A
,Augsburg,Fortuna Dusseldorf,0.4,1.8,1.0,1.2,1.6,1.0,0,3,2,0,3,2,5,5,0.6,0.8,1.2,1.2,1.8,3.2,0,1,5,5,A
,Ein Frankfurt,Freiburg,0.8,1.4,1.0,1.0,1.8,1.0,1,2,1,1,3,2,5,5,1.8,1.0,2.6,0.6,1.4,1.2,3,1,5,5,H
,Hannover,Werder Bremen,0.4,0.8,0.4,1.6,1.8,1.8,0,1,2,1,3,3,5,5,0.6,0.8,0.6,1.4,2.0,1.6,1,1,5,5,A
,Leverkusen,M'gladbach,2.0,1.4,1.6,1.2,1.0,0.8,3,2,1,1,1,2,5,5,2.0,0.8,1.8,1.0,1.4,1.6,3,1,5,5,A
,RB Leipzig,Dortmund,1.8,2.4,1.8,1.8,1.4,1.0,3,4,0,0,2,1,5,5,2.6,2.4,2.4,2.0,0.6,0.8,4,4,5,5,A
,Stuttgart,Mainz,1.2,1.2,0.8,1.2,1.8,1.6,2,1,0,3,3,1,5,5,1.2,1.4,0.8,1.2,2.2,2.0,2,2,5,5,A
,Nurnberg,Hertha,0.2,1.4,0.2,1.4,1.8,1.4,0,2,1,1,4,2,5,5,0.4,0.8,0.4,1.4,1.4,2.2,0,1,5,5,A
,Schalke 04,Wolfsburg,1.0,2.6,1.4,2.2,1.4,1.0,1,4,2,1,2,0,5,5,1.2,2.4,2.0,2.2,1.8,1.0,2,4,5,5,H
,Hertha,Schalke 04,1.4,1.4,1.6,1.6,1.6,1.4,2,2,1,1,2,2,5,5,1.2,1.2,1.4,1.0,1.8,1.2,1,1,5,5,D
,Dortmund,Hannover,2.4,0.4,1.6,0.4,1.0,1.6,4,0,0,2,1,3,5,5,2.6,0.6,2.2,1.2,1.2,2.2,4,0,5,5,H
,Freiburg,Hoffenheim,1.4,0.8,1.2,1.0,1.2,1.4,2,0,1,4,2,1,5,5,1.6,1.8,1.8,2.6,1.2,1.6,2,2,5,5,A
,Mainz,Nurnberg,1.2,0.0,1.6,0.2,2.0,2.2,1,0,3,0,1,5,5,5,1.0,0.2,1.4,0.8,1.6,3.6,1,0,5,5,H
,M'gladbach,Augsburg,2.0,0.4,1.4,1.2,0.4,1.8,3,0,1,2,1,3,5,5,3.0,0.8,3.2,1.0,0.2,1.4,5,1,5,5,H
,Werder Bremen,Ein Frankfurt,1.4,1.4,1.6,1.4,1.4,1.6,2,2,1,1,2,2,5,5,0.8,1.6,1.6,1.8,2.6,1.0,1,2,5,5,D
,Wolfsburg,Leverkusen,2.0,1.8,2.0,1.4,1.2,1.0,3,3,1,0,1,2,5,5,1.4,1.4,1.2,2.0,1.2,1.8,2,2,5,5,A
,Bayern Munich,Stuttgart,3.0,0.6,2.8,1.0,0.2,2.4,5,1,0,0,0,4,5,5,1.6,0.6,1.6,0.4,1.4,2.2,2,1,5,5,H
,Fortuna Dusseldorf,RB Leipzig,2.4,1.2,1.6,1.4,1.0,1.6,4,2,0,0,1,3,5,5,1.8,0.8,1.6,0.6,1.2,1.0,3,1,5,5,A
,Hannover,RB Leipzig,0.2,1.8,0.4,2.2,2.4,1.0,0,3,1,0,4,2,5,5,0.6,1.2,0.4,1.4,1.8,1.0,1,2,5,5,A
,Ein Frankfurt,Dortmund,1.6,2.4,1.8,2.2,1.8,1.0,2,4,2,0,1,1,5,5,1.8,2.4,1.8,1.4,1.4,0.8,3,4,5,5,D
,Hertha,Wolfsburg,1.0,1.8,1.8,1.6,2.0,1.4,1,3,2,0,2,2,5,5,1.2,1.8,1.6,1.8,2.0,1.4,1,3,5,5,A
,Hoffenheim,Fortuna Dusseldorf,1.2,2.4,1.4,1.4,1.4,1.2,1,4,3,0,1,1,5,5,1.2,1.4,1.0,1.4,1.2,2.0,1,2,5,5,D
,Leverkusen,Bayern Munich,1.8,3.0,1.8,3.0,1.0,0.4,3,5,0,0,2,0,5,5,1.8,2.4,1.4,2.8,1.2,1.0,3,4,5,5,H
,Nurnberg,Werder Bremen,0.0,1.0,0.4,1.4,2.0,1.6,0,1,0,2,5,2,5,5,0.2,0.8,0.4,1.2,1.8,1.6,0,1,5,5,D
,Schalke 04,M'gladbach,1.6,2.0,1.8,1.2,1.4,0.4,2,3,2,1,1,1,5,5,1.8,1.4,2.4,1.0,1.6,1.0,3,2,5,5,A
,Augsburg,Mainz,0.4,1.6,1.2,1.8,2.0,2.0,0,2,2,2,3,1,5,5,0.4,2.0,1.4,1.8,2.2,1.6,0,3,5,5,H
,Stuttgart,Freiburg,0.6,0.8,1.2,1.0,2.6,2.0,1,1,0,1,4,3,5,5,1.2,0.8,1.2,0.6,2.0,1.6,2,1,5,5,D
,Mainz,Leverkusen,1.6,2.4,1.6,2.2,1.8,0.8,2,4,2,0,1,1,5,5,1.6,1.4,1.6,1.4,1.4,1.4,2,2,5,5,A
,Bayern Munich,Schalke 04,2.4,1.4,2.4,1.6,1.0,1.6,4,2,0,1,1,2,5,5,2.2,1.2,2.4,1.4,1.0,1.6,3,1,5,5,H
,Dortmund,Hoffenheim,2.0,1.2,2.0,1.6,1.0,1.6,3,1,1,3,1,1,5,5,3.0,1.8,2.8,2.8,1.0,1.8,5,2,5,5,D
,Freiburg,Wolfsburg,1.0,1.8,1.4,1.4,2.0,1.4,1,3,2,0,2,2,5,5,1.0,2.4,1.6,1.8,1.8,1.0,1,4,5,5,D
,Hannover,Nurnberg,0.2,0.2,0.4,0.6,2.2,1.8,0,0,1,1,4,4,5,5,0.0,0.2,0.0,1.0,2.2,2.8,0,0,5,5,H
,M'gladbach,Hertha,2.4,1.0,1.6,1.6,0.4,1.8,4,1,0,2,1,2,5,5,3.0,1.2,2.8,1.6,0.2,2.0,5,2,5,5,A
,RB Leipzig,Ein Frankfurt,1.8,1.2,2.0,1.6,0.8,1.8,3,1,0,3,2,1,5,5,2.4,1.6,2.4,2.0,0.8,1.2,4,2,5,5,D
,Fortuna Dusseldorf,Stuttgart,2.0,0.2,1.2,1.2,1.4,2.8,3,0,1,1,1,4,5,5,1.8,0.6,1.6,0.6,1.4,2.2,3,1,5,5,H
,Werder Bremen,Augsburg,1.2,0.8,1.4,1.6,1.4,1.8,1,1,3,1,1,3,5,5,1.0,0.2,1.6,0.6,1.8,1.6,1,0,5,5,H
,Augsburg,Bayern Munich,0.6,2.4,1.2,2.8,2.2,1.2,1,4,0,0,4,1,5,5,0.8,2.4,1.6,2.6,1.8,1.0,1,4,5,5,A
,Hertha,Werder Bremen,1.4,1.6,1.8,2.0,1.4,1.2,2,2,1,2,2,1,5,5,1.2,1.0,1.6,1.2,1.6,1.4,1,1,5,5,D
,Hoffenheim,Hannover,1.2,0.6,2.0,0.6,2.0,2.0,1,1,3,0,1,4,5,5,0.8,0.4,0.8,1.0,1.2,2.8,0,0,5,5,H
,Schalke 04,Freiburg,1.4,1.0,1.6,1.8,1.8,2.4,2,1,1,2,2,2,5,5,1.2,0.8,1.8,0.8,1.8,1.8,2,1,5,5,D
,Stuttgart,RB Leipzig,0.2,2.0,1.2,2.0,3.0,0.6,0,3,1,1,4,1,5,5,1.4,1.2,1.6,1.4,1.8,1.0,2,2,5,5,A
,Wolfsburg,Mainz,1.4,1.4,1.6,1.4,2.0,2.4,2,2,1,1,2,2,5,5,1.4,1.4,1.0,1.2,1.2,2.0,2,2,5,5,H
,Ein Frankfurt,M'gladbach,1.2,1.8,1.2,1.2,1.4,1.0,1,3,3,0,1,2,5,5,1.4,1.4,1.4,0.8,1.6,0.8,2,2,5,5,D
,Leverkusen,Fortuna Dusseldorf,2.4,2.0,2.8,1.4,0.8,1.2,4,3,0,1,1,1,5,5,2.4,1.6,1.8,1.6,0.6,1.6,4,2,5,5,H
,Nurnberg,Dortmund,0.2,2.2,0.6,2.4,1.8,1.2,0,3,1,2,4,0,5,5,0.4,2.0,0.6,1.4,1.6,1.0,0,3,5,5,D
,Werder Bremen,Stuttgart,1.8,0.2,1.8,1.2,0.8,3.0,2,0,3,1,0,4,5,5,1.6,0.0,2.2,0.2,1.2,2.8,2,0,5,5,D
,Bayern Munich,Hertha,2.4,1.6,2.8,1.8,1.6,1.0,4,2,0,2,1,1,5,5,2.6,1.8,2.8,2.0,1.0,1.2,4,3,5,5,H
,Fortuna Dusseldorf,Nurnberg,1.4,0.4,1.2,0.6,1.6,1.6,2,0,1,2,2,3,5,5,1.8,0.0,1.4,0.6,1.2,2.8,3,0,5,5,H
,Freiburg,Augsburg,0.6,0.6,1.6,1.2,2.4,2.2,0,1,3,0,2,4,5,5,1.2,0.2,2.0,0.4,1.8,2.0,1,0,5,5,H
,Mainz,Schalke 04,1.2,1.0,1.2,1.0,2.8,1.6,2,1,0,2,3,2,5,5,1.0,1.2,1.4,1.6,2.2,1.6,1,1,5,5,H
,M'gladbach,Wolfsburg,2.0,1.4,1.2,1.6,0.8,1.6,3,2,1,1,1,2,5,5,2.4,2.0,2.2,2.0,0.8,1.4,4,3,5,5,A
,Dortmund,Leverkusen,1.8,2.4,2.0,2.6,1.0,0.6,2,4,3,0,0,1,5,5,2.6,2.0,2.8,2.4,1.2,1.0,4,3,5,5,H
,Hannover,Ein Frankfurt,0.6,1.4,0.6,1.4,2.4,1.0,1,1,0,4,4,0,5,5,0.6,1.2,0.4,1.4,1.8,1.2,1,1,5,5,A
,RB Leipzig,Hoffenheim,2.0,1.6,2.0,2.4,0.4,1.8,3,2,1,2,1,1,5,5,2.0,1.4,1.8,2.6,0.8,2.2,3,1,5,5,D
,Augsburg,Dortmund,0.6,1.8,1.2,2.4,2.8,1.4,1,2,0,3,4,0,5,5,0.8,1.6,1.8,1.0,1.8,0.8,1,2,5,5,H
,Ein Frankfurt,Hoffenheim,1.4,1.8,1.4,2.4,0.8,1.4,1,2,4,3,0,0,5,5,1.6,1.4,1.4,2.2,1.4,1.8,2,1,5,5,H
,Hertha,Mainz,1.0,1.2,1.2,1.2,1.0,2.4,1,2,2,0,2,3,5,5,1.2,0.8,1.2,1.0,1.2,2.6,1,1,5,5,H
,Leverkusen,Freiburg,2.4,1.2,3.0,2.4,1.0,2.0,4,1,0,3,1,1,5,5,2.4,1.0,1.8,0.8,0.6,1.4,4,1,5,5,H
,M'gladbach,Bayern Munich,1.4,2.4,1.0,2.4,1.4,1.4,2,4,1,0,2,1,5,5,1.8,2.4,1.4,2.8,1.2,1.2,3,4,5,5,A
,Nurnberg,RB Leipzig,0.4,2.2,0.6,2.2,1.4,0.4,0,3,2,2,3,0,5,5,0.4,1.8,0.4,2.0,1.4,1.0,0,3,5,5,A
,Schalke 04,Fortuna Dusseldorf,0.4,1.4,0.6,1.2,2.0,1.6,0,2,2,1,3,2,5,5,0.8,1.4,0.8,1.0,1.4,1.4,1,2,5,5,A
,Stuttgart,Hannover,0.4,0.6,1.0,0.6,2.6,2.8,0,1,2,0,3,4,5,5,0.8,0.4,1.6,0.8,2.4,2.8,1,0,5,5,H
,Wolfsburg,Werder Bremen,2.0,1.4,2.0,1.8,1.2,1.0,3,1,1,4,1,0,5,5,2.0,1.0,1.6,1.2,1.0,1.4,3,1,5,5,D
,Werder Bremen,Schalke 04,1.4,0.2,1.6,0.2,0.8,2.4,1,0,4,1,0,4,5,5,1.8,1.0,2.2,1.4,1.0,2.0,2,1,5,5,H
,Bayern Munich,Wolfsburg,2.4,2.2,2.6,2.2,1.4,0.8,4,3,0,2,1,0,5,5,3.0,2.0,2.4,2.2,0.4,1.4,5,3,5,5,H
,Dortmund,Stuttgart,1.2,1.0,1.6,1.8,1.6,2.0,1,1,3,2,1,2,5,5,2.6,0.2,3.0,0.4,1.6,2.6,4,0,5,5,H
,Freiburg,Hertha,1.2,1.4,2.0,1.2,1.6,0.8,1,2,3,1,1,2,5,5,1.6,1.2,2.8,1.6,1.8,1.4,2,2,5,5,H
,Mainz,M'gladbach,0.6,0.8,1.0,0.8,2.6,2.4,1,1,0,1,4,3,5,5,1.6,1.6,1.8,1.0,1.8,0.6,2,2,5,5,A
,RB Leipzig,Augsburg,2.2,1.2,1.6,1.6,0.4,2.6,3,2,2,0,0,3,5,5,1.6,0.2,1.6,0.6,1.0,2.8,2,0,5,5,D
,Hannover,Leverkusen,0.6,2.4,0.6,2.8,2.8,1.0,1,4,0,0,4,1,5,5,0.6,1.8,0.4,2.6,1.6,1.4,1,3,5,5,A
,Hoffenheim,Nurnberg,1.2,0.4,2.0,0.4,1.6,1.2,1,0,3,2,1,3,5,5,1.2,0.0,1.2,0.4,1.0,2.2,1,0,5,5,H
,Fortuna Dusseldorf,Ein Frankfurt,2.0,1.8,2.0,1.6,0.8,0.8,3,2,1,3,1,0,5,5,2.4,1.2,1.8,1.4,1.2,1.0,4,1,5,5,A
,M'gladbach,Freiburg,0.8,1.6,0.6,2.0,2.4,1.4,1,2,1,2,3,1,5,5,1.2,1.0,1.0,0.8,2.2,1.4,2,1,5,5,D
,Augsburg,Hannover,0.8,0.6,1.0,1.0,2.6,2.8,1,1,1,0,3,4,5,5,1.2,0.4,2.0,0.8,1.8,3.0,2,0,5,5,H
,Hertha,Dortmund,1.4,1.6,1.4,2.0,1.0,1.6,2,2,1,2,2,1,5,5,1.2,1.0,1.4,0.8,1.4,1.0,1,1,5,5,A
,Schalke 04,RB Leipzig,0.2,1.8,0.6,1.0,2.8,0.4,0,2,1,3,4,0,5,5,0.8,2.4,0.6,2.2,1.8,0.4,1,4,5,5,A
,Stuttgart,Hoffenheim,0.8,1.6,1.6,2.2,2.2,1.6,1,2,1,2,3,1,5,5,0.8,1.2,2.2,2.2,2.4,2.0,1,1,5,5,D
,Wolfsburg,Fortuna Dusseldorf,1.6,1.8,2.0,1.8,2.0,1.2,2,3,2,0,1,2,5,5,1.6,2.0,1.6,1.6,1.2,0.8,2,3,5,5,H
,Bayern Munich,Mainz,3.0,0.6,3.6,1.0,0.8,2.2,5,1,0,0,0,4,5,5,3.0,0.8,3.0,1.0,0.4,2.2,5,1,5,5,H
,Ein Frankfurt,Nurnberg,2.2,0.2,2.0,0.4,0.6,1.4,3,0,2,1,0,4,5,5,1.6,0.0,1.6,0.6,1.6,2.0,2,0,5,5,H
,Leverkusen,Werder Bremen,2.4,1.8,2.8,2.2,1.2,1.0,4,2,0,3,1,0,5,5,2.4,1.2,2.0,1.2,0.6,1.2,4,1,5,5,A
,Hoffenheim,Leverkusen,1.6,1.8,1.8,2.0,1.2,1.6,2,3,2,0,1,2,5,5,1.6,2.4,1.6,3.0,1.2,1.4,2,4,5,5,H
,Dortmund,Wolfsburg,2.0,2.0,2.0,2.4,1.4,1.8,3,3,1,1,1,1,5,5,2.6,1.4,3.2,1.6,1.6,2.2,4,2,5,5,H
,Fortuna Dusseldorf,M'gladbach,1.2,1.0,1.6,0.8,2.2,2.0,2,1,0,2,3,2,5,5,1.8,2.0,1.4,1.2,1.8,0.6,3,3,5,5,H
,Freiburg,Bayern Munich,1.6,3.0,1.6,4.2,1.0,0.6,2,5,2,0,1,0,5,5,1.6,2.4,2.6,3.0,2.0,1.4,2,4,5,5,D
,Nurnberg,Augsburg,0.2,1.4,0.4,1.6,1.2,2.0,0,2,1,1,4,2,5,5,0.4,0.4,0.4,0.6,1.2,2.6,0,0,5,5,H
,RB Leipzig,Hertha,2.2,0.8,1.2,1.2,0.4,1.6,3,1,2,1,0,3,5,5,1.2,1.2,0.8,1.6,0.8,1.4,1,2,5,5,H
,Werder Bremen,Mainz,1.8,0.6,2.0,0.8,1.2,2.4,2,1,3,0,0,4,5,5,1.8,0.6,2.4,0.8,1.2,3.2,2,1,5,5,H
,Ein Frankfurt,Stuttgart,2.6,1.0,2.2,1.8,0.6,1.8,4,1,1,2,0,2,5,5,2.2,0.2,1.8,0.6,1.0,2.6,3,0,5,5,H
,Hannover,Schalke 04,0.0,0.2,0.8,0.4,3.4,2.4,0,0,0,1,5,4,5,5,0.6,0.8,0.8,1.6,2.0,2.6,1,1,5,5,A
,Mainz,Freiburg,0.6,1.6,1.0,1.8,2.4,1.2,1,2,0,2,4,1,5,5,1.4,0.6,1.6,0.8,1.8,1.6,2,0,5,5,H
,Bayern Munich,Dortmund,2.6,2.4,3.8,2.4,0.4,1.4,4,4,1,0,0,1,5,5,3.0,1.6,4.0,1.2,0.4,1.0,5,2,5,5,H
,Hertha,Fortuna Dusseldorf,0.6,1.8,1.0,2.2,2.4,2.0,1,3,0,0,4,2,5,5,1.0,1.4,1.4,1.8,1.6,1.8,1,2,5,5,A
,Leverkusen,RB Leipzig,1.2,2.2,1.8,1.6,2.4,0.2,2,3,0,2,3,0,5,5,1.8,3.0,1.6,2.4,1.0,0.2,3,5,5,5,A
,Schalke 04,Ein Frankfurt,0.6,3.0,0.6,2.6,2.4,0.4,1,5,0,0,4,0,5,5,0.8,1.8,0.4,2.0,1.6,0.8,1,2,5,5,A
,Stuttgart,Nurnberg,1.0,0.6,1.6,1.0,1.8,1.2,1,1,2,0,2,4,5,5,1.0,0.0,2.2,0.6,2.0,1.8,1,0,5,5,D
,Wolfsburg,Hannover,1.4,0.0,1.8,0.8,2.2,3.0,2,0,1,0,2,5,5,5,2.0,0.2,2.2,0.8,1.2,3.4,3,0,5,5,H
,Augsburg,Hoffenheim,1.4,1.6,1.2,2.0,2.0,1.4,2,2,1,2,2,1,5,5,1.8,1.2,2.2,2.2,1.4,2.0,3,1,5,5,A
,M'gladbach,Werder Bremen,0.8,2.2,0.8,2.4,2.4,1.2,1,3,1,2,3,0,5,5,0.8,1.8,0.8,1.4,2.4,0.8,1,2,5,5,D
,Nurnberg,Schalke 04,0.8,0.6,1.0,0.8,1.0,2.2,1,1,1,0,3,4,5,5,1.0,0.8,1.0,1.2,1.0,2.4,1,1,5,5,D
,Dortmund,Mainz,1.8,0.6,1.8,1.4,2.0,2.4,3,1,0,0,2,4,5,5,2.6,0.0,3.2,0.4,1.4,3.4,4,0,5,5,H
,Hannover,M'gladbach,0.0,1.0,1.0,1.0,3.0,2.0,0,1,0,2,5,2,5,5,0.6,2.0,0.8,1.2,2.0,0.8,1,3,5,5,A
,RB Leipzig,Wolfsburg,2.6,1.4,2.2,1.8,0.4,2.4,4,2,1,1,0,2,5,5,1.2,1.4,1.2,1.4,0.4,2.2,1,2,5,5,H
,Stuttgart,Leverkusen,1.0,1.2,1.6,1.8,1.8,2.6,1,2,2,0,2,3,5,5,1.2,1.8,2.0,2.8,1.6,2.0,1,3,5,5,A
,Werder Bremen,Freiburg,2.2,1.0,2.4,0.8,1.2,2.0,3,1,2,2,0,2,5,5,2.2,0.6,2.8,0.6,1.2,2.0,3,0,5,5,H
,Ein Frankfurt,Augsburg,3.0,1.4,2.4,1.0,0.6,1.8,5,2,0,1,0,2,5,5,2.2,0.2,1.8,0.2,0.8,2.8,3,0,5,5,A
,Fortuna Dusseldorf,Bayern Munich,1.8,2.6,2.2,4.6,2.0,0.4,3,4,0,1,2,0,5,5,1.8,2.0,1.6,2.6,1.8,1.6,3,3,5,5,A
,Hoffenheim,Hertha,2.0,0.6,2.6,1.2,1.2,2.6,3,1,1,0,1,4,5,5,2.0,1.2,2.2,1.4,1.2,1.8,3,2,5,5,H
,Augsburg,Stuttgart,1.4,0.4,1.2,0.6,1.8,1.8,2,0,1,2,2,3,5,5,1.8,0.2,2.0,0.6,1.8,2.8,3,0,5,5,H
,Bayern Munich,Werder Bremen,2.6,2.6,4.4,2.6,0.4,1.2,4,4,1,1,0,0,5,5,3.0,1.4,4.2,1.4,0.2,1.0,5,1,5,5,H
,Leverkusen,Nurnberg,1.2,1.0,1.6,1.2,2.6,1.0,2,1,0,2,3,2,5,5,1.8,0.2,2.0,0.6,1.6,1.6,3,0,5,5,H
,Mainz,Fortuna Dusseldorf,0.6,1.2,1.4,1.6,2.4,2.8,1,2,0,0,4,3,5,5,1.8,1.4,2.2,1.8,1.4,1.8,3,2,5,5,H
,M'gladbach,RB Leipzig,1.6,2.6,1.0,2.4,1.0,0.4,2,4,2,1,1,0,5,5,0.4,3.0,0.6,2.4,2.6,0.6,0,5,5,5,A
,Schalke 04,Hoffenheim,0.8,2.6,1.0,2.6,1.6,0.6,1,4,1,1,3,0,5,5,0.2,1.2,0.2,2.2,1.8,1.6,0,1,5,5,A
,Freiburg,Dortmund,1.0,2.4,1.0,2.0,2.0,1.8,1,4,2,0,2,1,5,5,1.6,1.0,2.6,1.0,2.0,2.0,2,1,5,5,A
,Hertha,Hannover,0.0,0.0,0.8,0.8,2.8,2.2,0,0,0,0,5,5,5,5,0.8,0.0,1.2,0.8,1.6,3.8,1,0,5,5,D
,Wolfsburg,Ein Frankfurt,1.2,2.4,1.6,2.0,2.6,0.8,2,4,0,0,3,1,5,5,2.0,2.2,2.4,2.0,1.4,0.6,3,3,5,5,D
,Augsburg,Leverkusen,1.8,1.2,2.4,1.4,1.8,2.2,3,2,0,0,2,3,5,5,1.8,1.8,2.6,2.4,1.8,2.0,3,3,5,5,A
,Dortmund,Schalke 04,2.4,0.8,2.2,1.0,1.6,1.8,4,1,0,1,1,3,5,5,2.6,0.8,2.6,1.0,1.4,2.2,4,1,5,5,A
,Ein Frankfurt,Hertha,2.0,0.2,1.6,0.6,1.0,2.4,3,0,1,1,1,4,5,5,2.0,0.6,1.8,0.8,1.2,2.0,3,1,5,5,D
,Fortuna Dusseldorf,Werder Bremen,1.2,2.0,1.8,1.8,2.8,1.0,2,3,0,1,3,1,5,5,1.8,1.2,1.8,1.2,1.8,1.0,3,1,5,5,H
,Hannover,Mainz,0.2,1.2,0.4,2.0,1.6,2.4,0,2,1,0,4,3,5,5,0.6,0.0,0.8,0.6,1.6,3.2,1,0,5,5,H
,RB Leipzig,Freiburg,3.0,0.4,2.8,0.6,0.6,2.6,5,0,0,2,0,3,5,5,1.8,0.4,1.6,0.4,0.2,2.0,2,0,5,5,H
,Stuttgart,M'gladbach,0.4,1.0,0.4,1.0,2.4,1.4,0,1,2,2,3,2,5,5,1.0,2.0,1.6,1.2,1.4,0.8,1,3,5,5,H
,Hoffenheim,Wolfsburg,2.6,1.4,3.2,1.8,0.8,1.6,4,2,1,1,0,2,5,5,2.6,0.8,2.4,1.2,0.6,2.6,4,1,5,5,A
,Nurnberg,Bayern Munich,1.0,2.6,1.0,3.4,1.0,0.4,1,4,2,1,2,0,5,5,1.2,2.0,1.0,2.8,0.6,1.6,1,3,5,5,D
,Mainz,RB Leipzig,1.2,3.0,2.0,3.0,1.4,0.8,2,5,0,0,3,0,5,5,1.8,3.0,2.4,2.2,1.4,0.8,3,5,5,5,D
,Bayern Munich,Hannover,2.2,0.8,2.4,0.4,0.6,1.0,3,1,2,1,0,3,5,5,3.0,0.2,3.8,0.6,0.0,2.8,5,0,5,5,H
,Hertha,Stuttgart,0.4,0.8,0.2,0.4,1.8,2.2,0,1,2,1,3,3,5,5,1.0,0.2,1.2,0.4,1.4,3.2,1,0,5,5,H
,M'gladbach,Hoffenheim,0.8,2.4,0.8,3.2,1.4,1.4,1,4,1,0,3,1,5,5,0.4,1.6,0.8,2.6,2.4,1.4,0,2,5,5,D
,Werder Bremen,Dortmund,1.4,1.8,1.4,2.0,1.6,2.0,2,3,1,0,2,2,5,5,2.6,1.4,2.8,1.6,1.0,1.8,4,2,5,5,D
,Wolfsburg,Nurnberg,1.4,1.2,1.6,1.2,1.4,1.0,2,1,1,3,2,1,5,5,2.2,0.2,2.6,0.6,1.0,1.6,3,0,5,5,H
,Freiburg,Fortuna Dusseldorf,0.2,1.8,0.6,2.2,2.8,2.0,0,3,1,0,4,2,5,5,1.6,1.2,2.2,1.8,2.0,2.2,2,2,5,5,D
,Leverkusen,Ein Frankfurt,1.8,1.6,2.0,1.4,1.8,1.0,3,2,0,2,2,1,5,5,1.8,2.2,1.8,1.8,1.4,0.4,3,3,5,5,H
,Schalke 04,Augsburg,1.4,1.2,1.8,2.0,2.0,2.4,2,2,1,0,2,3,5,5,0.2,0.8,0.6,0.8,2.4,2.6,0,1,5,5,D
,Augsburg,Hertha,1.4,1.0,2.0,0.8,1.8,1.0,2,1,1,2,2,2,5,5,1.8,0.2,2.4,0.2,2.0,2.0,3,0,5,5,A
,Dortmund,Fortuna Dusseldorf,1.4,1.4,2.0,1.8,2.4,2.0,2,2,1,1,2,2,5,5,2.4,1.4,2.4,2.0,1.6,2.0,4,2,5,5,H
,Hannover,Freiburg,0.8,0.2,0.6,0.6,1.4,2.8,1,0,1,1,3,4,5,5,0.6,0.2,0.6,0.6,1.6,2.4,1,0,5,5,H
,Hoffenheim,Werder Bremen,2.0,1.0,2.8,1.2,1.6,1.8,3,1,1,2,1,2,5,5,2.4,1.0,2.4,1.2,1.2,1.6,4,1,5,5,A
,Leverkusen,Schalke 04,2.4,1.0,3.0,1.6,1.2,2.0,4,1,0,2,1,2,5,5,1.8,1.4,2.6,1.6,1.6,2.0,3,2,5,5,D
,Nurnberg,M'gladbach,0.6,1.0,0.6,1.0,1.4,1.2,0,1,3,2,2,2,5,5,1.2,1.4,1.0,0.8,0.6,1.0,1,2,5,5,A
,RB Leipzig,Bayern Munich,2.6,2.6,2.6,2.8,1.4,0.6,4,4,1,1,0,0,5,5,2.2,2.2,2.0,2.8,0.4,1.2,3,3,5,5,D
,Stuttgart,Wolfsburg,0.8,2.0,0.6,2.0,2.2,1.0,1,3,1,1,3,1,5,5,1.6,1.2,1.6,1.4,0.8,2.2,2,2,5,5,H
,Ein Frankfurt,Mainz,1.0,1.4,1.0,2.4,2.2,1.4,1,2,2,1,2,2,5,5,2.0,0.0,1.6,0.6,1.0,2.8,3,0,5,5,A
,Bayern Munich,Ein Frankfurt,2.2,0.4,1.8,0.6,0.6,2.4,3,0,2,2,0,3,5,5,3.0,2.0,4.2,2.0,0.2,1.6,5,3,5,5,H
,Fortuna Dusseldorf,Hannover,0.8,1.4,1.8,1.0,2.4,0.8,1,2,1,1,3,2,5,5,1.8,0.2,2.0,0.8,2.0,2.8,3,0,5,5,H
,Freiburg,Nurnberg,0.2,0.4,0.6,0.4,2.4,2.0,0,0,1,2,4,3,5,5,1.6,0.2,1.8,0.4,1.6,1.6,2,0,5,5,H
,Hertha,Leverkusen,1.6,2.6,1.4,2.8,1.2,0.6,2,4,2,1,1,0,5,5,1.4,1.8,1.6,2.2,1.4,2.0,2,3,5,5,A
,Mainz,Hoffenheim,1.4,1.4,1.8,2.0,1.4,1.8,2,2,1,1,2,2,5,5,2.0,1.6,2.8,2.8,1.0,1.6,3,2,5,5,H
,M'gladbach,Dortmund,1.4,2.0,1.6,2.6,1.0,1.8,2,3,1,1,2,1,5,5,0.6,1.4,1.2,2.0,2.2,2.2,0,2,5,5,A
,Schalke 04,Stuttgart,1.2,1.2,1.6,1.0,1.8,2.0,1,2,3,0,1,3,5,5,0.2,0.2,0.6,0.6,2.4,3.2,0,0,5,5,D
,Werder Bremen,RB Leipzig,1.4,2.2,1.2,1.8,1.6,1.0,2,3,1,2,2,0,5,5,2.2,2.6,2.4,2.2,1.4,1.2,3,4,5,5,H
,Wolfsburg,Augsburg,1.4,1.4,1.4,2.6,1.4,1.8,2,2,1,1,2,2,5,5,2.2,1.0,2.4,0.8,1.0,1.8,3,1,5,5,H
,Bayern Munich,Hertha,2.2,1.6,2.0,1.6,0.6,1.8,3,2,2,2,0,1,5,5,3.0,0.8,4.0,1.0,0.4,2.4,5,1,5,5,D
,Dortmund,Augsburg,2.0,0.8,2.6,2.2,1.6,3.2,3,1,1,1,1,3,5,5,2.4,1.0,2.4,0.8,1.6,2.4,4,1,5,5,H
,Freiburg,Mainz,0.8,2.0,1.4,2.4,2.2,1.4,1,3,1,1,3,1,5,5,1.6,0.6,1.8,0.8,1.6,2.4,2,1,5,5,H
,Leverkusen,Paderborn,2.6,0.8,3.6,1.2,0.8,1.8,4,1,1,1,0,3,5,5,1.4,0.6,2.4,0.4,1.8,2.2,2,1,5,5,H
,Werder Bremen,Fortuna Dusseldorf,1.4,1.4,1.2,2.0,1.6,1.8,2,2,1,1,2,2,5,5,2.6,0.8,2.6,1.6,1.4,2.6,4,1,5,5,A
,Wolfsburg,FC Koln,2.0,0.2,3.0,1.4,1.2,2.8,3,0,1,1,1,4,5,5,2.6,0.0,3.8,1.0,1.0,3.6,4,0,5,5,H
,M'gladbach,Schalke 04,0.8,1.2,1.4,1.4,1.4,1.6,1,1,1,3,3,1,5,5,0.6,1.6,1.0,1.8,1.6,1.6,0,2,5,5,D
,Ein Frankfurt,Hoffenheim,0.4,0.8,0.6,2.0,2.8,2.6,0,1,2,1,3,3,5,5,1.4,1.6,1.0,2.8,1.0,1.8,2,2,5,5,H
,Union Berlin,RB Leipzig,0.0,1.6,0.0,1.6,0.0,1.4,0,2,0,2,0,1,0,5,0.0,2.0,0.0,2.2,0.0,1.6,0,3,0,5,A
,FC Koln,Dortmund,0.2,2.0,1.4,2.8,2.8,1.8,0,3,1,1,4,1,5,5,1.0,2.0,1.6,2.2,1.8,1.8,1,3,5,5,A
,Augsburg,Union Berlin,0.2,0.0,1.2,0.0,4.2,4.0,0,0,1,0,4,1,5,1,1.2,0.0,2.6,0.0,2.6,0.0,2,0,5,0,D
,Fortuna Dusseldorf,Leverkusen,2.0,2.6,2.4,3.8,1.4,1.2,3,4,1,1,1,0,5,5,1.8,2.4,2.0,2.8,2.0,1.6,3,4,5,5,A
,Hoffenheim,Werder Bremen,0.2,1.4,1.0,1.4,2.4,2.0,0,2,1,1,4,2,5,5,1.8,1.4,1.8,1.2,1.4,1.4,3,2,5,5,H
,Mainz,M'gladbach,1.4,1.0,1.8,1.2,1.8,1.0,2,1,1,2,2,2,5,5,2.0,1.8,3.0,1.4,1.4,0.8,3,3,5,5,A
,Paderborn,Freiburg,0.6,1.4,1.2,2.0,2.0,1.4,1,2,0,1,4,2,5,5,1.0,0.2,1.2,0.6,1.6,2.6,1,0,5,5,A
,Schalke 04,Bayern Munich,1.4,1.8,1.0,2.2,0.6,1.0,1,2,4,3,0,0,5,5,0.4,1.8,0.6,2.2,1.6,0.8,0,2,5,5,A
,RB Leipzig,Ein Frankfurt,1.6,0.8,2.0,0.6,1.2,2.6,2,1,2,1,1,3,5,5,2.2,1.4,1.8,1.6,0.2,2.6,3,2,5,5,H
,Hertha,Wolfsburg,1.6,2.4,2.0,3.2,2.2,1.2,2,4,2,0,1,1,5,5,0.8,0.6,1.4,0.8,2.2,2.8,1,1,5,5,A
,M'gladbach,RB Leipzig,1.6,1.6,1.8,2.0,1.0,1.2,2,2,2,2,1,1,5,5,0.6,2.0,0.8,2.8,1.4,1.6,0,3,5,5,A
,Bayern Munich,Mainz,2.2,1.4,2.6,2.0,0.8,2.2,3,2,2,1,0,2,5,5,2.6,0.6,3.2,0.8,0.8,1.8,4,1,5,5,H
,Freiburg,FC Koln,2.0,0.0,2.4,1.2,1.2,3.0,3,0,1,0,1,5,5,5,1.6,0.0,2.0,1.0,1.4,3.4,2,0,5,5,A
,Leverkusen,Hoffenheim,2.6,0.8,3.6,1.4,1.2,2.0,4,1,1,1,0,3,5,5,2.0,1.4,2.8,2.6,1.6,1.8,3,2,5,5,D
,Schalke 04,Hertha,0.8,1.4,0.2,2.0,0.8,2.8,0,2,4,1,1,2,5,5,0.4,1.0,0.6,1.2,2.0,2.4,0,1,5,5,H
,Wolfsburg,Paderborn,2.4,0.0,3.0,1.0,1.0,2.4,4,0,0,0,1,5,5,5,2.6,0.6,3.2,0.8,0.8,2.0,4,1,5,5,D
,Union Berlin,Dortmund,0.5,2.6,0.5,3.0,2.5,1.2,0,4,1,1,1,0,2,5,0.0,2.0,0.0,2.2,4.0,1.6,0,3,1,5,H
,Werder Bremen,Augsburg,1.4,0.4,1.6,1.2,1.8,3.6,2,0,1,2,2,3,5,5,2.0,0.8,2.0,1.0,1.6,3.4,3,1,5,5,H
,Ein Frankfurt,Fortuna Dusseldorf,0.6,1.4,0.8,1.8,3.0,1.8,1,2,0,1,4,2,5,5,1.4,1.4,1.0,1.8,1.0,1.8,2,2,5,5,H
,Fortuna Dusseldorf,Wolfsburg,1.2,2.0,1.8,2.8,2.0,1.2,2,3,0,1,3,1,5,5,1.8,1.2,2.2,1.4,2.0,1.6,3,2,5,5,D
,Augsburg,Ein Frankfurt,0.2,1.2,1.6,1.0,4.2,2.0,0,2,1,0,4,3,5,5,0.8,0.8,2.2,1.2,2.6,3.0,1,1,5,5,H
,Dortmund,Leverkusen,2.4,2.2,2.8,2.4,1.4,1.0,4,3,0,2,1,0,5,5,2.4,2.4,2.8,2.8,1.6,1.4,4,4,5,5,H
,FC Koln,M'gladbach,0.6,1.4,1.2,1.6,2.6,1.2,1,2,0,1,4,2,5,5,1.0,1.8,1.4,1.8,1.8,1.0,1,3,5,5,A
,Mainz,Hertha,1.2,0.8,1.6,1.4,2.8,3.2,2,1,0,1,3,3,5,5,2.0,1.0,3.2,1.2,1.8,2.0,3,1,5,5,H
,Union Berlin,Werder Bremen,1.3333333333333333,1.8,1.3333333333333333,1.8,2.0,1.8,1,3,1,0,1,2,3,5,1.5,0.8,1.5,1.0,2.5,1.8,1,1,2,5,A
,RB Leipzig,Bayern Munich,2.0,2.2,2.0,3.2,0.8,0.8,3,3,1,2,1,0,5,5,2.6,1.8,2.2,1.8,0.4,0.6,4,2,5,5,D
,Hoffenheim,Freiburg,0.8,1.8,1.0,2.4,1.6,1.4,1,3,1,0,3,2,5,5,1.8,0.6,2.0,1.0,1.6,2.6,3,1,5,5,A
,Paderborn,Schalke 04,0.2,1.2,1.0,0.8,2.0,0.8,0,1,1,3,4,1,5,5,0.8,1.8,1.4,1.4,2.2,0.8,1,2,5,5,A
,Schalke 04,Mainz,1.6,1.2,1.6,1.6,0.8,3.0,2,2,2,0,1,3,5,5,1.0,0.6,1.0,0.8,1.6,2.4,1,1,5,5,H
,Bayern Munich,FC Koln,2.2,0.6,3.4,1.0,1.0,2.2,3,1,2,0,0,4,5,5,2.6,0.6,3.4,1.4,1.0,2.4,4,1,5,5,H
,Freiburg,Augsburg,2.4,0.8,3.0,1.4,0.8,3.6,4,1,0,1,1,3,5,5,1.4,0.8,2.0,1.4,1.6,3.4,2,1,5,5,D
,Hertha,Paderborn,0.2,0.2,0.8,1.2,3.0,2.8,0,0,1,1,4,4,5,5,0.8,0.8,1.0,1.0,2.2,1.8,1,1,5,5,H
,Leverkusen,Union Berlin,2.0,1.0,2.2,1.25,1.6,2.0,3,1,1,1,1,2,5,4,2.2,1.0,2.4,1.0,0.8,1.0,3,0,5,1,H
,Werder Bremen,RB Leipzig,1.8,2.0,2.0,2.2,2.0,1.0,3,3,0,1,2,1,5,5,2.0,2.0,2.0,2.6,1.8,1.4,3,3,5,5,A
,M'gladbach,Fortuna Dusseldorf,1.4,1.4,1.0,1.6,1.2,1.6,2,2,1,1,2,2,5,5,0.4,0.8,0.8,1.6,1.8,2.0,0,1,5,5,H
,Ein Frankfurt,Dortmund,1.2,2.4,1.2,3.0,2.0,1.0,2,4,0,0,3,1,5,5,1.4,2.0,0.8,2.4,1.2,1.2,2,3,5,5,D
,Wolfsburg,Hoffenheim,2.2,0.8,3.0,1.0,0.8,2.0,3,1,2,1,0,3,5,5,2.2,1.0,2.8,1.8,0.8,1.8,3,1,5,5,D
,Union Berlin,Ein Frankfurt,0.8,1.4,1.0,1.4,2.0,1.4,1,2,1,1,3,2,5,5,1.0,0.2,1.3333333333333333,1.0,2.3333333333333335,3.2,1,0,3,5,A
,Augsburg,Leverkusen,1.0,2.0,1.4,1.6,2.2,1.4,1,3,2,1,2,1,5,5,1.4,2.4,2.6,2.6,2.0,1.4,2,4,5,5,A
,Hoffenheim,M'gladbach,1.0,2.0,0.8,1.4,1.4,1.0,1,3,2,1,2,1,5,5,1.2,2.4,1.2,1.8,2.0,0.4,2,4,5,5,A
,Mainz,Wolfsburg,0.6,1.8,1.0,1.6,3.0,0.8,1,2,0,3,4,0,5,5,2.0,1.4,2.6,1.6,2.0,1.4,3,2,5,5,A
,Paderborn,Bayern Munich,0.2,2.2,1.2,3.2,2.8,0.8,0,3,1,2,4,0,5,5,0.2,1.8,1.2,1.8,3.0,0.6,0,2,5,5,A
,RB Leipzig,Schalke 04,2.6,2.0,2.6,2.0,0.6,1.0,4,3,1,1,0,1,5,5,2.2,1.8,1.4,2.2,0.6,1.0,3,2,5,5,A
,Dortmund,Werder Bremen,2.0,1.2,3.0,1.6,1.4,2.4,3,2,1,0,1,3,5,5,2.4,1.2,3.2,1.2,1.6,1.8,4,2,5,5,D
,Fortuna Dusseldorf,Freiburg,0.8,2.0,1.4,2.2,1.8,0.8,1,3,1,1,3,1,5,5,1.4,1.2,1.8,1.6,2.0,1.6,2,2,5,5,A
,FC Koln,Hertha,0.6,0.8,0.8,1.0,2.2,2.2,1,1,0,1,4,3,5,5,0.4,1.0,1.0,1.4,2.0,2.0,0,1,5,5,A
,Hertha,Fortuna Dusseldorf,1.2,0.2,1.4,1.0,1.8,2.0,2,0,0,1,3,4,5,5,1.4,0.8,1.2,1.6,2.0,1.8,2,1,5,5,H
,Bayern Munich,Hoffenheim,2.6,1.0,3.4,0.8,0.8,1.8,4,1,1,2,0,2,5,5,2.6,0.6,4.0,1.0,1.0,1.6,4,0,5,5,A
,Freiburg,Dortmund,2.0,1.6,2.0,2.4,1.0,1.6,3,2,1,2,1,1,5,5,1.6,1.6,2.2,2.0,1.0,1.6,2,2,5,5,D
,Leverkusen,RB Leipzig,2.0,2.0,1.6,2.0,1.0,1.2,3,3,1,1,1,1,5,5,2.2,2.0,2.4,2.8,0.8,1.2,3,3,5,5,D
,Paderborn,Mainz,0.2,0.6,1.2,1.0,2.8,2.6,0,1,1,0,4,4,5,5,0.0,0.6,1.2,0.8,3.2,2.4,0,1,5,5,A
,Schalke 04,FC Koln,2.4,0.6,2.6,0.6,1.2,2.6,4,1,0,0,1,4,5,5,1.6,0.6,1.0,1.2,0.8,2.8,2,1,5,5,D
,M'gladbach,Augsburg,2.4,1.0,2.0,1.2,1.0,1.8,4,1,0,2,1,2,5,5,1.0,0.4,1.0,1.0,1.6,3.4,1,0,5,5,H
,Wolfsburg,Union Berlin,1.8,0.8,1.4,1.2,0.6,1.6,2,1,3,1,0,3,5,5,2.2,0.5,2.8,0.5,0.8,1.5,3,0,5,2,H
,Ein Frankfurt,Werder Bremen,1.4,1.4,1.6,1.8,1.6,2.2,2,2,1,1,2,2,5,5,1.6,1.4,1.0,1.6,1.0,2.0,2,2,5,5,D
,Ein Frankfurt,Leverkusen,1.6,1.6,1.8,1.2,1.6,1.0,2,2,2,2,1,1,5,5,1.6,2.4,1.4,3.0,1.4,1.4,2,4,5,5,H
,Augsburg,Bayern Munich,0.8,2.0,1.2,3.0,2.6,1.2,1,3,1,1,3,1,5,5,0.8,1.8,1.4,1.6,2.6,0.8,1,2,5,5,D
,Fortuna Dusseldorf,Mainz,0.2,1.2,1.0,1.2,2.0,2.2,0,2,1,0,4,3,5,5,1.4,1.2,1.8,1.2,1.6,2.4,2,2,5,5,H
,RB Leipzig,Wolfsburg,1.6,1.8,1.8,1.0,1.2,0.6,2,2,2,3,1,0,5,5,1.6,2.0,1.2,1.8,1.2,1.0,2,3,5,5,D
,Union Berlin,Freiburg,0.6,1.6,1.0,1.8,1.6,1.2,1,2,0,2,4,1,5,5,0.75,1.8,1.25,1.8,2.25,1.4,1,3,4,5,H
,Werder Bremen,Hertha,1.6,1.8,1.8,2.0,2.0,1.4,2,3,2,0,1,2,5,5,1.4,1.4,1.6,2.2,2.2,2.0,2,2,5,5,D
,Dortmund,M'gladbach,1.2,2.4,2.2,2.4,1.8,1.0,1,4,3,0,1,1,5,5,2.0,2.4,3.2,2.2,1.8,0.4,3,4,5,5,H
,FC Koln,Paderborn,0.8,0.2,0.6,1.2,2.2,2.6,1,0,1,1,3,4,5,5,0.2,0.8,0.8,1.2,2.6,1.6,0,1,5,5,H
,Hoffenheim,Schalke 04,1.0,2.6,0.6,2.8,1.6,0.8,1,4,2,1,2,0,5,5,0.6,2.2,0.8,2.6,2.6,1.0,1,3,5,5,H
,Mainz,FC Koln,1.2,0.8,1.0,0.8,1.2,2.0,2,1,0,1,3,3,5,5,1.4,0.8,2.0,1.0,2.0,2.4,2,1,5,5,H
,Bayern Munich,Union Berlin,1.6,0.6,2.2,0.8,1.4,1.4,2,1,2,0,1,4,5,5,2.0,0.3333333333333333,3.6,0.3333333333333333,1.2,1.3333333333333333,3,0,5,3,H
,Freiburg,RB Leipzig,1.6,1.2,1.6,1.4,1.2,1.2,2,1,2,3,1,1,5,5,1.6,2.0,2.4,2.4,1.2,0.8,2,3,5,5,H
,Hertha,Hoffenheim,2.0,1.4,2.2,1.0,1.0,1.6,3,2,1,1,1,2,5,5,1.8,1.0,1.8,1.0,2.2,1.4,3,1,5,5,A
,Paderborn,Fortuna Dusseldorf,0.0,0.8,1.0,1.0,3.0,1.6,0,1,0,1,5,3,5,5,0.0,0.6,1.2,1.6,3.0,2.2,0,1,5,5,H
,Schalke 04,Dortmund,2.0,1.8,2.2,2.2,1.2,1.2,3,2,1,3,1,0,5,5,1.6,1.6,1.2,2.0,1.0,1.6,2,2,5,5,D
,Leverkusen,Werder Bremen,1.4,1.2,1.2,1.4,1.6,1.8,2,1,1,3,2,1,5,5,1.8,1.6,1.4,1.8,0.8,1.6,2,2,5,5,D
,Wolfsburg,Augsburg,1.8,1.0,1.0,1.2,0.6,2.4,2,1,3,2,0,2,5,5,2.2,0.2,2.6,1.2,0.8,4.4,3,0,5,5,D
,M'gladbach,Ein Frankfurt,2.4,1.6,2.2,2.0,0.6,1.4,4,2,0,2,1,1,5,5,1.4,0.6,1.6,1.2,1.4,3.2,2,1,5,5,H
,Hoffenheim,Paderborn,2.0,0.6,1.6,1.2,1.4,2.0,3,1,1,0,1,4,5,5,1.2,0.2,1.0,0.8,1.8,2.0,2,0,5,5,H
,Dortmund,Wolfsburg,1.4,1.8,1.4,0.8,1.2,0.4,1,2,4,3,0,0,5,5,2.6,1.6,3.0,1.2,1.0,1.0,4,2,5,5,H
,Ein Frankfurt,Bayern Munich,1.6,2.0,2.2,2.4,1.8,1.4,2,3,2,1,1,1,5,5,2.2,1.8,2.0,1.8,1.0,1.0,3,2,5,5,H
,Leverkusen,M'gladbach,1.6,2.4,1.6,2.8,1.2,1.0,2,4,2,0,1,1,5,5,1.8,2.4,1.6,2.2,1.0,0.4,2,4,5,5,A
,RB Leipzig,Mainz,1.0,1.2,1.4,1.2,1.4,1.2,1,2,2,0,2,3,5,5,1.2,0.6,1.0,0.8,1.2,2.6,1,1,5,5,H
,Werder Bremen,Freiburg,0.8,1.6,1.4,1.4,2.0,1.4,0,2,4,2,1,1,5,5,1.4,1.8,1.4,1.6,2.0,1.4,2,3,5,5,D
,Union Berlin,Hertha,0.6,2.0,0.8,2.4,1.4,1.2,1,3,0,1,4,1,5,5,1.2,1.0,1.4,1.6,1.8,1.6,2,1,5,5,H
,Fortuna Dusseldorf,FC Koln,0.6,0.8,0.8,1.0,1.8,2.4,1,1,0,1,4,3,5,5,1.4,0.8,1.2,1.0,1.4,2.2,2,1,5,5,H
,Augsburg,Schalke 04,0.6,1.6,0.8,1.2,2.2,1.0,0,2,3,2,2,1,5,5,1.0,1.6,1.6,1.8,2.2,1.0,1,2,5,5,A
,FC Koln,Hoffenheim,0.8,2.4,1.0,2.0,2.0,1.2,1,4,1,0,3,1,5,5,0.6,1.6,1.0,1.2,2.2,1.0,1,2,5,5,A
,Hertha,RB Leipzig,1.4,1.0,2.0,2.4,1.2,1.4,2,1,1,2,2,2,5,5,1.2,2.0,1.6,2.4,2.6,0.8,2,3,5,5,A
,Mainz,Union Berlin,1.2,1.2,1.0,1.0,2.4,1.0,2,2,0,0,3,3,5,5,1.8,0.25,2.0,0.5,1.6,1.5,3,0,5,4,A
,Paderborn,Augsburg,0.6,0.4,1.0,1.0,2.2,2.6,1,0,0,2,4,3,5,5,0.6,0.4,1.4,1.0,2.6,2.8,1,0,5,5,A
,Schalke 04,Fortuna Dusseldorf,1.6,1.2,1.4,1.0,1.2,1.4,2,2,2,0,1,3,5,5,1.6,0.6,1.2,1.2,1.0,2.0,2,1,5,5,D
,Bayern Munich,Dortmund,1.4,1.8,1.8,1.6,2.4,0.8,2,2,1,3,2,0,5,5,2.0,1.2,3.0,1.6,1.2,1.6,3,1,5,5,H
,M'gladbach,Werder Bremen,2.4,1.0,2.8,1.8,1.0,1.8,4,0,0,5,1,0,5,5,2.0,1.2,2.4,2.0,1.4,2.0,3,1,5,5,H
,Wolfsburg,Leverkusen,1.6,1.0,0.6,1.4,0.8,1.6,2,1,2,2,1,2,5,5,1.8,1.8,1.0,2.2,0.6,1.8,2,3,5,5,A
,Freiburg,Ein Frankfurt,1.6,2.0,1.6,2.8,1.6,1.6,2,3,2,1,1,1,5,5,1.6,0.6,1.8,1.4,1.2,2.8,2,1,5,5,H
,Dortmund,Paderborn,1.6,0.6,1.2,0.6,1.2,1.8,2,1,2,0,1,4,5,5,2.6,0.2,3.0,0.8,0.6,2.4,4,0,5,5,D
,Ein Frankfurt,Wolfsburg,1.4,1.0,2.4,0.4,1.6,1.2,2,1,1,2,2,2,5,5,2.2,1.6,2.8,1.2,1.2,1.0,3,2,5,5,A
,Fortuna Dusseldorf,Bayern Munich,1.4,1.4,1.4,2.0,1.6,2.0,2,2,1,1,2,2,5,5,1.4,1.6,1.2,2.0,1.2,2.0,2,2,5,5,A
,Leverkusen,Freiburg,1.0,1.6,1.2,1.4,1.6,1.4,1,2,2,2,2,1,5,5,1.2,2.0,1.2,2.0,1.0,1.2,1,3,5,5,D
,Union Berlin,M'gladbach,1.8,2.4,1.4,2.8,1.0,1.2,3,4,0,0,2,1,5,5,1.8,2.4,1.6,1.8,1.0,0.6,3,4,5,5,H
,Werder Bremen,Schalke 04,0.8,1.2,1.6,1.4,2.0,1.6,0,1,4,3,1,1,5,5,1.0,2.0,1.4,2.2,2.2,1.2,1,3,5,5,A
,RB Leipzig,FC Koln,1.6,0.8,3.0,1.2,1.2,1.6,2,1,2,1,1,3,5,5,1.6,0.8,2.6,0.8,1.2,2.2,2,1,5,5,H
,Augsburg,Hertha,1.0,0.8,1.2,1.6,2.0,2.0,1,1,2,1,2,3,5,5,1.0,0.8,1.4,1.2,2.0,1.4,1,1,5,5,H
,Hoffenheim,Mainz,3.0,1.2,2.4,1.4,0.8,2.8,5,2,0,0,0,3,5,5,1.8,0.6,1.6,0.8,1.6,3.6,3,1,5,5,A
,Schalke 04,Union Berlin,1.6,2.4,1.6,1.8,1.6,0.8,2,4,2,0,1,1,5,5,1.8,0.8,1.8,1.0,1.0,1.6,2,1,5,5,H
,FC Koln,Augsburg,0.6,1.6,1.2,1.8,2.2,1.0,1,2,0,2,4,1,5,5,0.6,1.0,1.0,1.0,2.0,1.8,1,1,5,5,D
,Hertha,Dortmund,0.2,1.6,1.0,1.4,2.6,1.4,0,2,1,2,4,1,5,5,1.2,0.6,1.8,1.0,2.4,2.2,2,0,5,5,A
,Hoffenheim,Fortuna Dusseldorf,2.4,1.4,2.2,1.2,1.6,1.8,4,2,0,1,1,2,5,5,1.2,0.2,1.2,1.2,2.2,2.4,2,0,5,5,D
,Paderborn,RB Leipzig,0.8,2.0,1.0,3.6,2.0,1.2,1,3,1,1,3,1,5,5,0.6,2.0,1.2,2.4,2.2,1.2,1,3,5,5,A
,Bayern Munich,Leverkusen,2.0,1.0,2.6,1.2,1.6,1.6,3,1,1,2,1,2,5,5,2.4,1.8,3.4,1.6,0.8,1.6,4,3,5,5,A
,M'gladbach,Freiburg,1.8,1.6,1.8,1.2,1.4,1.2,3,2,0,2,2,1,5,5,2.4,1.6,3.0,1.6,1.6,1.2,4,2,5,5,H
,Wolfsburg,Werder Bremen,1.0,0.6,0.6,1.4,1.2,2.0,1,0,2,3,2,2,5,5,1.2,1.2,0.6,1.8,0.8,2.0,1,1,5,5,A
,Mainz,Ein Frankfurt,1.2,1.2,2.0,2.0,2.8,1.6,2,2,0,0,3,3,5,5,1.2,0.6,1.6,1.2,1.8,2.0,2,1,5,5,H
,Ein Frankfurt,Hertha,0.6,0.0,1.6,1.0,2.0,2.8,1,0,0,0,4,5,5,5,1.6,0.8,2.4,1.2,1.4,1.6,2,1,5,5,D
,Augsburg,Mainz,1.6,1.8,1.6,2.4,0.8,2.8,2,3,2,0,1,2,5,5,1.4,1.2,2.0,1.6,1.8,2.6,2,2,5,5,H
,Dortmund,Fortuna Dusseldorf,1.6,1.0,1.6,1.2,1.6,2.0,2,1,2,2,1,2,5,5,2.2,0.4,2.6,1.2,1.0,2.2,3,0,5,5,H
,Freiburg,Wolfsburg,1.6,0.8,1.6,0.8,1.6,1.6,2,1,2,1,1,3,5,5,1.6,1.6,1.4,1.0,1.2,1.0,2,2,5,5,H
,M'gladbach,Bayern Munich,2.4,1.8,2.6,2.4,1.6,1.6,4,3,0,0,1,2,5,5,3.0,1.6,3.6,2.2,1.4,2.0,5,2,5,5,H
,RB Leipzig,Hoffenheim,2.4,2.0,4.0,2.0,1.4,1.8,4,3,0,1,1,1,5,5,1.6,2.2,3.0,1.6,1.2,1.0,2,3,5,5,H
,Leverkusen,Schalke 04,1.6,2.2,1.6,2.0,1.2,1.4,2,3,2,2,1,0,5,5,1.2,2.4,1.4,2.6,1.2,1.4,1,4,5,5,H
,Union Berlin,FC Koln,1.8,0.2,1.6,0.8,1.2,2.4,3,0,0,1,2,4,5,5,1.8,0.2,1.4,0.6,0.8,2.8,3,0,5,5,H
,Werder Bremen,Paderborn,1.0,0.8,1.8,1.4,2.2,2.0,1,1,2,1,2,3,5,5,1.0,0.4,1.4,1.0,2.0,2.4,1,0,5,5,A
,Hoffenheim,Augsburg,1.4,2.0,1.6,2.0,2.0,1.0,2,3,1,1,2,1,5,5,1.4,1.2,1.4,0.8,1.8,1.4,2,1,5,5,A
,Bayern Munich,Werder Bremen,1.2,0.8,2.2,1.4,1.8,2.0,2,1,0,1,3,3,5,5,1.8,1.2,2.4,2.0,1.0,2.2,3,1,5,5,H
,FC Koln,Leverkusen,0.2,2.0,0.6,1.6,2.2,1.0,0,3,1,1,4,1,5,5,0.8,1.8,1.0,1.4,1.6,1.6,1,3,5,5,H
,Hertha,Freiburg,0.2,1.6,1.0,1.4,2.6,1.4,0,2,1,2,4,1,5,5,1.2,1.0,2.0,1.4,2.2,2.0,2,1,5,5,H
,Mainz,Dortmund,1.2,2.0,2.0,2.6,3.0,1.6,2,3,0,1,3,1,5,5,1.8,1.2,1.8,1.2,1.4,1.8,3,1,5,5,A
,Paderborn,Union Berlin,0.8,2.4,1.2,1.8,2.0,0.8,1,4,1,0,3,1,5,5,0.6,0.6,1.4,1.0,1.8,1.8,1,1,5,5,D
,Fortuna Dusseldorf,RB Leipzig,1.0,3.0,1.2,4.4,2.6,1.2,1,5,2,0,2,0,5,5,1.4,2.0,1.0,2.4,1.4,1.4,2,3,5,5,A
,Wolfsburg,M'gladbach,0.6,2.4,0.8,2.2,1.8,1.4,1,4,0,0,4,1,5,5,1.0,1.8,0.8,1.2,1.2,0.8,1,3,5,5,H
,Schalke 04,Ein Frankfurt,2.0,0.8,2.2,1.6,1.8,1.6,3,1,1,1,1,3,5,5,1.8,0.6,1.6,1.2,1.2,2.0,2,1,5,5,H
,Werder Bremen,Mainz,0.6,1.2,1.2,2.0,2.8,2.2,1,2,0,0,4,3,5,5,0.4,1.2,0.8,1.6,1.8,2.6,0,2,5,5,A
,Augsburg,Fortuna Dusseldorf,2.6,0.4,2.4,0.8,0.8,3.2,4,0,1,2,0,3,5,5,1.4,0.4,2.0,1.0,1.8,2.8,2,0,5,5,H
,Dortmund,RB Leipzig,2.0,3.0,2.8,3.4,1.6,1.2,3,5,1,0,1,0,5,5,2.2,2.0,2.8,2.4,1.0,1.4,3,3,5,5,D
,Union Berlin,Hoffenheim,2.0,0.8,1.8,1.4,1.0,2.8,3,1,1,1,1,3,5,5,2.4,2.0,1.6,1.8,0.4,1.6,4,3,5,5,A
,Leverkusen,Hertha,2.0,0.8,1.4,1.2,1.0,2.4,3,1,1,1,1,3,5,5,1.2,1.0,1.4,1.4,1.4,1.6,1,1,5,5,A
,Ein Frankfurt,FC Koln,0.2,0.8,0.6,1.0,1.6,1.8,0,1,1,1,4,3,5,5,1.6,0.2,2.4,0.6,1.4,2.4,2,0,5,5,A
,Freiburg,Bayern Munich,1.4,1.8,1.0,3.2,1.2,1.0,2,3,1,0,2,2,5,5,2.2,1.4,1.4,2.2,0.8,2.2,3,2,5,5,A
,M'gladbach,Paderborn,1.8,1.0,2.0,1.4,1.6,1.6,3,1,0,2,2,2,5,5,3.0,0.8,3.6,1.0,1.4,2.2,5,1,5,5,H
,Wolfsburg,Schalke 04,1.2,2.0,1.2,1.8,1.4,1.4,2,3,0,1,3,1,5,5,1.4,1.8,1.0,1.8,1.2,1.6,2,3,5,5,D
,Hoffenheim,Dortmund,0.8,2.2,1.4,3.4,2.6,1.4,1,3,1,2,3,0,5,5,1.4,1.6,1.8,1.6,2.0,1.4,2,2,5,5,H
,Bayern Munich,Wolfsburg,1.8,1.4,3.0,1.4,1.2,1.2,3,2,0,1,2,2,5,5,1.8,1.4,2.8,0.8,1.2,1.0,3,2,5,5,H
,FC Koln,Werder Bremen,1.4,0.6,1.6,1.0,1.8,3.2,2,1,1,0,2,4,5,5,1.4,1.0,1.4,1.8,1.4,3.0,2,1,5,5,H
,Mainz,Leverkusen,1.8,1.4,2.6,1.0,1.6,1.2,3,2,0,1,2,2,5,5,1.2,1.8,1.4,1.4,2.0,1.2,2,3,5,5,A
,RB Leipzig,Augsburg,2.6,2.6,3.2,2.8,1.4,0.8,4,4,1,1,0,0,5,5,2.0,1.6,3.4,1.4,1.2,1.6,3,2,5,5,H
,Schalke 04,Freiburg,2.0,0.8,1.4,1.0,1.0,1.8,3,1,1,1,1,3,5,5,1.8,0.4,1.4,1.0,1.0,2.0,2,0,5,5,D
,Hertha,M'gladbach,1.4,1.8,1.0,1.8,1.6,1.4,2,3,1,0,2,2,5,5,1.2,1.2,1.8,1.2,2.0,1.2,2,2,5,5,D
,Fortuna Dusseldorf,Union Berlin,0.2,1.4,0.2,1.2,3.2,1.0,0,2,1,1,4,2,5,5,1.2,0.8,0.8,1.2,1.8,1.6,2,1,5,5,H
,Paderborn,Ein Frankfurt,1.0,0.2,1.4,1.0,1.8,2.2,1,0,2,1,2,4,5,5,0.8,0.6,1.2,1.0,1.4,1.8,1,1,5,5,H
,Schalke 04,M'gladbach,1.6,2.0,1.4,1.8,1.2,1.0,2,3,2,1,1,1,5,5,1.8,0.8,1.6,0.6,1.2,1.2,2,1,5,5,H
,Augsburg,Dortmund,2.0,2.0,2.2,3.0,1.4,1.2,3,3,1,1,1,1,5,5,2.0,1.4,2.6,1.4,1.2,1.4,3,2,5,5,A
,FC Koln,Wolfsburg,2.0,0.8,1.6,1.0,1.0,1.6,3,1,1,1,1,3,5,5,2.0,0.8,1.6,0.6,0.6,1.4,3,1,5,5,H
,Fortuna Dusseldorf,Werder Bremen,0.8,0.6,0.6,0.8,2.6,3.0,1,1,1,0,3,4,5,5,1.8,0.8,1.0,1.4,1.6,2.8,3,1,5,5,A
,Hoffenheim,Ein Frankfurt,1.4,0.2,1.6,1.2,1.8,2.2,2,0,1,1,2,4,5,5,1.4,0.0,1.8,0.8,2.2,2.0,2,0,5,5,A
,Mainz,Freiburg,1.2,0.8,1.6,1.2,1.6,2.0,2,1,0,1,3,3,5,5,1.2,0.6,1.4,1.4,2.0,2.0,2,0,5,5,A
,RB Leipzig,Union Berlin,2.6,0.8,3.0,1.0,1.4,1.4,4,1,1,1,0,3,5,5,2.6,0.8,3.8,1.4,0.8,1.8,4,1,5,5,H
,Hertha,Bayern Munich,1.6,1.8,1.0,2.6,0.8,1.2,2,3,2,0,1,2,5,5,0.8,1.4,1.2,2.2,1.8,2.0,1,2,5,5,A
,Paderborn,Leverkusen,1.4,1.8,1.2,1.0,1.4,1.0,2,3,1,0,2,2,5,5,1.4,1.8,1.4,1.0,1.2,1.2,2,3,5,5,A
,Dortmund,FC Koln,2.0,2.4,3.6,2.0,1.6,1.0,3,4,1,0,1,1,5,5,2.2,0.6,3.0,1.2,1.2,2.6,3,1,5,5,H
,Ein Frankfurt,RB Leipzig,0.8,2.6,1.4,3.0,2.0,1.2,1,4,1,1,3,0,5,5,1.4,2.0,2.4,2.8,1.8,1.8,2,3,5,5,H
,Freiburg,Paderborn,1.4,1.4,1.2,1.0,1.4,1.6,2,2,1,1,2,2,5,5,2.0,0.8,1.4,0.8,1.2,2.2,3,1,5,5,A
,M'gladbach,Mainz,1.4,0.6,1.0,1.4,1.0,1.8,2,1,1,0,2,4,5,5,3.0,1.2,3.0,2.2,1.2,2.4,5,2,5,5,H
,Union Berlin,Augsburg,0.8,1.8,1.0,2.6,1.6,2.2,1,3,1,0,3,2,5,5,2.4,1.6,1.4,1.4,0.4,1.2,4,2,5,5,H
,Wolfsburg,Hertha,0.8,1.6,0.8,0.8,1.6,1.2,1,2,1,2,3,1,5,5,1.0,1.0,1.0,0.8,1.4,1.6,1,1,5,5,A
,Bayern Munich,Schalke 04,2.4,1.6,3.2,1.4,0.8,1.0,4,2,0,2,1,1,5,5,2.4,1.4,3.0,1.4,0.8,1.6,4,2,5,5,H
,Werder Bremen,Hoffenheim,0.6,1.2,0.4,1.6,2.6,2.0,1,2,0,0,4,3,5,5,0.4,2.4,0.8,2.0,2.2,1.4,0,4,5,5,A
,Leverkusen,Fortuna Dusseldorf,1.8,0.6,1.4,0.4,1.0,2.6,3,1,0,0,2,4,5,5,1.0,0.4,1.2,0.8,1.4,2.8,1,0,5,5,H
,Hertha,Schalke 04,2.0,1.6,0.8,1.2,1.0,1.6,3,2,1,2,1,1,5,5,0.8,1.4,0.8,1.4,2.0,2.2,1,2,5,5,D
,Augsburg,Werder Bremen,1.2,0.6,2.2,0.4,2.4,3.0,2,1,0,0,3,4,5,5,1.8,1.2,2.8,1.2,1.8,2.4,3,2,5,5,H
,Dortmund,Union Berlin,2.0,0.8,3.6,1.0,1.8,1.6,3,1,1,1,1,3,5,5,2.2,0.8,3.8,1.4,1.4,2.0,3,1,5,5,H
,Fortuna Dusseldorf,Ein Frankfurt,0.6,1.2,0.4,1.4,2.2,1.6,1,2,0,0,4,3,5,5,1.2,0.6,0.8,0.8,1.8,1.4,2,1,5,5,D
,Hoffenheim,Leverkusen,1.8,1.8,2.0,1.6,1.4,0.8,3,3,0,0,2,2,5,5,0.8,2.4,1.4,1.8,2.6,0.8,1,4,5,5,H
,Mainz,Bayern Munich,0.6,3.0,1.4,4.0,2.0,0.4,1,5,0,0,4,0,5,5,0.6,1.8,1.0,2.6,2.2,1.6,1,3,5,5,A
,RB Leipzig,M'gladbach,2.0,1.4,2.4,1.2,1.4,1.0,3,2,1,1,1,2,5,5,3.0,0.8,4.2,0.6,0.8,1.4,5,1,5,5,D
,FC Koln,Freiburg,2.4,0.8,2.2,1.0,1.6,1.8,4,1,0,1,1,3,5,5,2.0,1.0,1.6,1.4,0.8,1.8,3,1,5,5,H
,Paderborn,Wolfsburg,1.4,0.8,1.2,1.0,1.6,1.8,2,1,1,1,2,3,5,5,0.8,0.6,1.2,0.6,2.0,1.8,1,1,5,5,A
,Ein Frankfurt,Augsburg,1.4,1.2,1.6,1.8,1.6,2.2,2,2,1,0,2,3,5,5,1.4,1.4,2.2,1.4,1.8,1.6,2,2,5,5,H
,Freiburg,Hoffenheim,0.8,2.4,1.0,2.0,2.4,0.8,1,4,1,0,3,1,5,5,1.8,2.4,1.0,2.2,1.2,1.2,3,4,5,5,H
,Hertha,Mainz,1.6,0.6,0.6,1.6,1.0,1.8,2,1,2,0,1,4,5,5,1.0,1.2,0.4,2.4,1.2,2.8,1,2,5,5,A
,Schalke 04,Paderborn,1.2,1.2,1.0,1.4,1.6,2.2,1,2,3,0,1,3,5,5,2.2,1.4,2.0,1.2,1.2,1.6,3,2,5,5,D
,Werder Bremen,Union Berlin,0.6,0.6,0.4,0.8,2.2,2.4,1,1,0,0,4,4,5,5,0.2,0.2,0.6,0.8,2.6,2.6,0,0,5,5,A
,Wolfsburg,Fortuna Dusseldorf,0.8,0.8,1.4,0.6,2.0,1.8,1,1,1,1,3,3,5,5,0.8,0.4,1.2,0.8,1.8,3.0,1,0,5,5,D
,Leverkusen,Dortmund,1.8,2.0,1.8,3.8,0.8,1.8,3,3,0,1,2,1,5,5,1.4,1.8,1.4,2.4,1.0,2.0,2,3,5,5,H
,Bayern Munich,RB Leipzig,3.0,1.6,3.4,2.2,0.4,1.8,5,2,0,2,0,1,5,5,2.4,2.0,3.6,2.6,0.6,1.8,4,3,5,5,D
,Dortmund,Ein Frankfurt,1.8,2.0,3.8,2.2,2.0,0.8,3,3,0,1,2,1,5,5,2.2,0.8,4.2,1.0,1.4,1.4,3,1,5,5,H
,Augsburg,Freiburg,0.6,1.4,1.2,1.0,3.2,1.8,1,2,0,1,4,2,5,5,2.4,0.8,2.8,1.2,1.4,2.4,4,1,5,5,D
,Hoffenheim,Wolfsburg,1.8,0.8,1.6,1.4,1.0,2.0,3,1,0,1,2,3,5,5,1.4,1.2,1.6,1.4,1.8,1.6,2,2,5,5,A
,Paderborn,Hertha,1.4,1.0,1.6,0.6,2.0,1.6,2,1,1,2,2,2,5,5,0.8,1.4,1.6,1.0,2.6,1.6,1,2,5,5,A
,RB Leipzig,Werder Bremen,1.6,0.6,1.6,0.4,1.2,1.6,2,1,2,0,1,4,5,5,2.6,1.2,3.0,1.2,1.2,2.2,4,2,5,5,H
,Union Berlin,Leverkusen,1.2,2.4,1.2,2.6,2.0,1.2,2,4,0,0,3,1,5,5,2.4,1.8,1.4,1.6,0.4,1.2,4,3,5,5,A
,Fortuna Dusseldorf,M'gladbach,1.0,1.6,0.8,1.4,1.4,1.0,1,2,2,2,2,1,5,5,0.8,0.4,0.6,0.6,2.0,1.6,1,0,5,5,A
,FC Koln,Bayern Munich,2.4,2.6,2.6,2.8,1.6,0.2,4,4,0,1,1,0,5,5,2.6,2.4,2.2,3.0,0.4,0.8,4,4,5,5,A
,Mainz,Schalke 04,0.6,1.2,1.2,1.0,2.0,1.6,1,1,0,3,4,1,5,5,0.6,1.0,0.8,0.8,2.2,1.8,1,1,5,5,D
,Bayern Munich,Paderborn,2.6,0.8,3.2,1.4,0.4,2.2,4,1,1,1,0,3,5,5,2.0,1.6,2.8,1.4,0.6,1.2,3,2,5,5,H
,Freiburg,Fortuna Dusseldorf,1.4,0.4,0.8,0.6,1.6,2.0,2,0,1,2,2,3,5,5,1.8,0.4,0.8,0.4,1.0,2.6,3,0,5,5,A
,Hertha,FC Koln,1.4,1.8,1.0,2.0,1.8,2.0,2,3,1,0,2,2,5,5,1.0,0.6,0.4,1.2,1.4,3.0,1,1,5,5,A
,M'gladbach,Hoffenheim,1.6,1.2,1.8,1.6,1.2,1.4,2,2,2,0,1,3,5,5,3.0,1.8,2.8,1.6,1.0,1.0,5,3,5,5,D
,Werder Bremen,Dortmund,0.6,2.4,0.4,4.4,2.0,1.6,1,4,0,0,4,1,5,5,0.0,1.8,0.2,3.0,2.6,2.0,0,3,5,5,A
,Schalke 04,RB Leipzig,1.2,1.6,0.6,1.6,1.2,1.0,1,2,3,2,1,1,5,5,2.2,1.6,1.6,1.8,0.8,1.4,3,2,5,5,A
,Leverkusen,Augsburg,2.4,0.8,3.0,1.2,1.6,2.8,4,1,0,1,1,3,5,5,2.0,0.8,2.0,1.2,1.2,2.6,3,1,5,5,H
,Wolfsburg,Mainz,1.4,0.8,2.0,1.2,2.0,1.8,2,1,1,1,2,3,5,5,1.0,1.8,1.4,3.0,1.6,1.4,1,3,5,5,H
,Ein Frankfurt,Union Berlin,2.0,1.2,2.0,1.4,1.2,2.2,3,2,1,0,1,3,5,5,1.4,0.8,2.2,1.0,1.6,2.2,2,1,5,5,A
,Fortuna Dusseldorf,Hertha,1.0,1.4,1.0,1.0,1.8,2.0,1,2,2,1,2,2,5,5,0.8,2.0,0.8,1.4,2.0,1.6,1,3,5,5,D
,Augsburg,M'gladbach,0.8,1.6,0.6,2.0,2.2,1.4,1,2,1,2,3,1,5,5,2.0,1.0,2.2,1.4,1.6,1.4,3,1,5,5,A
,Dortmund,Freiburg,2.4,0.8,3.8,0.4,1.0,1.8,4,1,0,1,1,3,5,5,2.6,1.0,4.4,1.0,0.8,1.8,4,1,5,5,H
,Hoffenheim,Bayern Munich,1.4,2.6,1.6,3.0,1.2,0.8,2,4,1,1,2,0,5,5,1.2,2.4,1.8,3.0,2.2,1.0,2,4,5,5,A
,Mainz,Paderborn,0.8,0.8,1.0,1.6,2.2,2.0,1,1,1,1,3,3,5,5,0.2,1.4,0.4,1.2,2.0,1.2,0,2,5,5,H
,FC Koln,Schalke 04,1.8,0.6,2.8,0.2,2.0,2.2,3,0,0,3,2,2,5,5,2.4,0.6,2.2,0.4,1.0,1.6,4,0,5,5,H
,Union Berlin,Wolfsburg,1.8,2.0,1.6,2.6,1.8,1.4,3,3,0,1,2,1,5,5,1.8,1.2,1.6,1.6,1.0,2.0,3,2,5,5,D
,RB Leipzig,Leverkusen,1.6,2.4,2.0,2.6,0.8,1.4,2,4,2,0,1,1,5,5,2.6,1.8,2.8,1.8,1.0,1.4,4,3,5,5,D
,Paderborn,FC Koln,0.2,1.8,1.2,2.8,2.4,1.8,0,3,1,0,4,2,5,5,0.8,1.2,1.4,2.2,2.4,2.6,1,2,5,5,A
,Freiburg,Union Berlin,0.8,1.4,0.4,1.6,1.6,2.2,1,2,1,1,3,2,5,5,1.2,1.2,0.6,1.2,1.4,2.2,2,2,5,5,H
,Hertha,Werder Bremen,1.0,0.0,1.2,0.2,2.4,2.4,1,0,2,0,2,5,5,5,0.4,0.6,0.2,0.6,2.4,2.4,0,1,5,5,D
,Leverkusen,Ein Frankfurt,2.0,1.4,2.2,1.8,1.6,1.4,3,2,1,1,1,2,5,5,2.4,0.8,2.2,0.8,1.0,1.8,4,1,5,5,H
,Schalke 04,Hoffenheim,0.6,0.8,0.2,1.0,1.8,2.4,0,1,3,1,2,3,5,5,1.6,1.4,1.2,1.4,1.6,1.0,2,2,5,5,D
,Wolfsburg,RB Leipzig,2.2,1.8,2.8,2.2,1.4,0.6,3,2,2,3,0,0,5,5,1.6,1.6,1.8,2.2,1.0,1.0,2,2,5,5,D
,M'gladbach,Dortmund,2.2,2.4,2.6,3.0,1.4,0.8,3,4,2,0,0,1,5,5,2.6,1.8,2.4,3.0,1.0,1.8,4,3,5,5,A
,Bayern Munich,Augsburg,2.6,0.8,3.2,1.0,0.8,2.4,4,1,1,1,0,3,5,5,2.6,0.6,3.2,1.0,0.6,2.8,4,1,5,5,H
,Mainz,Fortuna Dusseldorf,1.4,1.2,1.2,1.6,1.6,1.8,2,1,1,3,2,1,5,5,0.8,0.8,0.8,0.6,1.2,2.4,1,1,5,5,D
,M'gladbach,FC Koln,1.6,2.4,2.2,3.0,1.6,1.0,2,4,2,0,1,1,5,5,2.0,1.8,1.8,2.4,1.0,2.0,3,3,5,5,H
,Augsburg,Wolfsburg,0.2,1.8,0.6,2.0,2.6,1.0,0,2,1,3,4,0,5,5,1.4,1.4,2.2,2.0,2.0,2.2,2,2,5,5,A
,Dortmund,Schalke 04,2.4,0.6,2.4,0.4,1.0,2.0,4,0,0,3,1,2,5,5,2.6,0.6,3.6,0.2,0.8,1.8,4,0,5,5,H
,Fortuna Dusseldorf,Paderborn,1.2,0.2,1.6,1.0,1.8,2.0,1,0,3,1,1,4,5,5,1.0,0.8,1.4,1.0,2.0,1.6,1,1,5,5,D
,Hoffenheim,Hertha,0.4,1.0,0.8,1.6,2.4,2.8,0,1,2,2,3,2,5,5,1.2,2.2,1.4,2.0,2.6,1.4,2,3,5,5,A
,RB Leipzig,Freiburg,1.8,1.4,1.8,1.0,0.2,1.0,2,2,3,1,0,2,5,5,2.2,1.0,2.4,1.0,1.0,1.8,3,1,5,5,D
,Ein Frankfurt,M'gladbach,0.8,2.0,1.4,2.2,2.2,1.4,1,3,1,1,3,1,5,5,1.4,1.6,2.4,1.8,1.6,1.4,2,2,5,5,A
,FC Koln,Mainz,1.8,1.6,2.4,1.2,1.4,1.2,3,2,0,2,2,1,5,5,2.4,1.2,2.4,2.0,1.0,2.0,4,2,5,5,D
,Union Berlin,Bayern Munich,1.4,2.6,1.8,3.0,1.8,0.6,2,4,1,1,2,0,5,5,1.4,3.0,1.6,4.0,1.4,0.6,2,5,5,5,A
,Werder Bremen,Leverkusen,0.2,2.6,0.6,2.8,2.2,1.2,0,4,1,1,4,0,5,5,0.0,2.0,0.0,2.0,2.6,1.2,0,3,5,5,A
,Hertha,Union Berlin,1.6,0.8,2.0,1.4,2.2,2.2,2,1,2,1,1,3,5,5,0.4,1.2,0.6,1.2,2.8,2.4,0,2,5,5,H
,Freiburg,Werder Bremen,1.0,0.2,1.0,0.6,1.2,2.6,1,0,2,1,2,4,5,5,1.2,0.8,1.0,0.8,1.6,1.6,2,1,5,5,A
,M'gladbach,Leverkusen,2.0,2.6,2.0,2.8,1.4,0.8,3,4,1,1,1,0,5,5,2.0,2.0,1.8,2.6,1.0,1.4,3,3,5,5,A
,Paderborn,Hoffenheim,0.2,0.4,0.8,0.8,1.8,2.8,0,0,1,2,4,3,5,5,0.6,1.6,1.4,1.4,2.6,0.6,1,2,5,5,D
,Wolfsburg,Dortmund,2.2,3.0,2.2,2.6,1.0,0.2,3,5,2,0,0,0,5,5,1.2,1.8,1.4,2.6,0.8,2.0,1,3,5,5,A
,Bayern Munich,Ein Frankfurt,3.0,0.6,3.4,1.4,0.6,2.6,5,1,0,0,0,4,5,5,2.6,0.8,2.4,0.8,0.4,2.4,4,1,5,5,H
,Schalke 04,Augsburg,0.4,0.2,0.2,0.8,2.6,2.0,0,0,2,1,3,4,5,5,1.2,0.0,1.2,0.2,1.8,2.8,1,0,5,5,A
,Mainz,RB Leipzig,1.2,1.8,1.0,2.0,1.4,0.4,1,2,3,3,1,0,5,5,1.0,1.2,1.0,1.6,1.2,1.0,1,1,5,5,A
,FC Koln,Fortuna Dusseldorf,2.0,1.2,2.6,1.4,1.0,1.6,3,1,1,3,1,1,5,5,2.0,1.0,2.6,0.8,1.4,1.6,3,1,5,5,D
,Dortmund,Bayern Munich,3.0,3.0,2.2,3.6,0.2,0.8,5,5,0,0,0,0,5,5,3.0,3.0,3.8,3.8,0.2,0.4,5,5,5,5,A
,Ein Frankfurt,Freiburg,0.0,0.8,0.8,0.8,3.6,1.2,0,1,0,1,5,3,5,5,1.2,1.0,2.2,0.8,1.8,1.6,2,1,5,5,D
,Leverkusen,Wolfsburg,2.6,1.6,2.8,1.6,0.6,1.0,4,2,1,2,0,1,5,5,2.4,2.0,2.6,2.4,0.8,2.0,4,3,5,5,A
,Werder Bremen,M'gladbach,0.8,1.8,0.8,2.0,2.2,1.8,1,3,1,0,3,2,5,5,0.0,2.0,0.2,2.4,3.2,1.6,0,3,5,5,D
,RB Leipzig,Hertha,1.8,1.6,2.4,2.4,0.4,2.0,2,2,3,2,0,1,5,5,1.8,2.6,2.0,2.2,1.0,1.0,2,4,5,5,D
,Augsburg,Paderborn,0.6,0.4,1.2,0.8,1.8,1.6,1,0,0,2,4,3,5,5,0.8,1.0,1.8,1.0,2.4,1.2,1,1,5,5,D
,Fortuna Dusseldorf,Schalke 04,1.4,0.2,1.6,0.2,1.2,3.2,1,0,4,1,0,4,5,5,0.6,0.4,1.0,0.0,1.8,2.4,0,0,5,5,H
,Hoffenheim,FC Koln,0.6,1.6,0.6,2.0,2.4,1.4,0,2,3,2,2,1,5,5,0.6,1.8,1.0,2.6,3.0,2.0,1,3,5,5,H
,Union Berlin,Mainz,0.8,1.0,1.0,1.0,2.4,2.4,1,1,1,2,3,2,5,5,0.8,1.4,1.2,2.2,1.8,2.0,1,2,5,5,D
,Freiburg,Leverkusen,1.0,2.0,1.4,2.6,1.4,1.4,1,3,2,1,2,1,5,5,1.2,2.0,0.8,2.4,1.2,1.4,2,3,5,5,A
,Hertha,Augsburg,1.8,0.8,2.8,1.2,1.4,1.4,2,1,3,1,0,3,5,5,1.0,0.6,1.4,0.6,2.0,2.2,1,1,5,5,H
,Mainz,Hoffenheim,1.2,1.0,1.2,1.0,1.8,2.4,1,1,3,2,1,2,5,5,1.0,1.2,0.8,1.2,1.8,0.8,1,1,5,5,A
,Schalke 04,Werder Bremen,0.2,1.0,0.4,0.8,2.6,1.6,0,1,1,2,4,2,5,5,1.0,1.4,0.8,1.0,2.0,1.4,1,2,5,5,A
,Wolfsburg,Ein Frankfurt,1.6,0.2,1.6,1.4,1.2,3.4,2,0,2,1,1,4,5,5,1.0,0.8,1.2,1.0,1.0,3.0,1,1,5,5,A
,Bayern Munich,Fortuna Dusseldorf,3.0,1.4,3.2,1.6,0.4,1.4,5,1,0,4,0,0,5,5,2.6,1.2,3.0,1.2,0.8,1.4,4,1,5,5,H
,M'gladbach,Union Berlin,1.4,0.4,1.4,0.8,1.4,2.4,2,0,1,2,2,3,5,5,1.4,1.2,1.6,1.0,1.6,2.6,2,2,5,5,H
,Paderborn,Dortmund,0.6,2.4,0.4,1.8,1.0,0.4,0,4,3,0,2,1,5,5,0.2,2.4,1.2,2.8,2.6,1.6,0,4,5,5,A
,FC Koln,RB Leipzig,1.0,1.4,1.6,1.8,2.0,0.8,1,1,2,4,2,0,5,5,1.6,1.6,2.4,2.0,1.6,0.4,2,2,5,5,A
,Werder Bremen,Ein Frankfurt,1.6,0.8,1.0,1.6,1.2,3.2,2,1,2,1,1,3,5,5,0.2,0.8,0.2,1.0,2.2,3.0,0,1,5,5,A
,Freiburg,M'gladbach,1.0,2.0,1.4,2.0,1.4,1.2,1,3,2,1,2,1,5,5,1.2,2.2,0.8,2.4,1.0,1.2,2,3,5,5,H
,Ein Frankfurt,Mainz,1.4,0.6,2.2,0.8,2.4,2.0,2,0,1,3,2,2,5,5,1.4,1.0,2.4,1.4,1.6,2.2,2,1,5,5,A
,Fortuna Dusseldorf,Hoffenheim,1.2,1.6,1.0,1.2,1.8,1.2,1,2,3,2,1,1,5,5,1.2,1.2,1.4,0.8,1.8,0.8,1,1,5,5,D
,Leverkusen,Bayern Munich,2.4,3.0,2.6,3.0,1.2,0.4,4,5,0,0,1,0,5,5,2.4,3.0,2.8,3.2,1.4,0.4,4,5,5,5,A
,RB Leipzig,Paderborn,1.8,0.6,2.4,0.6,1.0,1.8,2,0,3,3,0,2,5,5,1.4,0.6,1.8,0.6,1.2,1.2,1,0,5,5,D
,Dortmund,Hertha,2.4,2.2,2.8,2.6,0.6,0.8,4,3,0,2,1,0,5,5,2.4,2.2,2.8,2.4,0.2,1.4,4,3,5,5,H
,Werder Bremen,Wolfsburg,1.4,1.4,0.6,1.4,1.4,1.2,2,2,1,1,2,2,5,5,0.2,2.6,0.2,3.0,2.2,1.6,0,4,5,5,A
,Union Berlin,Schalke 04,0.2,0.2,0.6,0.4,2.8,2.2,0,0,1,1,4,4,5,5,1.0,0.4,1.4,0.2,1.6,1.8,1,0,5,5,D
,Augsburg,FC Koln,0.8,0.4,0.8,1.6,1.2,2.6,1,0,1,2,3,3,5,5,1.0,1.2,1.2,2.0,1.4,2.2,1,2,5,5,D
,Hoffenheim,RB Leipzig,1.6,1.8,1.4,2.6,1.4,1.2,2,2,2,3,1,0,5,5,1.2,2.2,1.4,2.8,2.8,0.4,2,3,5,5,A
,FC Koln,Union Berlin,0.6,0.4,1.6,0.6,2.4,2.4,0,0,3,2,2,3,5,5,1.0,1.2,2.0,1.2,2.4,2.4,1,2,5,5,A
,Fortuna Dusseldorf,Dortmund,1.2,2.4,1.2,2.6,2.0,0.4,1,4,3,0,1,1,5,5,1.2,2.4,1.6,3.0,2.0,1.2,1,4,5,5,A
,Hertha,Ein Frankfurt,2.0,1.4,2.2,2.0,0.6,2.2,3,2,1,1,1,2,5,5,1.4,1.2,1.8,1.4,2.0,2.8,2,2,5,5,A
,Paderborn,Werder Bremen,0.8,1.4,0.6,0.4,1.6,0.8,0,2,4,1,1,2,5,5,0.2,1.4,1.2,1.0,3.0,1.4,0,2,5,5,A
,Wolfsburg,Freiburg,1.8,1.0,1.6,1.0,1.2,1.2,3,1,0,2,2,2,5,5,1.0,0.6,1.2,1.0,1.0,2.0,1,0,5,5,D
,Bayern Munich,M'gladbach,3.0,1.4,3.4,1.6,0.8,1.2,5,2,0,1,0,2,5,5,2.6,2.0,3.0,2.0,0.8,1.0,4,3,5,5,H
,Mainz,Augsburg,1.0,1.0,1.0,1.0,1.8,1.0,1,1,2,2,2,2,5,5,1.0,0.6,0.6,0.6,1.4,2.2,1,1,5,5,A
,Schalke 04,Leverkusen,0.2,1.8,0.4,2.2,2.2,2.0,0,3,1,0,4,2,5,5,0.4,2.6,0.4,2.4,2.2,1.0,0,4,5,5,D
,M'gladbach,Wolfsburg,0.8,1.4,1.2,1.6,1.4,1.4,1,2,1,1,3,2,5,5,1.4,2.6,1.8,2.4,1.6,1.2,2,4,5,5,H
,Freiburg,Hertha,1.0,1.4,1.2,1.8,1.4,1.4,1,2,2,1,2,2,5,5,1.2,1.6,0.8,2.0,1.0,1.4,2,2,5,5,H
,Union Berlin,Paderborn,1.0,0.6,1.0,0.8,2.2,2.6,1,0,2,3,2,2,5,5,0.6,0.6,1.2,0.6,1.8,1.2,0,0,5,5,H
,Werder Bremen,Bayern Munich,1.4,3.0,1.2,3.4,1.0,1.0,2,5,1,0,2,0,5,5,0.2,3.0,0.2,3.4,2.0,0.6,0,5,5,5,A
,Ein Frankfurt,Schalke 04,2.0,0.4,2.4,0.6,1.4,1.6,3,0,1,2,1,3,5,5,0.8,0.4,2.0,0.4,2.0,2.0,1,0,5,5,H
,Augsburg,Hoffenheim,1.6,1.6,1.0,1.4,0.6,1.2,2,2,2,2,1,1,5,5,0.6,1.4,1.0,1.2,1.4,1.0,0,1,5,5,A
,Dortmund,Mainz,2.4,0.8,2.0,0.6,0.4,1.6,4,1,0,1,1,3,5,5,2.4,1.6,2.0,1.6,0.2,1.6,4,2,5,5,A
,Leverkusen,FC Koln,1.4,0.4,1.6,1.4,2.0,2.4,2,0,1,2,2,3,5,5,1.8,1.4,2.6,2.0,2.2,1.4,3,2,5,5,H
,RB Leipzig,Fortuna Dusseldorf,2.2,1.0,2.8,1.2,1.0,2.2,3,1,2,2,0,2,5,5,1.4,1.2,1.6,1.2,1.0,1.8,1,1,5,5,D
,Bayern Munich,Freiburg,3.0,1.6,2.6,1.6,0.6,1.4,5,2,0,2,0,1,5,5,3.0,0.8,3.4,1.4,1.0,1.6,5,0,5,5,H
,FC Koln,Ein Frankfurt,0.2,2.4,1.2,2.2,2.6,1.0,0,4,1,0,4,1,5,5,1.0,1.8,2.0,2.2,2.0,2.2,1,3,5,5,D
,Fortuna Dusseldorf,Augsburg,1.0,1.0,1.2,0.6,2.2,1.2,1,1,2,2,2,2,5,5,1.2,1.2,1.4,0.8,1.4,1.2,1,2,5,5,D
,Hertha,Leverkusen,0.8,1.4,1.2,1.6,1.8,2.0,1,2,1,1,3,2,5,5,1.4,2.2,1.8,2.0,2.2,0.8,2,3,5,5,H
,Hoffenheim,Union Berlin,2.0,1.6,1.8,1.2,1.2,1.4,3,2,1,2,1,1,5,5,0.6,1.2,1.0,1.2,3.0,2.6,1,2,5,5,H
,Mainz,Werder Bremen,1.4,1.2,1.0,1.2,0.6,1.2,2,2,1,0,2,3,5,5,0.8,2.0,0.6,1.8,1.6,1.2,1,3,5,5,H
,Paderborn,M'gladbach,0.4,1.4,0.6,1.6,2.6,0.8,0,2,2,1,3,2,5,5,0.2,1.4,1.0,1.4,3.2,1.2,0,2,5,5,A
,RB Leipzig,Dortmund,1.8,1.8,2.2,1.6,1.4,0.8,2,3,3,0,0,2,5,5,1.0,3.0,1.4,2.6,1.4,0.4,0,5,5,5,A
,Schalke 04,Wolfsburg,0.4,1.4,0.8,1.6,1.4,1.6,0,2,2,1,3,2,5,5,0.4,2.0,0.4,1.8,2.2,1.4,0,3,5,5,A
,Augsburg,RB Leipzig,1.0,1.6,0.8,1.8,1.4,1.4,1,2,2,2,2,1,5,5,0.4,2.6,1.0,3.2,1.8,0.4,0,4,5,5,A
,Dortmund,Hoffenheim,2.4,2.0,2.0,2.0,0.6,1.0,4,3,0,1,1,1,5,5,1.8,1.8,1.2,1.6,0.6,1.0,3,2,5,5,A
,Ein Frankfurt,Paderborn,2.0,0.2,2.0,0.8,1.0,3.2,3,0,1,1,1,4,5,5,0.8,0.6,1.4,0.2,2.2,0.8,1,0,5,5,H
,Freiburg,Schalke 04,1.4,0.4,1.2,0.8,1.4,1.8,2,0,1,2,2,3,5,5,1.8,0.2,1.2,0.6,0.8,2.4,3,0,5,5,H
,Leverkusen,Mainz,1.4,1.8,1.4,1.4,1.6,0.6,2,3,1,0,2,2,5,5,1.8,1.6,2.4,1.4,1.8,1.4,3,2,5,5,H
,M'gladbach,Hertha,1.8,1.2,2.2,1.2,1.0,1.4,3,2,0,0,2,3,5,5,1.8,1.0,2.2,1.8,1.4,1.6,3,1,5,5,H
,Union Berlin,Fortuna Dusseldorf,1.4,0.6,1.0,1.0,2.0,2.2,2,0,1,3,2,2,5,5,1.2,1.2,1.0,1.4,1.2,2.0,1,1,5,5,H
,Werder Bremen,FC Koln,0.6,0.4,1.2,1.2,1.8,2.2,1,0,0,2,4,3,5,5,0.2,0.8,0.2,1.2,1.8,2.0,0,1,5,5,H
,Wolfsburg,Bayern Munich,1.4,3.0,1.6,3.0,1.6,0.8,2,5,1,0,2,0,5,5,1.0,3.0,1.4,2.8,1.2,0.4,1,5,5,5,A
,Bayern Munich,Schalke 04,3.0,0.4,2.8,0.8,0.8,2.4,5,0,0,2,0,3,5,5,3.0,0.2,3.4,0.6,0.8,2.6,5,0,5,5,H
,Ein Frankfurt,Bielefeld,2.0,0.0,2.0,0.0,1.4,0.0,3,0,1,0,1,0,5,0,1.4,0.0,1.8,0.0,2.2,0.0,2,0,5,0,D
,FC Koln,Hoffenheim,0.4,2.0,1.0,2.6,2.6,1.0,0,3,2,1,3,1,5,5,0.6,2.2,1.6,2.2,2.2,0.8,0,3,5,5,A
,Stuttgart,Freiburg,1.4,2.0,1.0,2.0,1.8,1.2,2,3,1,1,2,1,5,5,1.6,0.6,1.2,1.4,0.6,2.0,2,0,5,5,A
,Union Berlin,Augsburg,2.0,1.0,1.4,1.0,1.2,1.4,3,1,1,2,1,2,5,5,1.6,1.4,1.2,1.0,0.8,1.0,2,2,5,5,A
,Werder Bremen,Hertha,1.2,0.6,2.4,1.0,1.4,1.8,2,1,0,0,3,4,5,5,0.8,0.8,1.2,1.4,1.2,1.4,1,1,5,5,A
,Dortmund,M'gladbach,1.8,1.8,0.8,1.8,1.2,1.0,3,3,0,0,2,2,5,5,1.2,1.4,1.0,1.4,1.4,1.0,2,2,5,5,H
,RB Leipzig,Mainz,1.6,1.8,1.4,1.4,1.2,0.6,2,3,2,0,1,2,5,5,0.8,1.6,1.2,1.4,1.6,0.8,0,2,5,5,H
,Wolfsburg,Leverkusen,1.4,1.4,1.4,1.4,2.0,1.6,2,2,1,1,2,2,5,5,0.4,2.0,0.6,1.8,2.0,1.0,0,3,5,5,D
,Hertha,Ein Frankfurt,1.2,2.2,1.8,2.2,1.8,1.2,2,3,0,2,3,0,5,5,2.0,2.0,2.2,2.4,1.2,1.6,3,3,5,5,A
,Augsburg,Dortmund,1.4,1.8,1.4,1.2,1.4,1.2,2,3,1,0,2,2,5,5,0.4,3.0,0.8,2.6,1.6,0.4,0,5,5,5,H
,Bielefeld,FC Koln,1.0,0.2,1.0,1.2,1.0,3.0,0,0,1,1,0,4,1,5,0.0,0.2,0.0,1.0,0.0,3.0,0,0,0,5,H
,Leverkusen,RB Leipzig,1.6,2.0,1.0,1.8,0.8,1.2,2,3,2,1,1,1,5,5,1.8,2.6,2.2,2.6,1.8,0.6,3,4,5,5,D
,Mainz,Stuttgart,1.2,1.4,1.2,1.4,1.2,1.2,2,2,0,1,3,2,5,5,0.8,0.2,0.8,0.4,1.8,3.0,1,0,5,5,A
,M'gladbach,Union Berlin,1.8,1.8,1.8,1.4,1.4,1.6,3,3,0,0,2,2,5,5,2.4,0.6,2.4,0.8,1.2,3.2,4,1,5,5,D
,Schalke 04,Werder Bremen,0.2,1.2,0.6,2.6,3.8,2.0,0,2,1,0,4,3,5,5,0.4,2.0,0.6,2.0,2.0,1.2,0,3,5,5,A
,Hoffenheim,Bayern Munich,2.4,3.0,2.8,3.6,1.0,0.4,4,5,0,0,1,0,5,5,1.2,3.0,1.4,2.4,2.4,0.4,2,5,5,5,H
,Freiburg,Wolfsburg,2.0,1.0,2.4,1.2,1.6,2.0,3,1,1,2,1,2,5,5,1.8,2.4,1.4,2.2,0.6,1.2,3,4,5,5,D
,Union Berlin,Mainz,1.4,1.2,1.2,1.4,1.6,1.8,2,2,1,0,2,3,5,5,1.6,1.4,1.4,1.2,1.0,1.0,2,2,5,5,H
,Dortmund,Freiburg,1.2,2.0,1.0,2.2,1.6,1.4,2,3,0,1,3,1,5,5,1.2,1.2,0.8,2.0,1.4,2.2,2,1,5,5,H
,Ein Frankfurt,Hoffenheim,2.2,3.0,2.0,3.6,1.2,0.8,3,5,2,0,0,0,5,5,1.6,2.6,1.8,2.6,1.8,1.0,2,4,5,5,H
,FC Koln,M'gladbach,0.2,2.0,1.0,1.8,2.8,1.2,0,3,1,1,4,1,5,5,0.4,0.8,1.6,0.8,2.4,1.4,0,1,5,5,A
,Stuttgart,Leverkusen,1.4,1.6,2.0,1.0,1.4,0.8,2,2,1,2,2,1,5,5,1.4,1.6,1.4,1.0,1.0,0.8,2,2,5,5,D
,Werder Bremen,Bielefeld,1.2,2.0,2.2,1.0,2.0,0.5,2,1,0,1,3,0,5,2,0.6,1.0,1.4,1.0,2.0,1.0,1,0,5,1,H
,RB Leipzig,Schalke 04,1.6,0.0,1.6,0.6,1.4,4.2,2,0,2,0,1,5,5,5,1.2,0.2,1.6,0.6,1.6,3.4,1,0,5,5,H
,Wolfsburg,Augsburg,1.0,1.4,1.0,1.6,1.8,1.4,1,2,2,1,2,2,5,5,0.4,2.0,0.6,1.6,2.0,0.8,0,3,5,5,D
,Bayern Munich,Hertha,2.4,1.2,3.4,1.8,1.0,1.6,4,2,0,0,1,3,5,5,3.0,0.8,4.6,1.6,0.8,1.6,5,1,5,5,H
,Augsburg,RB Leipzig,1.6,2.0,1.4,2.0,0.8,1.0,2,3,2,1,1,1,5,5,1.0,2.6,1.0,2.8,1.2,0.8,1,4,5,5,A
,Freiburg,Werder Bremen,1.4,1.8,1.8,2.4,2.0,1.8,2,3,1,0,2,2,5,5,2.0,2.4,1.6,2.2,0.6,1.0,3,4,5,5,D
,Hertha,Stuttgart,1.2,1.6,2.2,2.0,2.0,1.0,2,2,0,2,3,1,5,5,1.8,0.8,2.0,1.0,1.4,2.6,3,1,5,5,A
,Hoffenheim,Dortmund,2.4,1.8,3.2,1.8,1.0,1.2,4,3,0,0,1,2,5,5,1.8,2.4,2.2,2.2,1.4,0.6,3,4,5,5,A
,Mainz,Leverkusen,0.6,1.2,1.0,0.6,2.6,0.8,1,1,0,3,4,1,5,5,0.6,1.2,0.8,0.6,2.4,0.8,1,1,5,5,A
,Bielefeld,Bayern Munich,1.3333333333333333,2.4,0.6666666666666666,4.0,0.6666666666666666,1.6,1,4,1,0,1,1,3,5,3.0,2.4,1.0,2.2,0.0,1.2,1,4,1,5,A
,M'gladbach,Wolfsburg,2.0,1.2,1.8,1.0,1.4,1.2,3,1,1,3,1,1,5,5,2.0,2.0,2.2,2.0,1.2,1.2,3,3,5,5,D
,FC Koln,Ein Frankfurt,0.2,2.2,1.0,2.0,2.8,1.2,0,3,1,2,4,0,5,5,0.2,2.6,1.4,2.6,2.6,0.8,0,4,5,5,D
,Schalke 04,Union Berlin,0.0,1.4,0.4,1.8,4.6,1.6,0,2,0,1,5,2,5,5,0.2,0.8,0.6,0.8,2.4,2.8,0,1,5,5,D
,Stuttgart,FC Koln,1.6,0.2,1.8,1.0,1.0,2.8,2,0,2,1,1,4,5,5,1.4,0.2,1.4,0.8,1.0,2.8,2,0,5,5,D
,Bayern Munich,Ein Frankfurt,2.4,2.2,4.2,2.0,1.6,1.2,4,3,0,2,1,0,5,5,3.0,2.2,4.4,2.4,1.0,0.8,5,3,5,5,H
,Mainz,M'gladbach,0.0,1.6,0.4,1.4,2.6,1.4,0,2,0,2,5,1,5,5,0.6,1.2,0.8,1.4,1.6,1.6,1,2,5,5,A
,RB Leipzig,Hertha,2.6,0.6,2.4,1.8,0.6,2.4,4,1,1,0,0,4,5,5,1.6,0.6,2.0,1.8,1.2,2.0,2,1,5,5,H
,Union Berlin,Freiburg,1.6,1.6,2.0,1.8,1.0,1.6,2,2,2,2,1,1,5,5,2.0,1.0,2.0,1.8,0.8,2.8,3,1,5,5,D
,Dortmund,Schalke 04,1.8,0.2,1.6,0.4,1.2,4.0,3,0,0,1,2,4,5,5,1.8,0.2,1.6,0.4,1.2,3.8,3,0,5,5,H
,Wolfsburg,Bielefeld,0.8,1.0,0.4,0.75,1.2,1.5,0,1,4,1,1,2,5,4,0.6,0.5,0.6,0.5,1.6,1.0,0,0,5,2,H
,Werder Bremen,Hoffenheim,2.0,1.8,2.4,2.4,1.4,1.2,3,3,1,0,1,2,5,5,1.2,2.0,1.6,2.6,1.4,1.4,2,3,5,5,D
,Leverkusen,Augsburg,1.8,1.4,0.8,1.2,0.4,1.0,2,2,3,1,0,2,5,5,1.4,1.6,1.6,1.0,2.0,0.8,2,2,5,5,H
,Schalke 04,Stuttgart,0.2,1.6,0.4,2.0,3.8,1.2,0,2,1,2,4,1,5,5,0.4,1.4,0.8,1.4,2.0,2.0,0,2,5,5,D
,Augsburg,Mainz,1.4,0.0,1.2,0.8,1.2,3.0,2,0,1,0,2,5,5,5,0.8,1.2,1.0,1.0,1.6,1.6,1,2,5,5,H
,Bielefeld,Dortmund,0.8,2.4,0.8,2.2,1.6,0.4,1,4,1,0,3,1,5,5,1.5,2.4,1.0,2.0,2.0,0.6,1,4,2,5,A
,Ein Frankfurt,Werder Bremen,1.6,1.6,1.4,1.4,1.8,1.4,2,2,2,2,1,1,5,5,2.0,2.0,1.6,2.2,1.4,1.2,3,3,5,5,D
,FC Koln,Bayern Munich,0.4,2.4,1.0,4.4,1.8,1.6,0,4,2,0,3,1,5,5,0.4,2.4,1.2,2.8,2.0,1.4,0,4,5,5,A
,M'gladbach,RB Leipzig,1.6,2.6,1.6,2.4,1.6,0.6,2,4,2,1,1,0,5,5,2.2,2.6,2.2,2.2,0.8,0.8,3,4,5,5,H
,Freiburg,Leverkusen,1.2,1.8,1.2,1.2,1.8,0.6,1,2,3,3,1,0,5,5,2.2,1.2,1.8,0.6,0.6,0.8,3,1,5,5,A
,Hertha,Wolfsburg,0.6,1.4,1.8,0.8,2.4,0.6,1,1,0,4,4,0,5,5,1.2,1.6,1.2,1.4,1.8,1.2,2,2,5,5,D
,Hoffenheim,Union Berlin,1.4,1.2,1.8,1.6,1.4,1.2,2,1,1,3,2,1,5,5,1.8,1.0,2.2,1.0,1.0,2.2,3,1,5,5,A
,Werder Bremen,FC Koln,1.8,0.4,1.4,0.8,0.8,1.6,2,0,3,2,0,3,5,5,1.4,0.4,1.8,0.8,1.4,2.4,2,0,5,5,D
,Augsburg,Hertha,1.4,0.2,1.2,1.2,1.2,2.4,2,0,1,1,2,4,5,5,1.2,0.6,1.4,2.0,1.6,2.2,2,1,5,5,A
,Mainz,Schalke 04,0.0,0.4,0.8,0.6,3.0,2.4,0,0,0,2,5,3,5,5,0.6,0.0,1.2,0.2,2.0,4.2,1,0,5,5,D
,RB Leipzig,Freiburg,2.0,0.6,1.8,1.0,0.6,2.2,3,0,1,3,1,2,5,5,2.0,1.0,2.2,1.4,1.2,2.4,3,1,5,5,H
,Stuttgart,Ein Frankfurt,1.8,1.6,1.8,1.4,0.8,1.8,2,2,3,2,0,1,5,5,1.6,1.6,1.6,1.8,1.0,1.8,2,2,5,5,D
,Union Berlin,Bielefeld,1.8,0.6,2.0,0.6,0.8,1.8,2,1,3,0,0,4,5,5,2.0,0.3333333333333333,2.0,0.6666666666666666,0.8,1.3333333333333333,3,0,5,3,H
,Dortmund,Bayern Munich,2.4,2.4,2.0,3.2,0.4,1.8,4,4,0,0,1,1,5,5,1.8,2.4,2.0,2.4,1.2,1.2,3,4,5,5,A
,Wolfsburg,Hoffenheim,1.4,0.8,1.0,1.4,0.8,1.6,1,1,4,1,0,3,5,5,1.2,2.0,0.8,2.4,1.4,1.2,1,3,5,5,H
,Leverkusen,M'gladbach,2.2,2.2,2.0,1.8,1.0,1.0,3,3,2,2,0,0,5,5,2.0,1.8,2.0,2.0,1.4,1.8,3,3,5,5,H
,Bayern Munich,Werder Bremen,3.0,1.4,3.6,1.0,1.4,0.8,5,1,0,4,0,0,5,5,3.0,1.6,4.4,2.2,1.0,1.4,5,2,5,5,D
,Bielefeld,Leverkusen,0.0,2.6,0.4,2.6,2.8,1.4,0,4,0,1,5,0,5,5,1.0,1.6,0.6666666666666666,1.2,2.0,1.0,1,2,3,5,A
,Hoffenheim,Stuttgart,0.2,1.4,0.8,1.4,1.8,1.0,0,1,1,4,4,0,5,5,1.2,1.6,1.8,1.6,1.4,1.0,2,2,5,5,D
,M'gladbach,Augsburg,2.0,0.8,2.2,0.8,1.6,1.8,3,1,1,1,1,3,5,5,2.2,1.6,1.6,1.2,0.6,1.0,3,2,5,5,D
,Schalke 04,Wolfsburg,0.6,1.8,0.8,1.2,2.2,0.8,0,2,3,3,2,0,5,5,0.6,1.2,1.0,1.4,2.0,1.4,0,1,5,5,A
,Ein Frankfurt,RB Leipzig,1.2,2.4,1.2,2.2,2.0,0.4,1,4,3,0,1,1,5,5,2.2,2.0,1.8,1.4,1.2,0.6,3,3,5,5,D
,Hertha,Dortmund,0.8,2.4,1.6,2.4,1.8,0.6,1,4,1,0,3,1,5,5,0.8,2.4,1.0,1.2,2.0,0.4,1,4,5,5,A
,Freiburg,Mainz,0.4,0.2,0.8,1.0,2.6,2.6,0,0,2,1,3,4,5,5,1.6,0.6,2.0,0.8,1.4,2.2,2,1,5,5,A
,FC Koln,Union Berlin,0.6,2.2,1.0,2.8,1.6,0.6,0,3,3,2,2,0,5,5,0.4,1.6,1.2,1.4,2.0,1.6,0,2,5,5,A
,Wolfsburg,Werder Bremen,2.2,1.0,1.6,1.0,0.8,1.0,3,0,2,5,0,0,5,5,1.6,1.2,0.8,1.4,1.2,1.4,2,1,5,5,H
,Augsburg,Freiburg,0.8,0.4,1.0,1.0,2.0,2.4,1,0,1,2,3,3,5,5,1.2,0.8,1.2,1.0,1.6,2.6,2,1,5,5,D
,Dortmund,FC Koln,2.4,0.6,2.6,1.0,1.0,1.4,4,0,0,3,1,2,5,5,1.8,0.4,2.4,0.8,1.4,2.4,3,0,5,5,A
,RB Leipzig,Bielefeld,2.0,0.0,1.6,0.6,0.6,3.0,3,0,1,0,1,5,5,5,2.4,0.25,2.4,0.5,0.8,2.25,4,0,5,4,H
,Stuttgart,Bayern Munich,1.4,2.6,1.8,3.0,1.4,1.0,1,4,4,1,0,0,5,5,1.2,2.4,1.8,2.8,1.4,1.6,1,4,5,5,A
,Union Berlin,Ein Frankfurt,2.2,0.8,2.4,1.0,0.8,2.0,3,0,2,4,0,1,5,5,2.0,1.2,2.8,1.4,0.8,2.0,3,1,5,5,D
,M'gladbach,Schalke 04,1.6,0.6,1.8,0.8,1.6,1.8,2,0,2,3,1,2,5,5,1.8,0.2,1.2,0.4,0.8,4.2,2,0,5,5,H
,Leverkusen,Hertha,3.0,0.8,2.8,1.4,1.4,2.0,5,1,0,1,0,3,5,5,2.6,1.2,2.4,2.4,1.2,1.8,4,2,5,5,D
,Mainz,Hoffenheim,0.8,0.4,1.6,1.2,2.0,2.0,1,0,1,2,3,3,5,5,0.8,1.4,1.6,2.0,2.2,1.4,1,2,5,5,D
,Hertha,Union Berlin,1.0,2.2,1.4,2.8,1.6,1.2,1,3,2,2,2,0,5,5,0.8,1.6,1.2,1.4,2.2,1.6,1,2,5,5,H
,Bielefeld,Mainz,0.0,1.0,0.6,1.8,2.6,2.0,0,1,0,2,5,2,5,5,0.75,0.6,0.75,1.0,2.0,2.4,1,1,4,5,H
,Ein Frankfurt,Dortmund,0.8,1.8,1.4,2.6,2.4,1.4,0,3,4,0,1,2,5,5,1.8,2.4,1.6,2.0,1.2,0.8,2,4,5,5,D
,FC Koln,Wolfsburg,1.0,2.6,1.2,2.4,1.4,1.2,1,4,2,1,2,0,5,5,0.2,1.8,1.2,1.8,2.2,0.8,0,2,5,5,D
,Freiburg,M'gladbach,0.4,2.0,1.0,2.4,2.4,1.6,0,3,2,1,3,1,5,5,1.0,1.8,1.8,2.4,1.8,2.2,1,3,5,5,D
,Bayern Munich,RB Leipzig,2.6,2.0,2.8,1.6,1.0,0.8,4,3,1,1,0,1,5,5,2.6,1.6,4.2,1.2,1.0,0.8,4,2,5,5,D
,Werder Bremen,Stuttgart,0.8,0.8,1.4,1.6,1.8,2.0,0,0,4,4,1,1,5,5,1.6,1.8,2.0,2.0,1.4,1.0,2,2,5,5,A
,Schalke 04,Leverkusen,0.4,2.6,0.8,2.6,2.4,1.4,0,4,2,1,3,0,5,5,0.4,2.2,0.8,1.6,2.2,0.8,0,3,5,5,A
,Hoffenheim,Augsburg,0.6,1.0,1.4,1.2,2.0,1.8,0,1,3,2,2,2,5,5,1.4,1.2,2.4,1.2,1.6,1.2,2,1,5,5,H
,Wolfsburg,Ein Frankfurt,2.2,1.0,2.4,1.6,1.4,1.6,3,0,2,5,0,0,5,5,2.2,1.2,1.8,1.8,1.0,2.4,3,1,5,5,H
,Dortmund,Stuttgart,1.4,1.2,2.2,1.8,1.6,2.0,2,1,1,3,2,1,5,5,1.8,2.2,2.6,2.4,1.0,1.2,3,3,5,5,A
,Freiburg,Bielefeld,0.4,0.6,1.2,0.8,2.6,2.4,0,1,2,0,3,4,5,5,0.6,0.2,1.4,0.6,2.2,2.2,0,0,5,5,H
,Mainz,FC Koln,1.0,1.0,1.6,1.4,1.8,1.6,1,1,2,2,2,2,5,5,0.4,1.0,1.2,1.0,2.2,2.0,0,1,5,5,A
,M'gladbach,Hertha,1.6,1.6,2.2,1.8,1.6,1.4,2,2,2,2,1,1,5,5,1.8,1.4,1.6,2.2,0.8,1.4,2,2,5,5,D
,RB Leipzig,Werder Bremen,1.6,0.6,1.8,1.4,1.2,2.0,2,0,2,3,1,2,5,5,3.0,1.2,2.8,1.8,0.6,1.8,5,1,5,5,H
,Union Berlin,Bayern Munich,2.0,2.2,2.8,2.4,1.6,1.6,3,3,1,2,1,0,5,5,1.6,2.4,2.8,2.6,1.4,1.8,2,4,5,5,D
,Augsburg,Schalke 04,1.0,0.4,1.2,0.8,1.8,2.4,1,0,2,2,2,3,5,5,1.4,0.2,1.2,0.6,1.4,4.2,2,0,5,5,D
,Leverkusen,Hoffenheim,2.6,1.0,2.6,1.8,1.2,2.0,4,1,1,2,0,2,5,5,2.2,1.0,1.8,1.4,1.0,1.6,3,1,5,5,H
,Ein Frankfurt,M'gladbach,0.8,1.2,1.6,2.2,1.8,1.8,0,1,4,3,1,1,5,5,1.4,1.4,1.2,2.2,1.0,2.4,1,2,5,5,D
,Hertha,Mainz,1.6,1.0,1.8,1.4,1.4,1.4,2,1,2,2,1,2,5,5,0.8,0.6,1.4,1.2,2.4,2.6,1,1,5,5,D
,Stuttgart,Union Berlin,1.6,1.6,2.6,2.4,2.0,1.6,2,2,2,2,1,1,5,5,0.6,1.6,1.4,1.6,2.0,1.4,0,2,5,5,D
,Werder Bremen,Dortmund,0.4,0.8,1.2,2.0,2.2,2.6,0,1,2,1,3,3,5,5,1.0,2.0,1.0,1.8,1.6,1.0,1,3,5,5,A
,Schalke 04,Freiburg,0.4,1.0,1.0,1.2,2.6,1.8,0,1,2,2,3,2,5,5,0.4,1.0,0.6,1.0,2.0,2.2,0,1,5,5,A
,Bayern Munich,Wolfsburg,1.8,2.6,2.2,2.6,1.6,1.4,2,4,3,1,0,0,5,5,2.2,1.4,4.2,1.4,1.4,1.0,3,1,5,5,H
,Bielefeld,Augsburg,0.6,0.6,0.8,1.0,2.4,2.0,1,0,0,3,4,2,5,5,1.2,1.0,1.0,1.2,1.8,1.6,2,1,5,5,A
,FC Koln,Leverkusen,1.6,2.6,1.4,2.6,1.2,1.0,2,4,2,1,1,0,5,5,0.4,2.6,1.2,2.2,2.0,0.8,0,4,5,5,A
,Hoffenheim,RB Leipzig,1.0,2.2,1.8,2.2,2.2,1.0,1,3,2,2,2,0,5,5,1.4,1.2,2.2,1.4,1.8,1.2,2,1,5,5,A
,Union Berlin,Dortmund,1.2,1.4,1.8,2.0,2.0,2.2,1,2,3,1,1,2,5,5,1.8,2.6,2.8,2.2,1.0,0.8,2,4,5,5,H
,Augsburg,Ein Frankfurt,1.2,0.8,1.2,1.8,1.4,2.0,1,0,3,4,1,1,5,5,1.0,0.6,1.2,1.4,1.8,2.6,1,0,5,5,A
,Mainz,Werder Bremen,1.0,0.2,1.0,1.2,1.0,2.4,1,0,2,1,2,4,5,5,0.4,0.6,1.0,1.2,1.6,2.0,0,0,5,5,A
,M'gladbach,Hoffenheim,1.4,1.0,2.2,1.6,1.6,2.0,1,1,4,2,0,2,5,5,1.8,0.4,1.6,1.0,0.8,2.0,2,0,5,5,A
,RB Leipzig,FC Koln,2.2,1.4,1.8,1.2,1.0,1.8,3,2,2,1,0,2,5,5,3.0,1.6,2.6,1.0,0.4,0.8,5,2,5,5,D
,Schalke 04,Bielefeld,0.2,0.6,0.6,0.8,2.6,1.6,0,1,1,0,4,4,5,5,0.4,0.0,0.4,0.4,1.8,2.4,0,0,5,5,A
,Leverkusen,Bayern Munich,2.6,1.8,2.6,2.0,0.4,1.4,4,2,1,3,0,0,5,5,2.2,2.6,2.4,2.6,1.2,1.2,3,4,5,5,A
,Freiburg,Hertha,1.6,1.2,1.6,1.2,1.2,1.4,2,1,2,3,1,1,5,5,1.0,1.0,1.6,1.6,2.0,1.4,1,1,5,5,H
,Wolfsburg,Stuttgart,2.0,1.6,2.4,2.6,1.6,2.0,3,2,1,2,1,1,5,5,2.6,2.2,2.2,2.6,1.2,1.2,4,3,5,5,H
,Bielefeld,M'gladbach,1.2,1.2,0.8,2.2,1.2,1.8,2,1,0,3,3,1,5,5,0.6,1.6,0.8,2.8,2.0,2.4,1,2,5,5,A
,Ein Frankfurt,Leverkusen,1.2,2.0,2.0,2.4,1.8,0.6,1,3,3,1,1,1,5,5,1.4,3.0,1.6,2.8,1.4,0.6,1,5,5,5,H
,FC Koln,Augsburg,1.6,1.0,1.0,1.0,1.4,1.6,2,1,2,2,1,2,5,5,0.4,1.0,1.0,0.8,2.2,1.4,0,1,5,5,A
,Hoffenheim,Freiburg,1.4,2.2,1.4,2.2,1.6,0.8,2,3,1,2,2,0,5,5,0.8,1.0,1.4,0.8,1.8,1.8,1,1,5,5,A
,Werder Bremen,Union Berlin,0.6,1.2,1.2,1.8,2.2,2.0,1,1,0,3,4,1,5,5,1.0,1.6,1.0,1.8,1.2,1.6,1,2,5,5,A
,Hertha,Schalke 04,1.2,0.2,1.0,0.6,1.2,2.4,1,0,3,1,1,4,5,5,1.0,0.4,1.2,1.0,1.8,3.0,1,0,5,5,H
,Stuttgart,RB Leipzig,1.4,2.2,2.0,1.6,1.6,0.8,2,3,1,2,2,0,5,5,0.8,1.6,1.4,1.4,1.8,1.0,0,2,5,5,A
,Dortmund,Wolfsburg,0.8,2.0,1.2,2.2,2.2,1.6,1,3,1,1,3,1,5,5,1.2,1.2,2.2,1.4,2.0,1.2,2,1,5,5,H
,Bayern Munich,Mainz,2.2,0.4,2.2,0.4,1.4,1.0,3,0,2,2,0,3,5,5,2.2,0.8,3.0,1.0,1.6,2.0,3,1,5,5,H
,M'gladbach,Bayern Munich,1.2,2.2,1.6,2.6,1.6,1.6,1,3,3,2,1,0,5,5,1.6,2.6,1.6,2.2,1.0,1.2,2,4,5,5,H
,Freiburg,FC Koln,2.6,1.0,2.6,0.6,0.8,1.4,4,1,1,2,0,2,5,5,1.4,1.8,2.2,1.0,2.0,0.6,2,2,5,5,H
,Leverkusen,Werder Bremen,1.8,0.6,2.6,0.6,1.0,1.6,3,1,0,0,2,4,5,5,2.0,1.0,2.4,1.2,1.4,1.8,3,1,5,5,D
,Mainz,Ein Frankfurt,0.2,1.6,0.6,1.8,1.8,1.4,0,2,1,2,4,1,5,5,0.4,1.0,1.0,1.6,1.6,2.4,0,1,5,5,A
,Schalke 04,Hoffenheim,0.2,1.2,0.4,1.4,2.2,2.0,0,2,1,0,4,3,5,5,0.2,1.0,0.2,1.2,1.8,1.8,0,1,5,5,H
,Union Berlin,Wolfsburg,1.6,1.4,1.6,1.2,1.4,1.4,2,2,2,1,1,2,5,5,1.8,1.0,2.4,1.2,1.2,1.4,2,1,5,5,D
,RB Leipzig,Dortmund,2.2,1.4,1.4,1.4,0.6,1.8,3,2,2,1,0,2,5,5,2.6,2.0,1.8,2.2,0.4,1.2,4,3,5,5,A
,Augsburg,Stuttgart,1.4,1.4,1.0,1.8,1.4,1.2,2,2,1,1,2,2,5,5,1.0,1.6,1.2,2.2,1.8,1.4,1,2,5,5,A
,Bielefeld,Hertha,1.2,1.6,0.6,1.6,1.0,1.2,2,2,0,2,3,1,5,5,0.6,1.0,0.6,1.2,1.4,1.4,1,1,5,5,H
,Union Berlin,Leverkusen,1.8,1.4,1.8,2.2,1.2,1.2,2,2,3,1,0,2,5,5,1.8,2.4,2.6,2.8,1.4,1.0,2,4,5,5,H
,Dortmund,Mainz,1.8,0.2,1.8,0.4,1.8,1.8,3,0,0,1,2,4,5,5,1.2,0.8,1.8,1.4,2.0,2.2,2,1,5,5,D
,FC Koln,Hertha,0.8,1.0,0.2,1.0,2.0,1.2,1,1,1,2,3,2,5,5,0.2,1.0,0.8,1.0,2.2,1.2,0,1,5,5,D
,Hoffenheim,Bielefeld,0.6,1.2,0.8,0.4,2.6,0.8,1,2,0,0,4,3,5,5,0.8,0.6,1.6,0.6,2.2,2.2,1,1,5,5,D
,Werder Bremen,Augsburg,0.8,1.4,0.6,1.0,1.4,1.6,1,2,1,1,3,2,5,5,0.4,1.4,0.8,1.0,1.6,1.4,0,2,5,5,H
,Wolfsburg,RB Leipzig,1.4,2.0,1.2,1.0,1.4,0.6,2,3,1,1,2,1,5,5,3.0,1.6,2.4,1.2,1.2,1.0,5,2,5,5,D
,Stuttgart,M'gladbach,1.4,1.6,2.2,1.8,1.2,1.6,2,2,1,2,2,1,5,5,0.6,1.6,1.2,2.4,1.8,2.2,0,2,5,5,D
,Bayern Munich,Freiburg,2.0,3.0,2.4,3.2,1.6,0.4,3,5,1,0,1,0,5,5,2.2,1.6,3.2,1.4,1.4,1.2,3,2,5,5,H
,Ein Frankfurt,Schalke 04,2.0,0.8,2.0,1.2,1.2,1.6,3,1,1,1,1,3,5,5,1.4,0.4,1.6,1.0,1.4,2.8,1,0,5,5,H
,M'gladbach,Werder Bremen,1.6,1.4,2.0,1.0,1.8,1.0,2,2,2,1,1,2,5,5,1.6,1.0,2.0,1.2,1.4,1.8,2,1,5,5,H
,Hertha,Hoffenheim,1.0,0.8,0.8,0.6,1.0,1.8,1,1,2,1,2,3,5,5,1.6,0.8,1.8,1.0,1.4,2.4,2,1,5,5,A
,Leverkusen,Dortmund,0.8,2.0,1.4,1.8,1.2,1.0,1,3,1,1,3,1,5,5,1.6,2.0,2.0,2.4,1.4,1.4,2,3,5,5,H
,Mainz,Wolfsburg,0.4,1.0,0.6,1.2,1.8,1.6,0,1,2,2,3,2,5,5,0.4,1.0,0.6,1.4,1.4,1.6,0,1,5,5,A
,Schalke 04,FC Koln,0.6,0.4,1.0,0.0,1.8,2.0,1,0,0,2,4,3,5,5,0.6,1.6,0.8,0.8,1.6,1.4,1,2,5,5,A
,Augsburg,Bayern Munich,1.2,2.4,0.6,2.6,1.6,1.6,2,4,0,0,3,1,5,5,0.4,2.0,0.8,2.2,2.4,1.6,0,3,5,5,A
,Bielefeld,Stuttgart,1.4,1.0,0.4,1.6,0.4,1.4,2,1,1,2,2,2,5,5,1.2,2.0,0.8,2.8,1.0,1.4,2,3,5,5,H
,Freiburg,Ein Frankfurt,2.4,2.6,3.0,2.4,0.8,1.0,4,4,0,1,1,0,5,5,2.0,1.6,2.8,2.0,1.2,1.4,3,2,5,5,D
,RB Leipzig,Union Berlin,1.6,2.2,1.0,1.8,1.0,1.0,2,3,2,2,1,0,5,5,2.0,2.0,1.6,2.0,0.8,1.4,3,3,5,5,H
,M'gladbach,Dortmund,2.0,1.4,1.6,1.6,1.2,1.2,3,2,1,1,1,2,5,5,2.0,1.4,2.0,1.6,1.2,1.4,3,2,5,5,H
,Augsburg,Union Berlin,0.6,2.0,0.4,1.4,1.8,0.8,1,3,0,1,4,1,5,5,0.4,1.4,0.8,1.4,2.0,1.4,0,2,5,5,H
,Bielefeld,Ein Frankfurt,2.0,2.6,1.0,2.2,0.2,0.8,3,4,1,1,1,0,5,5,1.8,1.6,1.2,2.0,0.6,1.4,3,2,5,5,A
,Freiburg,Stuttgart,2.0,0.8,3.0,1.2,1.2,1.6,3,1,1,1,1,3,5,5,2.2,1.8,3.0,2.2,1.0,1.4,3,3,5,5,H
,Leverkusen,Wolfsburg,0.8,1.6,1.0,1.4,1.4,1.2,1,2,1,2,3,1,5,5,1.6,1.0,1.6,1.4,1.0,1.6,2,1,5,5,A
,Mainz,RB Leipzig,0.2,1.6,0.6,1.0,2.2,1.0,0,2,1,2,4,1,5,5,0.2,1.8,0.2,1.6,1.4,1.2,0,2,5,5,H
,Hertha,Werder Bremen,0.8,1.4,0.8,0.8,1.6,0.8,1,2,1,1,3,2,5,5,1.4,0.8,1.6,1.0,1.8,1.8,2,1,5,5,A
,Schalke 04,Bayern Munich,0.6,2.4,1.2,2.4,1.8,1.4,1,4,0,0,4,1,5,5,0.6,2.0,1.0,1.8,1.6,1.2,1,3,5,5,A
,Hoffenheim,FC Koln,1.4,1.0,1.2,0.4,1.6,1.4,2,1,1,2,2,2,5,5,1.0,2.0,1.4,1.0,1.6,1.4,1,3,5,5,H
,Stuttgart,Mainz,0.8,0.8,1.4,1.2,1.8,2.4,1,1,1,1,3,3,5,5,0.6,1.0,1.4,1.4,2.0,1.8,0,1,5,5,H
,Bayern Munich,Hoffenheim,2.4,1.4,2.8,1.4,1.2,1.4,4,2,0,1,1,2,5,5,2.2,1.4,2.6,1.4,1.6,2.0,3,2,5,5,H
,Dortmund,Augsburg,1.4,1.2,1.8,0.8,1.6,1.6,2,2,1,0,2,3,5,5,0.8,1.4,1.4,0.8,2.2,1.2,1,2,5,5,H
,Ein Frankfurt,Hertha,2.6,0.8,2.8,0.8,1.0,1.6,4,1,1,1,0,3,5,5,1.8,0.6,2.0,0.4,1.4,1.2,2,0,5,5,H
,Union Berlin,M'gladbach,1.4,2.6,1.2,2.2,1.0,1.2,2,4,1,1,2,0,5,5,1.8,1.2,1.8,2.2,1.4,2.2,2,1,5,5,D
,Werder Bremen,Schalke 04,1.4,0.6,1.4,1.2,1.0,2.4,2,1,1,0,2,4,5,5,0.8,0.4,1.0,1.2,1.4,2.8,1,0,5,5,D
,RB Leipzig,Leverkusen,1.4,0.8,1.4,0.8,1.6,1.2,2,1,1,1,2,3,5,5,2.0,1.8,1.2,2.0,0.8,0.8,3,3,5,5,H
,FC Koln,Bielefeld,0.8,1.4,0.4,1.0,2.0,1.2,1,2,1,1,3,2,5,5,0.4,0.8,0.6,0.4,1.8,1.8,0,1,5,5,H
,Wolfsburg,Freiburg,1.6,2.0,1.4,2.6,1.2,1.2,2,3,2,1,1,1,5,5,2.6,1.4,2.4,1.4,1.4,1.4,4,2,5,5,H
,Hertha,Bayern Munich,0.2,2.4,0.4,2.6,2.2,1.0,0,4,1,0,4,1,5,5,1.4,2.0,1.4,2.0,1.6,1.0,2,3,5,5,A
,Augsburg,Wolfsburg,0.6,2.2,0.8,2.0,2.2,0.8,1,3,0,2,4,0,5,5,0.8,1.4,1.0,1.2,2.0,1.2,1,2,5,5,A
,Freiburg,Dortmund,1.4,1.4,2.0,2.0,1.6,1.8,2,2,1,1,2,2,5,5,2.6,1.2,3.0,1.8,0.8,2.0,4,2,5,5,H
,Leverkusen,Stuttgart,0.8,1.4,0.6,1.8,1.0,1.6,1,2,1,1,3,2,5,5,1.4,1.2,1.6,2.0,1.2,1.6,2,2,5,5,H
,Mainz,Union Berlin,0.8,1.0,0.8,1.0,1.8,1.2,1,1,1,2,3,2,5,5,0.6,0.8,0.6,1.2,1.6,1.6,1,1,5,5,H
,Schalke 04,RB Leipzig,0.8,1.4,1.4,1.4,2.0,1.6,1,2,1,1,3,2,5,5,0.6,1.6,1.0,1.8,1.8,1.6,1,2,5,5,A
,M'gladbach,FC Koln,2.2,1.4,2.2,1.0,1.4,2.0,3,2,2,1,0,2,5,5,2.0,1.4,2.0,0.6,1.4,1.8,3,2,5,5,A
,Hoffenheim,Ein Frankfurt,1.4,2.6,1.4,3.0,1.6,1.0,2,4,1,1,2,0,5,5,1.4,2.0,1.4,2.4,1.0,1.0,2,3,5,5,A
,RB Leipzig,Augsburg,2.0,0.6,1.8,0.6,1.0,1.8,3,1,1,0,1,4,5,5,2.0,1.2,1.0,0.8,0.6,1.6,3,2,5,5,H
,Dortmund,Hoffenheim,0.8,1.4,1.6,1.6,2.0,1.4,1,2,1,1,3,2,5,5,1.4,1.2,1.6,1.4,1.8,2.6,2,2,5,5,D
,Leverkusen,Mainz,1.2,1.4,1.4,1.0,1.2,1.4,2,2,0,1,3,2,5,5,1.4,0.4,1.8,0.8,1.4,2.0,2,0,5,5,D
,Stuttgart,Hertha,0.8,0.2,1.4,0.4,2.4,2.2,1,0,1,1,3,4,5,5,1.0,0.4,1.4,0.6,1.6,1.8,1,0,5,5,D
,Werder Bremen,Freiburg,1.6,1.4,1.6,1.4,0.8,1.8,2,2,2,1,1,2,5,5,0.8,1.4,1.0,1.4,1.4,1.4,1,2,5,5,D
,Union Berlin,Schalke 04,0.8,0.2,0.6,0.6,1.0,2.6,1,0,1,1,3,4,5,5,1.8,0.4,1.4,1.0,1.0,2.6,2,0,5,5,D
,Ein Frankfurt,FC Koln,2.6,2.0,3.2,1.4,1.2,1.2,4,3,1,1,0,1,5,5,2.2,1.4,2.4,0.8,1.4,2.0,3,2,5,5,H
,Wolfsburg,M'gladbach,2.6,1.6,2.0,1.8,0.4,1.4,4,2,1,2,0,1,5,5,2.6,1.4,2.6,1.8,1.2,1.6,4,1,5,5,D
,Bayern Munich,Bielefeld,3.0,1.4,2.4,1.2,0.4,1.6,5,2,0,1,0,2,5,5,2.6,0.8,3.2,0.6,1.6,1.4,4,1,5,5,D
,Bielefeld,Wolfsburg,1.0,2.6,1.6,1.6,2.2,0.0,1,4,2,1,2,0,5,5,1.2,2.0,1.0,1.4,1.4,0.8,2,3,5,5,A
,Ein Frankfurt,Bayern Munich,2.6,2.6,3.0,2.6,1.0,0.8,4,4,1,1,0,0,5,5,2.6,2.4,2.6,2.0,1.2,0.8,4,4,5,5,H
,FC Koln,Stuttgart,1.8,0.8,1.4,1.2,1.6,2.2,3,1,0,1,2,3,5,5,1.0,0.6,1.0,1.4,1.6,2.4,1,1,5,5,A
,Freiburg,Union Berlin,1.6,0.4,1.2,0.4,1.4,1.0,2,0,2,2,1,3,5,5,2.6,0.8,3.0,1.0,1.0,1.2,4,1,5,5,A
,M'gladbach,Mainz,1.6,1.4,1.4,1.2,1.0,1.6,2,2,2,1,1,2,5,5,1.8,0.6,2.0,1.0,1.6,2.0,3,0,5,5,A
,Schalke 04,Dortmund,0.4,0.8,0.4,1.8,2.0,2.2,0,1,2,1,3,3,5,5,0.6,0.6,1.0,1.6,2.0,2.2,1,1,5,5,A
,Augsburg,Leverkusen,0.6,1.4,0.8,1.8,1.8,1.4,1,2,0,1,4,2,5,5,0.6,1.2,0.6,1.6,2.0,0.8,1,2,5,5,D
,Hertha,RB Leipzig,0.2,2.4,0.6,1.8,2.4,0.8,0,4,1,0,4,1,5,5,0.8,2.0,0.8,1.8,1.6,1.0,1,3,5,5,A
,Hoffenheim,Werder Bremen,1.4,1.6,2.0,1.4,1.8,0.6,2,2,1,2,2,1,5,5,0.8,1.4,1.0,1.2,1.4,1.0,1,2,5,5,H
,Werder Bremen,Ein Frankfurt,1.0,3.0,1.0,3.0,1.4,0.8,1,5,2,0,2,0,5,5,1.0,2.6,0.8,2.8,1.0,0.8,1,4,5,5,H
,Bayern Munich,FC Koln,2.0,1.2,2.6,1.0,1.2,1.6,3,2,1,0,1,3,5,5,2.6,1.2,3.2,0.8,1.6,2.4,4,2,5,5,H
,Dortmund,Bielefeld,1.4,0.8,2.4,1.6,1.8,2.8,2,1,1,1,2,3,5,5,1.6,1.0,1.8,1.0,1.8,1.6,2,1,5,5,H
,Stuttgart,Schalke 04,1.4,0.4,1.4,0.2,1.6,2.4,2,0,1,2,2,3,5,5,1.2,0.6,1.4,0.8,1.2,1.8,1,0,5,5,H
,Wolfsburg,Hertha,2.6,0.2,1.8,0.6,0.0,2.4,4,0,1,1,0,4,5,5,2.2,0.4,1.6,0.6,0.6,1.8,3,0,5,5,H
,RB Leipzig,M'gladbach,2.4,1.0,2.2,1.4,0.8,1.4,4,1,0,2,1,2,5,5,2.0,1.4,1.0,1.4,0.8,1.2,3,1,5,5,H
,Union Berlin,Hoffenheim,1.0,1.4,0.6,2.2,0.8,1.8,1,2,2,1,2,2,5,5,1.8,1.4,1.2,1.6,0.8,2.2,2,2,5,5,D
,Mainz,Augsburg,2.0,0.8,1.6,1.0,1.4,1.8,3,1,1,1,1,3,5,5,1.2,1.2,0.8,0.8,1.4,1.4,2,2,5,5,A
,Leverkusen,Freiburg,1.0,1.4,1.6,0.8,1.4,1.2,1,2,2,1,2,2,5,5,1.6,1.4,2.0,1.2,1.4,1.2,2,2,5,5,A
,Schalke 04,Mainz,0.4,1.4,0.4,1.0,2.6,1.2,0,2,2,1,3,2,5,5,0.6,1.0,1.0,1.4,2.6,2.2,1,1,5,5,D
,Ein Frankfurt,Stuttgart,2.4,2.0,2.2,2.2,1.0,1.4,4,3,0,1,1,1,5,5,3.0,1.2,2.4,1.6,0.8,2.2,5,2,5,5,D
,Freiburg,RB Leipzig,1.4,3.0,0.8,2.4,1.2,0.6,2,5,1,0,2,0,5,5,2.0,2.0,2.2,2.2,1.0,1.0,3,3,5,5,A
,Hertha,Augsburg,0.2,0.8,0.4,0.8,2.0,1.6,0,1,1,1,4,3,5,5,0.6,1.2,0.8,0.8,2.2,1.4,1,2,5,5,H
,Hoffenheim,Wolfsburg,1.0,2.6,1.8,2.0,2.0,0.0,1,4,2,1,2,0,5,5,1.4,2.6,1.8,2.0,1.2,0.4,2,4,5,5,H
,M'gladbach,Leverkusen,0.4,1.0,1.0,1.8,1.6,1.6,0,1,2,2,3,2,5,5,1.8,0.8,2.0,1.2,1.6,1.0,3,1,5,5,A
,Bayern Munich,Dortmund,2.0,2.0,2.8,2.6,1.4,1.0,3,3,1,1,1,1,5,5,2.6,1.2,3.8,2.2,1.6,1.8,4,2,5,5,H
,FC Koln,Werder Bremen,1.2,1.6,1.2,1.4,2.0,1.4,2,2,0,2,3,1,5,5,0.8,1.4,0.6,1.2,1.4,1.4,1,2,5,5,D
,Bielefeld,Union Berlin,0.2,1.2,1.0,0.6,3.4,0.6,0,1,1,3,4,1,5,5,1.2,1.2,1.0,0.8,1.8,0.8,2,2,5,5,D
,Bielefeld,Werder Bremen,0.4,1.2,0.8,0.8,2.4,1.4,0,1,2,3,3,1,5,5,1.4,1.0,1.0,1.2,1.6,1.6,2,1,5,5,A
,Augsburg,M'gladbach,0.8,0.2,0.8,0.8,1.4,1.6,1,0,1,1,3,4,5,5,0.8,1.2,0.8,1.2,1.8,1.2,1,1,5,5,H
,Mainz,Freiburg,1.6,1.4,1.0,0.8,0.8,1.2,2,2,2,1,1,2,5,5,1.2,1.4,0.8,1.2,1.4,1.4,2,2,5,5,H
,Union Berlin,FC Koln,1.2,0.8,0.4,0.8,0.4,2.0,1,1,3,1,1,3,5,5,1.4,1.2,1.0,1.0,0.8,2.4,1,2,5,5,H
,Werder Bremen,Bayern Munich,1.6,2.0,1.0,2.8,1.2,1.6,2,3,2,1,1,1,5,5,1.6,1.8,1.0,1.8,0.8,1.0,2,3,5,5,A
,Wolfsburg,Schalke 04,2.0,0.4,1.6,0.2,0.4,2.4,3,0,1,2,1,3,5,5,2.2,0.4,1.6,0.6,0.4,2.4,3,0,5,5,H
,Dortmund,Hertha,1.4,0.8,2.4,0.6,1.6,1.6,2,1,1,1,2,3,5,5,2.2,0.4,2.2,0.4,0.8,1.4,3,0,5,5,H
,Leverkusen,Bielefeld,1.6,0.4,2.0,0.6,1.4,2.2,2,0,2,2,1,3,5,5,1.4,1.0,2.0,1.0,1.6,1.8,2,1,5,5,A
,RB Leipzig,Ein Frankfurt,3.0,2.0,2.8,1.8,0.6,1.0,5,3,0,1,0,1,5,5,2.4,2.0,1.6,2.6,1.2,1.2,4,3,5,5,D
,Stuttgart,Hoffenheim,1.6,1.6,2.0,2.0,1.6,1.4,2,2,2,2,1,1,5,5,1.6,1.0,2.0,1.4,1.0,2.2,2,1,5,5,H
,Bielefeld,RB Leipzig,0.8,2.6,0.4,2.4,1.8,0.8,1,4,1,1,3,0,5,5,0.8,2.0,0.8,2.6,2.0,1.0,1,3,5,5,A
,Bayern Munich,Stuttgart,2.0,2.2,3.2,2.0,1.8,0.6,3,3,1,2,1,0,5,5,2.6,0.8,3.6,1.0,1.6,2.2,4,1,5,5,H
,Ein Frankfurt,Union Berlin,1.6,1.8,1.4,0.8,1.0,0.4,2,2,2,3,1,0,5,5,2.6,0.8,2.2,0.4,0.8,0.8,4,1,5,5,H
,FC Koln,Dortmund,0.2,2.0,0.6,2.6,2.2,1.2,0,3,1,1,4,1,5,5,1.0,0.6,0.8,2.0,0.8,2.4,1,1,5,5,D
,Werder Bremen,Wolfsburg,1.4,2.0,1.2,2.2,1.8,0.4,2,3,1,1,2,1,5,5,1.6,2.4,1.2,1.8,1.0,0.4,2,4,5,5,A
,Schalke 04,M'gladbach,0.4,0.2,0.2,0.8,2.8,1.8,0,0,2,1,3,4,5,5,0.2,0.6,0.2,1.2,2.6,1.8,0,0,5,5,A
,Hoffenheim,Mainz,1.6,1.6,1.8,1.0,1.2,0.8,2,2,2,2,1,1,5,5,2.0,1.2,2.0,1.0,0.8,1.2,3,1,5,5,A
,Hertha,Leverkusen,0.8,1.0,0.6,1.2,1.8,1.4,1,1,1,2,3,2,5,5,0.6,0.8,0.6,0.6,2.4,1.0,1,1,5,5,H
,Freiburg,Augsburg,0.8,1.4,0.4,1.4,1.2,1.2,1,2,1,1,3,2,5,5,1.4,0.6,1.2,0.8,1.6,1.8,2,1,5,5,H
,Augsburg,Hoffenheim,1.4,1.4,1.2,1.6,1.2,1.2,2,2,1,1,2,2,5,5,1.4,1.0,1.2,1.4,1.2,1.8,2,1,5,5,H
,Dortmund,Ein Frankfurt,2.0,1.6,2.6,2.0,1.2,1.4,3,2,1,2,1,1,5,5,2.2,1.6,2.2,2.4,0.8,1.4,3,2,5,5,A
,Leverkusen,Schalke 04,0.8,0.2,0.8,0.2,1.6,3.4,1,0,1,1,3,4,5,5,0.8,0.4,1.8,0.6,1.8,2.8,1,0,5,5,H
,Mainz,Bielefeld,2.0,0.8,1.0,0.4,0.6,1.4,3,1,1,1,1,3,5,5,1.8,1.0,1.0,1.2,1.0,2.0,3,1,5,5,D
,Wolfsburg,FC Koln,2.4,0.4,2.6,1.0,0.6,2.2,4,0,0,2,1,3,5,5,2.2,0.6,2.4,0.8,0.4,2.6,3,1,5,5,H
,RB Leipzig,Bayern Munich,2.6,2.4,2.2,3.4,0.6,1.2,4,4,1,0,0,1,5,5,2.6,2.4,1.6,2.0,0.8,0.6,4,4,5,5,A
,M'gladbach,Freiburg,0.6,1.2,1.4,0.8,1.8,1.2,1,2,0,0,4,3,5,5,1.2,0.8,1.4,0.6,1.4,1.4,2,1,5,5,H
,Stuttgart,Werder Bremen,2.0,1.4,1.8,1.4,1.2,1.4,3,2,1,1,1,2,5,5,2.2,1.4,2.4,1.4,0.8,1.4,3,2,5,5,H
,Union Berlin,Hertha,1.6,1.2,1.2,1.0,1.4,1.6,2,2,2,0,1,3,5,5,1.8,0.4,1.0,0.4,0.6,1.6,2,0,5,5,D
,Bielefeld,Freiburg,1.0,1.2,0.6,1.0,1.0,1.4,1,2,2,0,2,3,5,5,0.2,0.8,0.2,0.6,2.2,1.4,0,1,5,5,H
,Bayern Munich,Union Berlin,3.0,1.2,3.4,1.2,0.8,1.6,5,1,0,3,0,1,5,5,2.6,0.8,4.0,0.8,1.4,1.6,4,1,5,5,D
,Ein Frankfurt,Wolfsburg,1.6,2.4,2.0,2.2,1.4,0.6,2,4,2,0,1,1,5,5,2.6,2.4,2.6,1.8,1.0,0.6,4,4,5,5,H
,Hertha,M'gladbach,1.4,1.2,1.2,1.6,1.2,1.6,2,2,1,0,2,3,5,5,1.2,1.0,1.2,1.4,1.8,1.4,2,1,5,5,D
,Werder Bremen,RB Leipzig,0.8,2.0,1.0,1.6,1.4,0.8,1,3,1,1,3,1,5,5,1.0,2.4,1.0,2.4,1.4,0.6,1,4,5,5,A
,Stuttgart,Dortmund,2.0,1.4,1.8,2.0,1.2,1.6,3,2,1,1,1,2,5,5,2.6,0.8,2.2,2.2,0.4,2.4,4,1,5,5,A
,Schalke 04,Augsburg,0.2,1.8,0.4,1.4,3.0,1.2,0,3,1,0,4,2,5,5,0.2,0.6,0.0,0.8,2.8,1.8,0,1,5,5,H
,FC Koln,Mainz,0.4,1.6,1.0,0.8,2.2,0.6,0,2,2,2,3,1,5,5,1.2,1.6,1.2,1.2,1.0,1.2,1,2,5,5,A
,Hoffenheim,Leverkusen,0.8,1.2,1.0,1.0,1.6,1.6,1,2,1,0,3,3,5,5,1.8,0.8,2.2,0.4,1.2,1.2,3,1,5,5,D
,RB Leipzig,Hoffenheim,2.0,0.8,1.8,0.8,0.6,1.4,3,1,1,1,1,3,5,5,2.0,0.4,1.4,1.0,1.0,2.2,3,0,5,5,D
,Augsburg,Bielefeld,1.2,1.4,1.2,0.8,1.4,1.0,2,2,0,1,3,2,5,5,2.0,1.0,1.6,1.4,1.2,2.2,3,1,5,5,D
,Freiburg,Schalke 04,0.6,0.8,0.6,0.4,1.4,2.0,1,1,0,1,4,3,5,5,1.8,0.4,1.2,0.6,1.2,2.6,3,0,5,5,H
,M'gladbach,Ein Frankfurt,1.4,2.2,1.6,2.6,1.4,1.6,2,3,1,2,2,0,5,5,1.2,2.0,1.6,2.4,1.6,1.2,2,3,5,5,H
,Union Berlin,Stuttgart,1.2,1.4,1.2,1.2,1.6,1.6,1,2,3,1,1,2,5,5,1.4,0.8,1.0,1.0,0.8,2.4,1,1,5,5,H
,Wolfsburg,Bayern Munich,1.8,2.6,2.4,2.6,1.4,0.8,3,4,0,1,2,0,5,5,2.6,2.4,2.2,2.0,0.0,0.6,4,4,5,5,A
,Leverkusen,FC Koln,1.4,0.4,0.8,1.2,1.2,1.8,2,0,1,2,2,3,5,5,1.4,0.6,2.2,0.8,1.8,2.2,2,1,5,5,H
,Dortmund,Werder Bremen,1.4,0.6,2.0,1.0,2.0,2.0,2,1,1,0,2,4,5,5,2.0,1.4,2.2,1.4,1.0,1.4,3,2,5,5,H
,FC Koln,RB Leipzig,0.2,1.6,1.0,1.2,2.2,0.6,0,2,1,2,4,1,5,5,1.0,3.0,1.6,2.8,1.6,0.2,1,5,5,5,H
,Bayern Munich,Leverkusen,2.6,1.4,2.4,1.2,0.8,1.2,4,2,1,1,0,2,5,5,2.2,1.0,3.4,0.4,1.4,1.0,3,1,5,5,H
,Bielefeld,Schalke 04,1.6,0.6,0.8,0.4,0.6,2.8,2,1,2,0,1,4,5,5,0.8,0.2,0.2,0.4,1.2,3.2,1,0,5,5,H
,Ein Frankfurt,Augsburg,2.0,1.4,2.4,1.0,2.2,1.0,3,2,1,1,1,2,5,5,2.6,0.6,2.8,0.6,1.4,1.4,4,1,5,5,H
,Dortmund,Union Berlin,2.0,1.6,2.4,1.6,1.4,1.8,3,2,1,2,1,1,5,5,2.0,1.0,2.4,0.8,1.0,1.4,3,1,5,5,H
,Hoffenheim,M'gladbach,0.4,2.0,0.4,2.4,1.2,1.2,0,3,2,1,3,1,5,5,1.4,1.0,1.6,1.6,1.2,1.6,2,1,5,5,H
,Stuttgart,Wolfsburg,1.2,1.8,1.2,2.6,1.8,1.6,2,3,0,0,3,2,5,5,2.0,1.8,2.2,2.2,1.0,1.4,3,3,5,5,A
,Werder Bremen,Mainz,0.0,2.2,0.8,1.4,2.8,0.8,0,3,0,2,5,0,5,5,0.8,2.2,1.0,1.8,2.0,1.2,1,3,5,5,A
,Augsburg,FC Koln,0.8,0.8,0.4,1.2,1.2,2.0,1,1,1,1,3,3,5,5,1.6,0.0,1.2,0.4,1.0,2.6,2,0,5,5,A
,Freiburg,Hoffenheim,1.2,1.0,1.4,1.0,0.8,1.2,2,1,0,2,3,2,5,5,1.8,0.6,1.6,0.8,1.0,1.4,3,0,5,5,D
,Mainz,Bayern Munich,2.6,2.6,1.6,2.2,0.8,0.6,4,4,1,1,0,0,5,5,2.0,2.4,1.2,1.8,0.8,1.0,3,4,5,5,H
,Union Berlin,Werder Bremen,1.0,0.0,1.2,0.6,2.0,2.4,1,0,2,0,2,5,5,5,1.8,0.8,1.2,0.8,0.8,2.0,2,1,5,5,H
,Wolfsburg,Dortmund,1.8,2.0,2.2,2.4,1.8,1.4,3,3,0,1,2,1,5,5,2.0,1.4,2.0,2.4,0.6,2.0,3,2,5,5,A
,Leverkusen,Ein Frankfurt,1.4,2.4,1.0,2.6,1.2,2.0,2,4,1,0,2,1,5,5,1.4,1.4,1.8,1.4,1.4,1.8,2,2,5,5,H
,RB Leipzig,Stuttgart,1.4,0.6,1.2,1.0,0.8,2.4,2,1,1,0,2,4,5,5,1.6,0.8,1.2,1.0,1.0,2.4,2,1,5,5,H
,M'gladbach,Bielefeld,2.0,1.6,2.6,0.6,1.2,0.4,3,2,1,2,1,1,5,5,1.2,1.2,1.6,1.2,1.2,1.6,2,1,5,5,H
,Mainz,Hertha,2.6,1.6,1.8,1.6,1.0,1.2,4,2,1,2,0,1,5,5,2.0,0.4,1.0,0.6,0.6,1.8,3,0,5,5,D
,Hertha,Freiburg,1.2,1.4,1.4,1.6,1.2,0.8,1,2,3,1,1,2,5,5,1.4,0.8,1.4,0.6,1.4,1.0,2,1,5,5,H
,Stuttgart,Augsburg,0.6,0.8,1.0,0.8,2.0,1.4,1,1,0,1,4,3,5,5,1.8,0.6,2.2,0.4,1.4,1.4,3,1,5,5,H
,Dortmund,RB Leipzig,2.4,1.4,2.4,1.4,1.0,0.8,4,2,0,1,1,2,5,5,2.4,2.4,2.4,2.4,0.6,0.6,4,4,5,5,H
,Hoffenheim,Schalke 04,1.2,0.6,1.0,0.4,1.0,2.0,1,1,3,0,1,4,5,5,2.0,0.0,2.0,0.4,1.0,3.4,3,0,5,5,H
,Werder Bremen,Leverkusen,0.0,2.0,0.6,1.6,2.6,0.8,0,3,0,1,5,1,5,5,0.6,1.0,1.0,0.4,2.2,1.2,1,1,5,5,D
,Wolfsburg,Union Berlin,1.2,1.6,1.8,1.4,2.0,1.2,2,2,0,2,3,1,5,5,1.8,1.0,2.0,0.8,1.0,1.6,3,1,5,5,H
,Bayern Munich,M'gladbach,2.0,2.0,1.6,3.0,1.0,1.2,3,3,1,1,1,1,5,5,2.6,0.8,3.2,2.0,0.8,2.2,4,1,5,5,H
,FC Koln,Freiburg,1.2,0.8,1.4,1.2,2.0,1.4,2,1,0,1,3,3,5,5,1.0,0.6,1.4,0.6,1.6,1.6,1,1,5,5,A
,Ein Frankfurt,Mainz,1.8,2.2,1.8,1.6,2.2,1.0,3,3,0,2,2,0,5,5,2.6,2.6,2.8,1.6,1.4,0.8,4,4,5,5,D
,Hertha,Bielefeld,1.8,1.6,2.0,0.6,0.8,1.2,2,2,3,2,0,1,5,5,2.0,1.0,2.0,0.6,1.2,2.0,3,1,5,5,D
,Schalke 04,Hertha,0.6,1.4,0.8,1.4,2.2,0.8,1,1,0,4,4,0,5,5,0.8,0.6,0.2,0.6,2.0,1.4,1,0,5,5,A
,Augsburg,Werder Bremen,0.2,0.2,0.6,0.6,1.6,2.4,0,0,1,1,4,4,5,5,1.6,0.8,1.6,1.0,1.2,1.8,2,1,5,5,H
,Bielefeld,Hoffenheim,1.6,1.8,0.4,1.6,1.0,1.0,2,2,2,3,1,0,5,5,1.4,0.6,0.4,0.6,0.6,1.2,2,0,5,5,D
,Freiburg,Bayern Munich,1.4,2.0,1.8,2.6,1.2,1.0,2,3,1,1,2,1,5,5,1.4,1.8,1.4,1.8,1.0,1.4,2,3,5,5,D
,Hertha,FC Koln,1.8,1.2,1.6,1.6,0.8,2.6,2,2,3,0,0,3,5,5,2.2,0.6,2.0,1.0,0.6,2.6,3,1,5,5,D
,Leverkusen,Union Berlin,1.6,1.4,1.2,1.2,0.6,1.6,2,2,2,1,1,2,5,5,1.8,0.4,2.0,0.6,1.2,2.2,3,0,5,5,D
,M'gladbach,Stuttgart,1.4,0.6,2.6,1.2,2.2,2.2,2,1,1,0,2,4,5,5,1.8,0.8,2.4,0.6,0.8,1.8,3,1,5,5,A
,Schalke 04,Ein Frankfurt,0.6,1.4,0.8,1.6,2.2,2.2,1,2,0,1,4,2,5,5,0.8,0.8,0.4,1.0,1.8,2.2,1,1,5,5,H
,Mainz,Dortmund,2.2,3.0,1.6,2.8,1.0,1.0,3,5,2,0,0,0,5,5,1.6,2.0,1.0,2.6,0.8,1.6,2,3,5,5,A
,RB Leipzig,Wolfsburg,1.4,1.2,1.8,2.2,1.2,2.0,2,2,1,0,2,3,5,5,1.6,1.8,1.2,2.4,0.8,1.6,2,3,5,5,D
,Bayern Munich,Augsburg,2.0,0.8,2.8,1.0,1.2,1.4,3,1,1,1,1,3,5,5,2.6,0.0,3.4,0.4,0.6,1.8,4,0,5,5,H
,Dortmund,Leverkusen,3.0,1.6,2.8,1.4,0.8,0.8,5,2,0,2,0,1,5,5,2.4,1.0,2.4,0.2,1.0,1.0,4,1,5,5,H
,Ein Frankfurt,Freiburg,0.8,1.6,1.4,2.2,2.4,1.4,1,2,1,2,3,1,5,5,2.2,0.6,2.6,1.0,1.4,1.6,3,1,5,5,H
,FC Koln,Schalke 04,1.4,0.6,1.2,1.4,2.0,2.8,2,1,1,0,2,4,5,5,1.0,0.0,1.6,0.6,2.2,3.2,1,0,5,5,H
,Hoffenheim,Hertha,1.8,1.8,1.8,1.2,1.2,0.4,2,2,3,3,0,0,5,5,2.0,1.0,2.0,0.8,1.4,1.4,3,1,5,5,H
,Stuttgart,Bielefeld,1.2,1.2,1.2,0.4,1.8,1.2,2,1,0,3,3,1,5,5,1.8,1.2,1.6,0.6,1.4,1.4,3,1,5,5,A
,Union Berlin,RB Leipzig,1.4,1.0,1.2,1.4,1.6,1.4,2,1,1,2,2,2,5,5,2.2,1.8,1.8,2.2,1.0,1.2,3,3,5,5,H
,Werder Bremen,M'gladbach,0.2,1.2,0.4,2.4,2.0,2.2,0,2,1,0,4,3,5,5,0.2,0.8,0.6,1.6,2.0,2.8,0,1,5,5,A
,Wolfsburg,Mainz,1.4,1.6,2.0,1.2,1.6,1.2,2,2,1,2,2,1,5,5,1.8,2.2,2.2,1.4,1.0,0.8,3,3,5,5,A
,M'gladbach,Bayern Munich,1.2,2.0,2.4,3.2,2.6,1.2,2,3,0,1,3,1,5,5,1.8,2.0,2.4,2.0,0.8,1.4,3,3,5,5,D
,Augsburg,Hoffenheim,0.6,2.2,1.4,2.2,2.4,1.4,1,3,0,2,4,0,5,5,2.0,0.6,1.8,0.6,1.0,1.2,3,0,5,5,A
,Bielefeld,Freiburg,1.6,1.0,0.8,1.6,1.2,2.0,2,1,2,2,1,2,5,5,1.4,0.6,0.6,1.2,0.8,2.0,2,1,5,5,D
,Stuttgart,Greuther Furth,1.2,1.2,1.0,1.4,1.8,1.6,2,2,0,0,3,3,5,5,1.2,1.4,1.2,1.2,1.8,1.2,2,2,5,5,H
,Union Berlin,Leverkusen,1.4,1.0,1.2,1.0,1.6,1.4,2,1,1,2,2,2,5,5,2.6,0.4,2.0,0.2,1.0,1.6,4,0,5,5,D
,Wolfsburg,Bochum,1.4,0.0,2.0,0.0,1.6,0.0,2,0,1,0,2,0,5,0,1.2,0.0,1.6,0.0,1.6,0.0,2,0,5,0,H
,Dortmund,Ein Frankfurt,3.0,1.4,2.6,2.0,0.8,1.8,5,2,0,1,0,2,5,5,2.4,0.8,2.6,1.4,1.2,2.6,4,1,5,5,H
,Mainz,RB Leipzig,1.6,0.8,1.6,1.6,1.6,1.8,2,1,2,1,1,3,5,5,1.6,1.2,1.2,1.8,1.2,1.6,2,2,5,5,H
,FC Koln,Hertha,2.0,1.6,1.4,1.2,1.4,0.6,3,2,1,2,1,1,5,5,1.4,1.0,1.6,1.0,2.0,1.4,2,1,5,5,H
,RB Leipzig,Stuttgart,0.8,1.8,1.4,1.8,1.6,1.4,1,3,1,0,3,2,5,5,1.2,0.8,1.0,0.8,0.8,2.0,1,1,5,5,H
,Bochum,Mainz,0.0,1.6,0.0,1.4,1.0,1.4,0,2,0,2,1,1,1,5,0.0,2.6,0.0,2.0,0.0,1.2,0,4,0,5,H
,Ein Frankfurt,Augsburg,0.8,0.6,2.0,1.4,2.8,2.8,1,1,1,0,3,4,5,5,2.6,0.0,3.0,0.6,1.4,2.4,4,0,5,5,D
,Freiburg,Dortmund,1.0,3.0,1.4,3.2,1.8,1.2,1,5,2,0,2,0,5,5,1.6,2.0,1.8,2.4,1.2,1.8,2,3,5,5,H
,Greuther Furth,Bielefeld,0.6,1.2,1.4,0.6,2.6,1.2,1,1,0,3,4,1,5,5,0.0,1.2,1.2,0.6,3.4,1.2,0,1,5,5,D
,Hertha,Wolfsburg,1.0,1.4,0.8,1.6,1.2,1.4,1,2,2,1,2,2,5,5,1.8,1.4,1.6,2.2,0.4,2.0,2,2,5,5,A
,Leverkusen,M'gladbach,1.2,1.4,1.2,2.2,1.2,2.2,1,2,3,1,1,2,5,5,2.0,1.4,2.0,2.2,1.0,2.6,3,2,5,5,H
,Hoffenheim,Union Berlin,2.2,1.6,2.4,1.4,1.0,1.4,3,2,2,2,0,1,5,5,2.0,0.4,2.0,0.8,1.4,2.4,3,0,5,5,D
,Bayern Munich,FC Koln,1.6,2.0,3.0,1.6,1.4,1.4,2,3,2,1,1,1,5,5,2.6,0.8,3.6,0.8,0.6,1.6,4,1,5,5,H
,Dortmund,Hoffenheim,2.4,2.2,3.0,2.6,1.6,1.2,4,3,0,2,1,0,5,5,3.0,1.2,3.4,1.4,1.2,0.8,5,1,5,5,H
,Augsburg,Leverkusen,0.8,1.2,1.0,1.4,2.2,1.0,1,1,1,3,3,1,5,5,1.4,0.6,1.2,0.4,1.6,1.2,2,0,5,5,A
,Bielefeld,Ein Frankfurt,1.4,1.0,0.8,1.8,0.4,2.2,1,1,4,2,0,2,5,5,1.6,0.6,0.6,1.6,0.4,3.4,2,1,5,5,D
,FC Koln,Bochum,1.4,1.5,1.4,1.0,1.6,0.5,2,1,1,0,2,1,5,2,1.8,0.0,1.8,0.0,1.8,1.0,3,0,5,1,H
,Mainz,Greuther Furth,1.4,0.8,1.2,1.2,1.6,2.2,2,1,1,1,2,3,5,5,1.6,1.2,1.2,1.0,1.2,1.8,2,2,5,5,H
,Stuttgart,Freiburg,1.8,1.6,1.8,1.8,1.8,1.4,3,2,0,2,2,1,5,5,1.2,0.8,2.0,1.0,2.0,1.6,2,1,5,5,A
,Bayern Munich,Hertha,2.2,0.8,3.4,1.0,1.4,1.6,3,1,2,1,0,3,5,5,2.6,1.0,3.4,1.2,1.0,1.6,4,1,5,5,H
,Union Berlin,M'gladbach,1.2,0.8,1.2,1.2,1.6,3.0,1,1,3,1,1,3,5,5,2.2,0.8,1.8,1.6,1.0,3.4,3,1,5,5,H
,Wolfsburg,RB Leipzig,2.0,0.8,2.0,1.8,1.2,1.6,3,1,1,1,1,3,5,5,1.2,0.6,1.6,1.6,1.6,1.8,2,1,5,5,H
,Freiburg,FC Koln,1.6,2.0,1.6,1.6,1.6,1.0,2,3,2,1,1,1,5,5,2.2,0.8,2.2,1.0,0.8,1.8,3,1,5,5,D
,Greuther Furth,Wolfsburg,0.2,2.0,0.8,1.6,2.8,1.2,0,3,1,1,4,1,5,5,0.2,2.0,1.4,2.4,3.0,1.8,0,3,5,5,A
,Hoffenheim,Mainz,1.6,1.8,2.2,1.6,1.4,1.4,2,3,2,0,1,2,5,5,2.2,2.0,2.2,1.6,1.4,1.4,3,3,5,5,A
,Leverkusen,Dortmund,1.6,2.4,2.2,3.0,1.2,1.6,2,4,2,0,1,1,5,5,2.6,2.0,2.6,2.2,0.6,1.4,4,3,5,5,A
,Union Berlin,Augsburg,1.8,0.8,1.6,1.0,1.2,2.6,2,1,3,1,0,3,5,5,2.6,0.2,2.0,0.6,1.0,2.0,4,0,5,5,D
,RB Leipzig,Bayern Munich,0.8,2.2,1.4,3.2,1.2,1.4,1,3,1,2,3,0,5,5,1.6,1.6,1.6,1.6,0.6,1.4,2,2,5,5,A
,Ein Frankfurt,Stuttgart,1.0,1.2,1.8,1.8,2.2,2.2,1,2,2,0,2,3,5,5,2.2,0.6,2.0,0.6,1.0,2.6,3,1,5,5,D
,Bochum,Hertha,1.0,0.2,1.0,0.6,1.0,2.4,1,0,0,1,2,4,3,5,3.0,0.8,2.0,1.0,0.0,2.4,1,1,1,5,A
,M'gladbach,Bielefeld,0.8,1.4,1.4,1.0,2.2,0.6,1,1,1,4,3,0,5,5,2.0,1.2,2.6,0.6,0.8,1.2,3,1,5,5,H
,Hertha,Greuther Furth,0.6,0.2,1.2,0.6,2.6,2.8,1,0,0,1,4,4,5,5,1.2,1.2,1.2,1.0,0.8,2.2,1,2,5,5,H
,Augsburg,M'gladbach,0.4,1.4,0.6,1.8,2.6,2.0,0,2,2,1,3,2,5,5,0.8,0.6,1.0,1.4,2.2,3.4,1,1,5,5,H
,Bayern Munich,Bochum,2.6,0.75,3.6,1.0,1.2,1.5,4,1,1,0,0,3,5,4,3.0,0.0,4.2,0.5,0.8,1.5,5,0,5,2,H
,Bielefeld,Hoffenheim,1.2,1.4,1.0,2.0,1.0,1.6,1,2,3,1,1,2,5,5,1.8,1.2,0.8,1.6,0.4,1.0,2,1,5,5,D
,Mainz,Freiburg,2.4,1.6,1.8,1.4,0.8,1.4,4,2,0,2,1,1,5,5,2.0,1.4,1.6,1.6,1.0,1.8,3,2,5,5,D
,FC Koln,RB Leipzig,2.0,0.6,1.8,1.2,1.2,1.6,3,1,1,0,1,4,5,5,2.4,0.0,1.8,0.8,1.4,1.8,4,0,5,5,D
,Stuttgart,Leverkusen,0.8,1.4,1.6,2.6,2.2,1.8,1,2,1,1,3,2,5,5,1.2,1.0,2.0,1.2,2.0,1.4,2,1,5,5,A
,Dortmund,Union Berlin,2.4,1.8,3.2,1.4,2.0,1.0,4,2,0,3,1,0,5,5,3.0,0.6,3.2,0.8,1.4,1.8,5,0,5,5,H
,Wolfsburg,Ein Frankfurt,2.4,1.2,1.6,1.4,0.8,1.6,4,1,0,3,1,1,5,5,1.8,0.2,1.4,1.4,1.0,3.4,3,0,5,5,D
,Greuther Furth,Bayern Munich,0.2,2.6,0.6,4.0,2.6,0.8,0,4,1,1,4,0,5,5,0.2,1.6,1.0,2.2,2.8,1.6,0,2,5,5,A
,Ein Frankfurt,FC Koln,0.8,1.6,1.0,1.8,1.6,1.4,0,2,4,2,1,1,5,5,1.8,1.0,1.4,1.2,0.6,1.8,2,1,5,5,D
,Hoffenheim,Wolfsburg,1.0,2.6,1.6,1.4,1.4,0.4,1,4,2,1,2,0,5,5,2.0,2.0,2.2,2.4,1.8,1.6,3,3,5,5,H
,Leverkusen,Mainz,2.0,2.0,3.0,1.2,1.4,0.4,3,3,1,1,1,1,5,5,2.0,2.0,2.8,1.4,1.2,1.0,3,3,5,5,H
,RB Leipzig,Hertha,0.8,1.2,1.2,1.4,1.4,2.4,1,2,1,0,3,3,5,5,1.6,1.2,1.8,1.4,1.2,2.4,2,2,5,5,H
,Union Berlin,Bielefeld,1.2,0.8,1.4,0.6,1.6,1.0,1,0,3,4,1,1,5,5,2.2,1.0,1.6,0.8,0.8,1.8,3,1,5,5,H
,M'gladbach,Dortmund,0.8,2.4,1.0,3.4,1.8,2.2,1,4,1,0,3,1,5,5,2.0,2.4,2.8,2.6,0.8,1.6,3,4,5,5,H
,Bochum,Stuttgart,0.6,0.8,0.8,1.8,2.6,2.4,1,1,0,1,4,3,5,5,1.5,0.8,1.5,0.8,1.5,2.0,1,1,2,5,D
,Freiburg,Augsburg,1.8,1.0,1.2,0.4,0.8,1.6,2,1,3,2,0,2,5,5,1.8,0.4,2.0,0.6,1.0,1.8,2,0,5,5,H
,FC Koln,Greuther Furth,1.2,0.2,1.4,0.6,1.4,2.2,1,0,3,1,1,4,5,5,2.0,0.6,1.6,1.0,1.4,2.6,3,1,5,5,H
,Dortmund,Augsburg,1.8,1.0,2.4,0.4,2.0,1.4,3,1,0,2,2,2,5,5,3.0,0.4,3.6,0.6,1.8,2.0,5,0,5,5,H
,Hertha,Freiburg,1.2,2.2,1.2,1.8,3.0,0.8,2,3,0,2,3,0,5,5,1.6,1.6,1.2,1.6,0.6,1.2,2,2,5,5,A
,Stuttgart,Hoffenheim,0.4,1.0,0.8,1.4,2.2,1.6,0,1,2,2,3,2,5,5,1.2,1.2,2.0,1.6,2.0,1.0,2,1,5,5,H
,Wolfsburg,M'gladbach,2.0,1.2,1.4,1.0,1.0,1.6,3,2,1,0,1,3,5,5,2.0,0.6,1.6,1.0,0.8,3.0,3,1,5,5,A
,RB Leipzig,Bochum,1.4,0.8,2.4,0.8,1.2,2.4,2,1,1,1,2,3,5,5,2.0,0.0,3.0,0.3333333333333333,1.2,3.3333333333333335,3,0,5,3,H
,Mainz,Union Berlin,1.4,1.6,1.0,1.4,0.6,1.4,2,2,1,2,2,1,5,5,1.6,0.4,1.2,1.0,0.8,2.4,2,0,5,5,A
,Bayern Munich,Ein Frankfurt,3.0,1.0,4.4,0.8,0.8,0.8,5,0,0,5,0,0,5,5,3.0,0.4,5.2,1.6,0.8,2.8,5,0,5,5,A
,Bielefeld,Leverkusen,0.6,2.4,0.6,3.0,1.2,1.2,0,4,3,0,2,1,5,5,1.4,1.6,0.6,1.8,0.4,1.2,1,2,5,5,A
,Hoffenheim,FC Koln,0.8,1.8,1.2,1.6,1.8,1.0,1,2,1,3,3,0,5,5,2.0,1.2,2.2,1.4,1.6,1.4,3,1,5,5,H
,Dortmund,Mainz,2.4,1.4,2.6,1.2,1.8,0.6,4,2,0,1,1,2,5,5,3.0,1.4,3.4,1.2,1.6,1.2,5,2,5,5,H
,Ein Frankfurt,Hertha,1.4,1.2,1.2,1.2,1.0,3.0,1,2,4,0,0,3,5,5,1.4,0.6,1.2,1.0,0.8,3.4,1,1,5,5,A
,Freiburg,RB Leipzig,2.2,1.4,1.8,2.2,0.8,1.2,3,2,2,1,0,2,5,5,1.8,0.2,1.8,0.8,1.0,1.6,2,0,5,5,D
,Greuther Furth,Bochum,0.0,0.2,0.6,0.4,2.6,3.0,0,0,0,1,5,4,5,5,0.2,0.0,1.0,0.25,2.2,3.25,0,0,5,4,A
,Union Berlin,Wolfsburg,2.0,1.4,1.4,1.2,1.2,1.4,3,2,1,1,1,2,5,5,2.2,2.0,1.2,2.0,0.6,1.4,3,3,5,5,H
,M'gladbach,Stuttgart,1.8,1.0,1.6,1.4,1.0,1.6,3,1,0,2,2,2,5,5,2.0,1.0,2.2,0.6,0.8,1.6,3,1,5,5,D
,Leverkusen,Bayern Munich,2.4,2.4,3.0,4.0,1.2,0.8,4,4,0,0,1,1,5,5,2.0,1.6,2.4,2.2,1.2,1.4,3,2,5,5,A
,Augsburg,Bielefeld,0.8,0.4,0.6,0.4,1.8,1.8,1,0,1,2,3,3,5,5,1.2,1.0,1.2,0.8,2.2,1.0,2,1,5,5,D
,Mainz,Augsburg,0.8,1.0,0.8,0.6,1.2,1.2,1,1,1,2,3,2,5,5,1.4,0.4,1.2,0.6,1.0,2.0,2,0,5,5,H
,Bayern Munich,Hoffenheim,2.4,1.4,4.0,1.8,1.0,1.2,4,2,0,1,1,2,5,5,2.4,1.0,4.2,1.6,1.2,1.4,4,1,5,5,H
,Bielefeld,Dortmund,0.4,2.4,0.4,2.6,1.8,1.6,0,4,2,0,3,1,5,5,0.8,1.8,0.4,2.0,1.2,1.4,0,3,5,5,A
,RB Leipzig,Greuther Furth,1.6,0.0,2.4,0.6,1.2,2.2,2,0,2,0,1,5,5,5,2.0,0.0,3.2,0.8,1.2,3.2,3,0,5,5,H
,Wolfsburg,Freiburg,0.8,1.8,1.0,1.4,1.8,0.6,1,2,1,3,3,0,5,5,1.4,1.6,1.2,1.2,1.4,1.2,2,2,5,5,A
,Hertha,M'gladbach,1.8,2.0,1.6,1.6,2.2,0.8,3,3,0,1,2,1,5,5,1.0,1.2,0.8,1.6,1.0,2.0,1,2,5,5,H
,FC Koln,Leverkusen,1.2,1.8,1.2,2.4,1.8,2.0,1,3,3,0,1,2,5,5,2.6,2.0,2.0,2.6,0.8,1.2,4,3,5,5,D
,Stuttgart,Union Berlin,1.2,2.0,1.2,1.4,1.2,1.0,1,3,3,1,1,1,5,5,1.2,1.0,2.2,1.4,2.0,2.2,2,1,5,5,D
,Bochum,Ein Frankfurt,0.8,1.2,0.4,1.2,2.6,1.2,1,1,1,3,3,1,5,5,1.3333333333333333,1.0,1.0,1.8,1.0,2.4,1,1,3,5,H
,Hoffenheim,Hertha,1.4,1.8,1.8,1.2,1.6,2.0,2,3,1,0,2,2,5,5,2.0,1.2,2.4,1.2,1.2,3.2,3,2,5,5,H
,Bielefeld,Mainz,0.4,0.8,0.4,1.2,1.8,1.4,0,1,2,1,3,3,5,5,0.6,1.2,0.4,1.2,1.6,1.6,0,2,5,5,A
,Dortmund,FC Koln,2.4,1.2,2.4,1.4,1.2,2.0,4,1,0,3,1,1,5,5,3.0,0.6,3.4,0.8,1.6,2.0,5,0,5,5,H
,Freiburg,Greuther Furth,2.2,0.0,1.6,0.8,0.4,2.6,3,0,2,0,0,5,5,5,1.8,0.0,1.8,0.8,1.0,3.4,2,0,5,5,H
,Leverkusen,Wolfsburg,2.0,0.2,2.2,0.6,1.6,2.2,3,0,1,1,1,4,5,5,1.4,1.4,2.0,1.4,2.0,1.6,2,2,5,5,A
,Union Berlin,Bayern Munich,2.0,2.4,1.6,4.0,1.2,0.8,3,4,1,0,1,1,5,5,2.2,2.2,1.2,3.0,0.4,1.2,3,3,5,5,A
,Ein Frankfurt,RB Leipzig,1.0,2.2,1.0,3.0,1.4,0.6,1,3,2,2,2,0,5,5,1.2,0.4,1.2,0.6,1.0,1.2,1,0,5,5,D
,Augsburg,Stuttgart,0.8,1.2,0.8,1.2,2.0,1.2,1,1,1,3,3,1,5,5,1.4,1.2,1.0,0.8,1.8,1.4,2,1,5,5,H
,M'gladbach,Bochum,1.4,1.4,1.0,0.6,0.8,2.0,2,2,1,1,2,2,5,5,1.6,0.6,1.4,0.4,1.0,2.6,2,1,5,5,H
,Mainz,M'gladbach,1.2,2.0,1.6,1.4,1.6,0.8,2,3,0,1,3,1,5,5,2.0,0.6,1.8,0.8,0.6,1.8,3,1,5,5,D
,Bayern Munich,Freiburg,2.4,2.6,3.6,2.2,1.2,0.6,4,4,0,1,1,0,5,5,2.4,2.2,4.0,1.4,0.8,0.6,4,3,5,5,H
,Bochum,Hoffenheim,1.4,1.8,0.8,2.2,1.0,1.6,2,3,1,0,2,2,5,5,1.75,0.8,1.25,1.4,0.75,2.0,2,1,4,5,H
,Stuttgart,Bielefeld,1.2,0.2,1.2,0.6,1.4,2.2,1,0,3,1,1,4,5,5,1.4,1.0,2.4,1.0,1.8,1.2,2,1,5,5,A
,Wolfsburg,Augsburg,0.6,0.8,0.8,1.4,2.0,2.2,1,1,0,1,4,3,5,5,1.4,0.4,0.8,0.4,1.2,1.8,2,0,5,5,H
,RB Leipzig,Dortmund,2.2,2.4,3.0,2.0,0.6,0.8,3,4,2,0,0,1,5,5,2.4,1.8,3.6,2.2,1.0,1.6,4,3,5,5,H
,Hertha,Leverkusen,1.2,1.4,0.8,1.6,2.2,1.8,2,2,0,1,3,2,5,5,1.4,2.2,1.0,2.8,1.0,1.0,2,3,5,5,D
,FC Koln,Union Berlin,1.0,2.0,1.2,1.6,2.2,1.4,1,3,2,1,2,1,5,5,2.2,1.2,2.2,1.6,1.2,1.8,3,1,5,5,D
,Greuther Furth,Ein Frankfurt,0.0,1.0,0.8,1.0,2.8,1.4,0,1,0,2,5,2,5,5,0.2,1.0,0.6,1.2,1.8,2.0,0,1,5,5,A
,Augsburg,Bayern Munich,0.8,2.4,1.4,3.4,1.8,1.2,1,4,1,0,3,1,5,5,1.4,2.6,1.4,3.6,2.0,1.2,2,4,5,5,H
,Bielefeld,Wolfsburg,0.8,1.2,0.8,0.8,2.0,1.4,1,2,1,0,3,3,5,5,0.4,1.8,0.6,1.4,2.0,1.2,0,3,5,5,D
,Dortmund,Stuttgart,2.4,1.0,2.2,1.2,1.0,1.6,4,1,0,2,1,2,5,5,3.0,0.6,2.8,0.6,1.2,2.0,5,0,5,5,H
,Hoffenheim,RB Leipzig,1.2,2.2,1.6,2.2,1.8,0.8,2,3,0,2,3,0,5,5,2.0,0.6,2.4,0.6,1.0,1.0,3,0,5,5,H
,Leverkusen,Bochum,1.0,1.8,1.6,1.2,2.0,1.0,1,3,2,0,2,2,5,5,1.2,0.6,1.8,0.6,2.2,2.8,2,1,5,5,H
,M'gladbach,Greuther Furth,1.6,0.0,1.4,0.8,1.0,2.6,2,0,2,0,1,5,5,5,2.2,0.0,1.6,0.8,0.8,3.0,3,0,5,5,H
,Union Berlin,Hertha,1.6,1.4,1.8,1.0,1.8,1.2,2,2,2,1,1,2,5,5,2.0,1.2,1.4,1.0,1.2,3.0,3,2,5,5,H
,Freiburg,Ein Frankfurt,2.0,1.4,1.8,1.2,1.0,1.4,3,2,1,1,1,2,5,5,2.2,1.6,2.0,1.2,0.8,1.2,3,2,5,5,A
,Mainz,FC Koln,1.4,1.0,1.8,1.4,1.6,2.4,2,1,1,2,2,2,5,5,1.6,0.4,1.8,0.8,0.8,2.4,2,0,5,5,D
,Stuttgart,Mainz,0.4,1.6,0.8,1.8,1.8,1.4,0,2,2,2,3,1,5,5,0.8,1.2,1.4,1.0,1.8,1.4,1,2,5,5,H
,Bochum,Freiburg,1.8,1.4,1.2,1.4,0.6,1.2,3,2,0,1,2,2,5,5,2.0,2.0,1.4,1.6,0.6,1.0,3,3,5,5,H
,FC Koln,M'gladbach,0.6,1.6,1.0,1.6,2.4,0.8,0,2,3,2,2,1,5,5,1.8,0.8,2.0,1.0,1.4,1.2,2,1,5,5,H
,Greuther Furth,Hoffenheim,0.0,1.8,0.6,1.8,2.8,1.2,0,3,0,0,5,2,5,5,0.2,0.2,0.6,0.6,1.8,2.4,0,0,5,5,A
,Hertha,Augsburg,1.4,1.4,0.8,1.6,1.2,1.6,2,2,1,1,2,2,5,5,1.4,0.2,1.2,0.4,1.2,2.0,2,0,5,5,D
,Wolfsburg,Dortmund,1.4,2.4,1.0,2.2,1.2,1.0,2,4,1,0,2,1,5,5,1.4,1.2,0.8,1.8,1.2,1.8,2,2,5,5,A
,Bayern Munich,Bielefeld,2.4,1.0,3.4,1.2,1.2,1.6,4,1,0,2,1,2,5,5,2.4,1.0,3.8,0.8,0.6,1.2,4,1,5,5,H
,Ein Frankfurt,Union Berlin,1.4,1.6,1.2,1.8,1.2,1.6,2,2,1,2,2,1,5,5,0.8,1.2,0.8,1.8,1.0,2.0,0,1,5,5,H
,RB Leipzig,Leverkusen,1.6,1.0,1.6,1.0,1.2,2.0,2,1,2,2,1,2,5,5,2.4,2.2,3.2,2.8,1.2,1.0,4,3,5,5,A
,Union Berlin,RB Leipzig,1.0,1.4,1.6,1.6,2.0,1.6,1,2,2,1,2,2,5,5,2.0,0.6,1.4,0.6,1.0,1.2,3,0,5,5,H
,Augsburg,Bochum,1.4,1.8,1.6,1.4,1.6,0.8,2,3,1,0,2,2,5,5,2.0,0.6,1.8,0.4,1.4,2.6,3,1,5,5,A
,Bielefeld,FC Koln,0.8,1.2,1.0,1.8,1.6,1.6,1,1,1,3,3,1,5,5,0.4,0.6,0.8,0.6,2.2,2.0,0,0,5,5,D
,Hoffenheim,Ein Frankfurt,1.8,2.0,2.0,1.4,1.8,1.0,3,3,0,1,2,1,5,5,2.4,2.0,2.4,1.4,0.6,1.0,4,3,5,5,H
,Leverkusen,Greuther Furth,1.6,0.0,1.4,1.2,1.2,3.8,2,0,2,0,1,5,5,5,1.2,0.0,1.2,0.8,2.2,3.2,2,0,5,5,H
,Mainz,Wolfsburg,1.6,1.4,1.8,1.2,1.2,1.4,2,2,2,1,1,2,5,5,1.2,1.4,1.4,1.4,1.0,1.4,1,2,5,5,H
,Dortmund,Bayern Munich,2.4,2.4,2.2,2.6,1.0,1.0,4,4,0,0,1,1,5,5,3.0,2.4,2.6,3.6,1.0,1.4,5,4,5,5,A
,Stuttgart,Hertha,0.8,1.0,1.0,0.6,1.8,1.2,1,1,1,2,3,2,5,5,1.4,1.2,1.4,1.0,1.4,2.4,2,2,5,5,D
,M'gladbach,Freiburg,1.4,1.2,1.6,1.4,1.4,1.4,2,2,1,0,2,3,5,5,2.6,1.4,2.2,1.2,0.6,1.0,4,2,5,5,A
,FC Koln,Augsburg,1.2,1.4,1.6,1.8,1.4,1.4,1,2,3,1,1,2,5,5,1.8,0.2,2.4,0.6,1.4,2.2,2,0,5,5,A
,Bayern Munich,Mainz,2.4,1.6,2.4,1.6,1.4,1.0,4,2,0,2,1,1,5,5,2.4,1.2,3.0,1.2,0.6,1.4,4,2,5,5,H
,Bochum,Dortmund,1.8,1.8,1.6,2.0,1.2,1.4,3,3,0,0,2,2,5,5,2.0,1.8,1.4,2.2,0.8,1.6,3,3,5,5,D
,Freiburg,Hoffenheim,1.2,2.4,2.2,2.6,1.4,1.4,2,4,0,0,3,1,5,5,1.6,0.8,1.6,1.4,1.0,2.4,2,1,5,5,A
,Hertha,Bielefeld,0.6,1.0,0.8,1.0,1.6,1.2,0,1,3,2,2,2,5,5,1.6,0.8,1.2,0.6,1.0,1.2,2,1,5,5,H
,RB Leipzig,M'gladbach,0.8,1.4,1.0,1.6,1.8,2.4,1,2,1,1,3,2,5,5,2.4,0.8,3.2,1.0,1.0,1.6,4,1,5,5,H
,Wolfsburg,Stuttgart,1.4,0.8,1.2,1.2,1.6,2.0,2,1,1,1,2,3,5,5,0.8,0.6,0.8,0.8,1.8,1.6,1,0,5,5,A
,Greuther Furth,Union Berlin,0.0,1.4,1.2,1.8,4.4,2.0,0,2,0,1,5,2,5,5,0.0,1.0,1.0,1.6,2.8,2.0,0,1,5,5,H
,Ein Frankfurt,Leverkusen,2.0,2.0,1.8,2.4,1.2,1.0,3,3,1,1,1,1,5,5,1.2,2.2,1.2,2.6,1.2,1.0,1,3,5,5,H
,Stuttgart,Bayern Munich,1.4,2.4,1.4,1.8,1.2,1.2,2,4,1,0,2,1,5,5,1.6,2.4,1.6,3.4,1.2,1.6,2,4,5,5,A
,Bielefeld,Bochum,1.0,2.0,0.8,1.6,1.2,1.0,1,3,2,1,2,1,5,5,0.4,1.2,1.0,1.0,2.4,1.6,0,2,5,5,H
,Mainz,Hertha,1.0,1.2,1.4,1.2,1.2,1.2,1,1,2,3,2,1,5,5,1.6,0.8,2.0,0.8,1.0,2.6,2,1,5,5,H
,Wolfsburg,FC Koln,0.8,1.2,0.8,1.6,2.0,1.4,1,1,1,3,3,1,5,5,0.6,0.6,0.6,0.6,2.0,2.0,1,0,5,5,A
,M'gladbach,Ein Frankfurt,0.8,2.4,1.4,2.6,3.0,1.4,1,4,1,0,3,1,5,5,2.0,1.8,1.6,1.6,1.6,1.4,3,3,5,5,A
,Augsburg,RB Leipzig,1.4,1.2,1.4,1.6,1.2,1.8,2,2,1,0,2,3,5,5,2.0,0.6,2.0,0.8,1.2,1.4,3,0,5,5,D
,Dortmund,Greuther Furth,1.4,0.6,1.8,1.2,1.6,3.8,2,1,1,0,2,4,5,5,2.4,0.0,2.2,0.8,1.2,4.2,4,0,5,5,H
,Leverkusen,Hoffenheim,2.0,2.4,2.8,2.6,1.6,1.6,3,4,1,0,1,1,5,5,1.8,1.2,2.0,1.8,1.6,2.6,3,2,5,5,D
,Union Berlin,Freiburg,1.4,0.6,1.4,1.8,1.2,1.6,2,1,1,0,2,4,5,5,2.4,1.8,1.8,2.4,1.2,1.0,4,3,5,5,D
,Bayern Munich,Wolfsburg,2.4,0.2,2.4,1.0,1.0,2.6,4,0,0,1,1,4,5,5,2.4,0.8,2.0,1.0,0.8,2.0,4,1,5,5,H
,Bochum,Union Berlin,1.4,1.4,1.2,1.0,1.4,0.8,2,2,1,1,2,2,5,5,2.2,1.0,1.4,1.2,0.4,1.4,3,1,5,5,A
,Ein Frankfurt,Mainz,2.4,1.4,2.8,2.0,1.6,1.0,4,2,0,1,1,2,5,5,1.6,0.6,2.0,1.0,1.4,1.8,2,1,5,5,H
,Greuther Furth,Augsburg,0.6,1.6,1.0,1.6,4.0,1.2,1,2,0,2,4,1,5,5,0.6,0.8,1.2,1.0,2.4,1.6,1,1,5,5,D
,Hoffenheim,M'gladbach,2.6,0.6,3.0,1.6,1.6,3.4,4,1,1,0,0,4,5,5,3.0,0.8,3.0,1.2,0.6,2.2,5,1,5,5,D
,RB Leipzig,Bielefeld,0.8,1.0,1.4,1.0,1.8,1.2,1,1,1,2,3,2,5,5,2.4,0.8,2.8,0.4,1.2,1.0,4,1,5,5,A
,Hertha,Dortmund,1.0,2.0,1.0,2.2,1.8,1.2,1,3,2,1,2,1,5,5,1.6,1.4,1.2,1.6,0.8,1.2,2,2,5,5,H
,Freiburg,Leverkusen,0.8,2.0,1.6,3.0,1.2,1.8,1,3,1,1,3,1,5,5,1.4,1.6,1.6,2.4,1.2,1.8,2,2,5,5,H
,FC Koln,Stuttgart,1.6,1.4,1.8,1.4,1.4,2.0,2,2,2,1,1,2,5,5,1.6,1.0,2.2,1.0,1.6,1.4,2,1,5,5,H
,Bayern Munich,M'gladbach,3.0,0.2,3.0,1.0,0.6,3.6,5,0,0,1,0,4,5,5,3.0,0.4,2.6,0.8,0.4,2.2,5,0,5,5,A
,Freiburg,Bielefeld,1.4,1.4,2.0,1.0,1.0,0.8,2,2,1,1,2,2,5,5,1.4,1.4,1.4,0.8,1.4,0.8,2,2,5,5,D
,Greuther Furth,Stuttgart,0.8,1.4,1.0,1.2,3.2,1.8,1,2,1,1,3,2,5,5,0.8,0.8,1.0,1.0,1.8,1.6,1,1,5,5,D
,Hoffenheim,Augsburg,2.2,1.2,2.8,1.2,1.8,1.0,3,1,2,3,0,1,5,5,2.6,1.0,2.6,0.8,0.6,1.2,4,1,5,5,H
,Leverkusen,Union Berlin,1.4,1.4,3.0,0.8,2.2,0.8,2,2,1,1,2,2,5,5,1.4,1.0,2.2,1.0,2.0,1.2,2,1,5,5,D
,RB Leipzig,Mainz,0.8,1.2,1.4,1.8,1.8,1.0,1,2,1,0,3,3,5,5,1.8,0.6,2.2,1.0,1.6,1.8,3,1,5,5,H
,Ein Frankfurt,Dortmund,2.4,1.4,2.6,2.2,1.6,1.6,4,2,0,1,1,2,5,5,2.0,1.4,2.0,2.0,1.2,1.6,3,2,5,5,A
,Hertha,FC Koln,1.6,2.0,1.6,1.8,1.8,1.2,2,3,2,1,1,1,5,5,2.2,1.0,1.6,1.0,0.8,2.2,3,1,5,5,A
,Bochum,Wolfsburg,1.4,0.0,1.2,0.6,1.4,3.0,2,0,1,0,2,5,5,5,2.0,0.8,1.4,0.8,0.6,2.2,3,1,5,5,H
,Dortmund,Freiburg,1.4,1.6,2.2,2.2,1.8,1.0,2,2,1,2,2,1,5,5,2.4,1.4,2.4,2.0,1.0,0.8,4,2,5,5,H
,FC Koln,Bayern Munich,2.0,2.4,1.6,3.0,1.2,1.0,3,4,1,0,1,1,5,5,1.6,2.4,1.8,3.8,1.4,1.4,2,4,5,5,A
,Mainz,Bochum,1.2,1.4,1.8,1.0,1.4,1.2,2,2,0,1,3,2,5,5,2.2,1.2,2.6,1.0,0.6,1.4,3,2,5,5,H
,Stuttgart,RB Leipzig,1.0,1.4,0.8,2.0,1.6,1.4,1,2,2,1,2,2,5,5,1.0,0.6,1.0,0.8,2.0,1.4,1,0,5,5,A
,Union Berlin,Hoffenheim,1.6,2.2,1.0,2.2,0.8,1.4,2,3,2,2,1,0,5,5,2.0,1.4,1.6,2.0,1.2,2.4,3,2,5,5,H
,Wolfsburg,Hertha,0.0,1.4,0.4,1.6,2.6,2.2,0,2,0,1,5,2,5,5,0.6,0.8,0.8,0.8,2.0,2.2,1,1,5,5,D
,M'gladbach,Leverkusen,0.8,1.0,1.2,2.8,3.0,2.4,1,1,1,2,3,2,5,5,1.4,1.0,1.8,1.8,2.2,2.2,2,1,5,5,A
,Augsburg,Ein Frankfurt,1.0,1.8,1.2,2.6,1.4,2.0,1,3,2,0,2,2,5,5,1.6,1.8,2.0,1.8,1.4,1.6,2,3,5,5,D
,Bielefeld,Greuther Furth,1.6,1.0,1.4,0.4,1.0,2.0,2,1,2,2,1,2,5,5,1.0,0.0,1.4,0.6,1.6,4.2,1,0,5,5,D
,Ein Frankfurt,Bielefeld,2.0,1.6,2.4,1.6,1.6,1.2,3,2,1,2,1,1,5,5,2.0,1.4,2.2,1.0,1.4,1.0,3,2,5,5,A
,Freiburg,Stuttgart,1.0,0.8,1.2,0.4,2.0,1.6,1,1,2,1,2,3,5,5,1.4,0.8,1.6,0.8,1.6,1.4,2,1,5,5,H
,Greuther Furth,Mainz,1.2,1.2,0.6,1.4,1.0,1.4,1,2,3,0,1,3,5,5,1.0,0.6,1.0,1.0,1.6,2.0,1,1,5,5,H
,Hoffenheim,Dortmund,1.6,2.0,1.8,2.8,1.4,1.4,2,3,2,1,1,1,5,5,2.6,1.4,2.2,2.0,0.8,1.8,4,2,5,5,A
,Leverkusen,Augsburg,1.0,1.2,1.8,1.0,2.4,1.0,1,1,2,3,2,1,5,5,1.6,1.0,2.4,0.8,1.4,1.0,2,1,5,5,H
,M'gladbach,Union Berlin,0.8,1.6,1.4,1.0,2.2,0.8,1,2,1,2,3,1,5,5,1.2,1.0,1.8,1.2,2.4,1.4,2,1,5,5,A
,Bochum,FC Koln,0.8,1.8,0.4,1.4,1.0,1.8,1,3,1,0,3,2,5,5,2.0,1.6,1.2,1.6,0.6,1.4,3,2,5,5,D
,RB Leipzig,Wolfsburg,2.0,0.2,2.2,0.4,1.0,2.0,3,0,1,1,1,4,5,5,1.8,0.8,2.2,0.8,1.6,2.0,3,1,5,5,H
,Hertha,Bayern Munich,1.4,2.4,1.2,3.2,1.8,0.6,2,4,1,0,2,1,5,5,1.6,2.4,1.6,3.6,1.4,1.2,2,4,5,5,A
,Hertha,Bochum,0.8,0.8,1.0,0.6,2.6,1.2,1,1,1,1,3,3,5,5,1.4,0.6,1.6,0.8,2.0,1.6,2,1,5,5,D
,Augsburg,Union Berlin,0.6,2.2,0.8,1.4,2.0,0.8,0,3,3,2,2,0,5,5,1.6,1.4,2.0,1.2,1.4,1.2,2,2,5,5,H
,Bielefeld,M'gladbach,2.2,0.8,2.0,1.4,0.8,1.8,3,1,2,1,0,3,5,5,1.2,1.0,1.6,1.2,1.4,2.2,1,1,5,5,D
,FC Koln,Freiburg,2.0,1.6,1.8,1.4,1.8,1.6,3,2,1,2,1,1,5,5,1.4,0.8,1.4,1.8,1.8,1.8,2,1,5,5,H
,Mainz,Hoffenheim,1.2,1.0,1.4,1.8,1.4,1.8,2,1,0,2,3,2,5,5,2.2,1.4,2.0,2.2,0.4,2.0,3,2,5,5,H
,Stuttgart,Ein Frankfurt,0.2,1.4,0.0,1.4,2.0,1.6,0,2,1,1,4,2,5,5,0.8,2.0,0.8,2.0,2.2,1.4,1,3,5,5,A
,Bayern Munich,RB Leipzig,2.4,2.0,3.6,1.8,0.6,0.8,4,3,0,1,1,1,5,5,2.4,1.0,2.0,1.0,0.8,1.2,4,1,5,5,H
,Dortmund,Leverkusen,2.4,1.6,3.2,2.4,1.6,1.6,4,2,0,2,1,1,5,5,2.4,1.4,2.8,1.8,1.0,2.0,4,2,5,5,A
,Wolfsburg,Greuther Furth,0.2,1.2,0.4,0.8,2.0,1.2,0,1,1,3,4,1,5,5,0.8,0.2,0.8,0.8,1.6,3.8,1,0,5,5,H
,RB Leipzig,FC Koln,1.8,2.0,2.0,1.4,1.2,1.4,3,3,0,1,2,1,5,5,1.8,1.8,2.2,2.0,1.4,1.4,3,2,5,5,H
,Bochum,Bayern Munich,1.0,2.4,0.8,3.2,1.0,1.0,1,4,2,0,2,1,5,5,1.6,2.4,1.2,3.4,1.0,1.0,2,4,5,5,H
,Ein Frankfurt,Wolfsburg,1.4,0.8,1.4,0.8,1.6,1.6,2,1,1,1,2,3,5,5,1.8,0.2,2.0,0.4,1.6,2.4,3,0,5,5,A
,Freiburg,Mainz,1.4,1.2,1.4,1.0,1.8,1.4,2,2,1,0,2,3,5,5,1.4,0.0,1.4,0.8,1.4,2.2,2,0,5,5,D
,Greuther Furth,Hertha,1.2,1.0,1.0,1.2,1.4,2.0,1,1,3,2,1,2,5,5,1.6,0.4,1.2,0.4,1.4,2.0,2,0,5,5,H
,M'gladbach,Augsburg,1.0,1.0,1.2,1.0,1.4,1.8,1,1,2,2,2,2,5,5,0.6,1.0,1.6,1.0,2.6,1.8,1,1,5,5,H
,Leverkusen,Stuttgart,2.0,0.2,3.0,0.4,1.6,1.6,3,0,1,1,1,4,5,5,2.2,0.8,3.4,0.6,1.2,1.0,3,1,5,5,H
,Union Berlin,Dortmund,2.0,1.8,1.4,3.0,1.2,2.6,3,3,1,0,1,2,5,5,2.0,2.0,1.6,2.4,1.4,1.8,3,3,5,5,A
,Hoffenheim,Bielefeld,0.8,1.8,1.4,1.8,1.8,1.0,1,2,1,3,3,0,5,5,2.0,1.4,2.2,1.2,1.4,1.0,3,2,5,5,H
,Mainz,Leverkusen,1.4,2.6,1.2,3.6,1.4,1.6,2,4,1,1,2,0,5,5,2.6,1.8,2.2,2.6,0.2,2.2,4,3,5,5,H
,Augsburg,Freiburg,0.8,1.0,1.4,1.2,2.4,1.8,1,1,1,2,3,2,5,5,1.6,0.8,1.6,1.6,1.2,1.6,2,1,5,5,A
,Bielefeld,Union Berlin,1.2,1.4,1.4,1.2,1.4,1.8,1,2,3,1,1,2,5,5,1.4,1.4,1.6,1.0,1.2,1.2,1,2,5,5,H
,Stuttgart,Bochum,0.2,1.6,0.8,1.6,2.2,1.2,0,2,1,2,4,1,5,5,0.8,0.8,1.2,0.8,2.6,1.4,1,1,5,5,D
,Wolfsburg,Hoffenheim,1.4,1.2,1.2,1.6,0.8,1.6,2,2,1,0,2,3,5,5,0.8,1.4,1.4,2.2,1.8,2.0,1,2,5,5,A
,FC Koln,Ein Frankfurt,1.4,0.8,1.4,1.2,2.0,2.0,2,1,1,1,2,3,5,5,1.8,2.0,1.2,2.2,1.4,1.6,3,3,5,5,H
,Bayern Munich,Greuther Furth,1.8,1.6,2.8,1.4,1.8,1.6,3,2,0,2,2,1,5,5,2.4,0.2,2.2,0.8,1.0,4.0,4,0,5,5,H
,Dortmund,M'gladbach,2.4,1.4,3.2,1.6,2.0,1.6,4,2,0,1,1,2,5,5,1.8,1.0,2.8,1.2,2.0,2.2,3,1,5,5,H
,Hertha,RB Leipzig,0.4,2.4,0.8,2.6,2.0,1.0,0,4,2,0,3,1,5,5,1.4,0.8,1.6,1.2,2.0,1.6,2,1,5,5,A
,Hoffenheim,Stuttgart,1.2,0.2,1.4,1.0,1.6,2.4,2,0,0,1,3,4,5,5,2.0,0.8,2.2,0.8,1.4,1.4,3,1,5,5,H
,Freiburg,Hertha,1.4,0.4,1.2,0.8,1.6,2.6,2,0,1,2,2,3,5,5,1.6,0.4,1.6,0.6,1.2,2.0,2,0,5,5,H
,Greuther Furth,FC Koln,1.4,1.4,1.6,1.0,2.4,1.8,2,2,1,1,2,2,5,5,2.2,1.6,1.0,2.0,0.4,1.8,3,2,5,5,D
,Leverkusen,Bielefeld,2.4,1.6,3.6,1.2,1.8,1.0,4,2,0,2,1,1,5,5,2.2,1.4,4.0,1.2,1.6,1.2,3,2,5,5,H
,M'gladbach,Wolfsburg,0.8,1.4,1.2,1.4,2.6,1.0,1,2,1,1,3,2,5,5,0.6,0.6,1.4,0.4,3.0,2.0,1,1,5,5,D
,Union Berlin,Mainz,1.2,2.0,0.8,1.6,1.6,1.0,2,3,0,1,3,1,5,5,2.0,0.2,1.2,0.8,1.0,2.0,3,0,5,5,H
,Ein Frankfurt,Bayern Munich,0.8,2.4,0.8,3.4,1.6,1.6,1,4,1,0,3,1,5,5,1.2,2.4,1.6,3.6,1.8,1.4,2,4,5,5,A
,Bochum,RB Leipzig,1.2,2.4,1.6,3.0,1.4,1.0,1,4,3,0,1,1,5,5,1.6,1.4,1.6,2.4,1.2,1.4,2,2,5,5,A
,Augsburg,Dortmund,0.8,2.4,1.4,3.8,2.2,1.6,1,4,1,0,3,1,5,5,1.0,2.0,1.4,2.4,1.4,1.6,1,3,5,5,D
,Bielefeld,Augsburg,1.4,0.8,0.8,1.4,1.2,2.2,2,1,1,1,2,3,5,5,1.8,0.8,1.4,1.2,0.8,2.2,2,1,5,5,A
,Bayern Munich,Leverkusen,2.4,2.4,2.8,3.8,1.6,1.6,4,4,0,0,1,1,5,5,2.4,1.2,2.8,2.4,1.2,2.6,4,2,5,5,D
,Bochum,Greuther Furth,1.2,1.4,1.6,1.4,1.4,2.2,1,2,3,1,1,2,5,5,1.4,0.2,1.4,1.0,1.2,4.0,2,0,5,5,H
,Hertha,Ein Frankfurt,0.2,0.6,0.8,0.6,3.2,1.6,0,1,1,0,4,4,5,5,0.8,1.4,1.4,1.8,3.2,1.8,1,2,5,5,A
,RB Leipzig,Freiburg,2.4,2.0,2.8,1.6,1.0,0.6,4,3,0,1,1,1,5,5,2.4,1.4,2.6,1.8,1.0,1.4,4,2,5,5,D
,Wolfsburg,Union Berlin,1.4,1.2,1.8,1.0,1.4,1.6,2,2,1,0,2,3,5,5,0.8,1.4,1.4,1.0,1.6,1.2,1,2,5,5,H
,Stuttgart,M'gladbach,0.2,1.0,1.2,1.4,2.4,2.6,0,1,1,2,4,2,5,5,0.4,1.0,1.0,1.0,2.6,2.6,0,1,5,5,H
,FC Koln,Hoffenheim,1.6,1.8,1.2,1.6,1.2,1.4,2,3,2,0,1,2,5,5,1.8,1.4,0.6,1.4,1.2,1.6,3,2,5,5,A
,Freiburg,Wolfsburg,1.6,2.0,1.4,2.0,0.8,1.0,2,3,2,1,1,1,5,5,2.2,0.8,2.0,0.8,0.8,1.8,3,1,5,5,H
,Hoffenheim,Bayern Munich,2.4,2.0,1.4,2.2,0.8,1.6,4,3,0,1,1,1,5,5,2.0,2.4,2.0,3.2,1.2,1.0,3,4,5,5,D
,Union Berlin,Stuttgart,0.6,0.8,0.6,1.8,1.6,2.4,1,1,0,1,4,3,5,5,2.0,0.2,1.4,0.6,1.2,1.8,3,0,5,5,D
,M'gladbach,Hertha,1.0,0.2,1.6,0.8,2.8,3.2,1,0,2,1,2,4,5,5,0.8,0.4,1.8,0.6,2.2,2.2,1,0,5,5,H
,Leverkusen,FC Koln,2.0,1.4,3.0,0.8,1.6,1.0,3,2,1,1,1,2,5,5,2.2,1.6,3.2,2.0,1.4,1.8,3,2,5,5,A
,Dortmund,Bielefeld,2.0,0.8,3.0,0.4,1.6,1.4,3,1,1,1,1,3,5,5,1.8,1.4,3.6,1.2,1.8,1.4,3,2,5,5,H
,Ein Frankfurt,Bochum,1.2,1.6,1.4,1.6,1.4,1.2,2,2,0,2,3,1,5,5,0.6,1.0,0.6,1.0,1.6,1.4,1,1,5,5,H
,Greuther Furth,RB Leipzig,0.8,2.0,1.2,2.6,2.4,1.2,1,3,1,1,3,1,5,5,1.8,2.0,1.0,2.4,0.6,1.0,2,3,5,5,A
,Mainz,Dortmund,1.4,2.0,1.6,2.6,1.6,1.2,2,3,1,1,2,1,5,5,3.0,2.0,2.6,2.4,0.4,1.6,5,3,5,5,A
,Bochum,M'gladbach,1.4,1.4,1.6,1.8,1.4,2.6,2,2,1,1,2,2,5,5,2.0,1.0,1.8,1.2,1.2,2.4,3,1,5,5,A
,Greuther Furth,Freiburg,0.8,2.2,1.2,2.0,2.8,1.0,1,3,1,2,3,0,5,5,1.6,1.0,1.2,0.8,1.8,1.6,2,1,5,5,D
,Hertha,Hoffenheim,0.0,2.6,0.6,1.6,3.4,0.6,0,4,0,1,5,0,5,5,0.2,1.4,1.0,1.2,3.6,1.4,0,2,5,5,H
,Mainz,Bielefeld,1.4,0.6,1.4,0.2,1.4,1.4,2,1,1,0,2,4,5,5,2.4,0.8,2.0,0.8,0.6,1.6,4,1,5,5,H
,Stuttgart,Augsburg,1.0,1.4,1.6,1.4,2.0,1.2,1,2,2,1,2,2,5,5,0.8,0.8,1.2,1.0,2.6,2.2,1,1,5,5,H
,Bayern Munich,Union Berlin,1.6,0.8,1.8,0.8,1.4,1.4,2,1,2,1,1,3,5,5,2.0,0.8,2.6,0.8,1.2,1.4,3,1,5,5,H
,RB Leipzig,Ein Frankfurt,2.6,1.2,3.4,1.2,0.8,1.2,4,2,1,0,0,3,5,5,2.0,2.0,2.0,2.2,1.0,1.4,3,3,5,5,D
,Wolfsburg,Leverkusen,1.4,1.4,1.6,2.0,1.4,1.4,2,2,1,1,2,2,5,5,1.4,1.4,1.6,2.2,1.2,1.8,2,2,5,5,A
,FC Koln,Dortmund,1.4,2.6,0.8,2.4,1.0,0.2,2,4,1,1,2,0,5,5,1.8,2.6,0.6,2.2,1.0,1.0,3,4,5,5,D
,Union Berlin,FC Koln,0.8,1.6,0.8,0.8,1.6,0.6,1,2,1,2,3,1,5,5,1.6,1.6,1.2,1.6,1.2,1.4,2,2,5,5,H
,Bielefeld,Stuttgart,0.6,1.6,0.2,1.8,1.8,1.6,1,2,0,2,4,1,5,5,1.6,0.4,1.2,0.8,0.8,1.8,2,0,5,5,D
,Ein Frankfurt,Greuther Furth,1.4,0.4,1.2,0.8,0.8,2.6,2,0,1,2,2,3,5,5,0.6,0.2,0.8,1.0,1.8,3.0,1,0,5,5,D
,Freiburg,Bayern Munich,2.2,2.2,1.8,2.2,0.8,0.6,3,3,2,2,0,0,5,5,2.2,2.0,2.2,2.4,1.0,1.2,3,3,5,5,A
,Hoffenheim,Bochum,2.0,0.8,1.2,0.8,1.2,1.4,3,1,1,1,1,3,5,5,2.0,0.4,2.0,0.6,1.2,1.4,3,0,5,5,A
,Leverkusen,Hertha,1.4,0.6,1.6,1.0,1.0,3.0,2,1,1,0,2,4,5,5,2.0,0.2,2.8,0.2,1.2,2.2,3,0,5,5,H
,Dortmund,RB Leipzig,2.2,2.2,2.0,2.8,0.4,0.6,3,3,2,2,0,0,5,5,2.4,2.4,3.4,3.4,1.2,1.0,4,4,5,5,A
,Augsburg,Wolfsburg,0.8,0.8,1.4,1.2,1.8,1.8,1,1,1,1,3,3,5,5,1.2,0.8,1.2,1.2,1.0,1.6,1,1,5,5,H
,M'gladbach,Mainz,1.4,1.4,1.6,1.8,2.2,1.4,2,2,1,1,2,2,5,5,1.4,0.2,1.8,0.8,1.6,2.2,2,0,5,5,D
,Augsburg,Mainz,1.4,1.4,1.6,1.8,1.2,1.4,2,2,1,1,2,2,5,5,1.6,0.4,1.6,1.0,0.8,2.2,2,0,5,5,H
,Stuttgart,Dortmund,1.6,1.6,1.8,1.0,1.6,1.2,2,2,2,2,1,1,5,5,1.4,2.2,1.8,1.8,2.0,0.8,2,3,5,5,A
,Bayern Munich,Augsburg,2.2,2.0,2.2,1.8,0.6,1.0,3,3,2,1,0,1,5,5,2.0,0.6,2.6,1.4,1.2,2.8,3,1,5,5,H
,FC Koln,Mainz,1.0,0.8,0.6,1.4,0.8,1.4,1,1,2,1,2,3,5,5,1.4,0.4,0.6,1.0,1.2,1.8,2,0,5,5,H
,Greuther Furth,M'gladbach,0.6,1.6,0.6,1.8,1.8,1.2,0,2,3,2,2,1,5,5,1.6,1.4,1.2,1.4,1.8,2.2,2,2,5,5,A
,Wolfsburg,Bielefeld,0.8,0.2,1.0,0.2,2.0,2.0,1,0,1,1,3,4,5,5,1.4,0.6,1.2,0.4,1.0,2.0,2,1,5,5,H
,Hertha,Union Berlin,0.6,1.4,1.0,1.0,2.2,1.4,1,2,0,1,4,2,5,5,0.8,0.6,1.4,0.4,3.0,1.8,1,1,5,5,A
,Bochum,Leverkusen,1.2,2.0,1.0,1.6,1.4,0.6,2,3,0,1,3,1,5,5,1.4,2.0,1.6,2.4,1.6,1.4,2,3,5,5,D
,Ein Frankfurt,Freiburg,1.6,1.6,1.2,1.6,0.6,1.4,2,2,2,2,1,1,5,5,0.8,1.0,0.4,0.8,1.2,1.6,1,1,5,5,A
,RB Leipzig,Hoffenheim,2.2,1.4,2.4,1.0,0.6,1.4,3,2,2,1,0,2,5,5,2.2,1.2,2.0,0.8,0.6,1.6,3,2,5,5,H
,Augsburg,Hertha,1.8,0.6,1.6,1.2,1.0,2.4,3,1,0,0,2,4,5,5,2.0,0.2,1.8,0.4,0.8,1.8,3,0,5,5,A
,Dortmund,Wolfsburg,2.0,1.2,1.2,1.4,1.0,1.6,3,2,1,0,1,3,5,5,1.8,0.8,3.0,1.2,2.0,2.0,3,1,5,5,H
,Freiburg,Bochum,1.6,1.4,1.4,1.0,1.6,1.2,2,2,2,1,1,2,5,5,2.0,1.0,2.0,1.0,1.4,1.2,3,1,5,5,H
,Mainz,Stuttgart,0.8,1.6,1.6,1.6,1.4,1.6,1,2,1,2,3,1,5,5,2.4,0.4,2.0,1.0,0.6,2.0,4,0,5,5,D
,M'gladbach,FC Koln,2.0,1.4,1.8,1.0,0.8,1.0,3,2,1,1,1,2,5,5,1.6,1.0,1.8,1.0,1.4,1.4,2,1,5,5,A
,Bielefeld,Bayern Munich,0.2,2.2,0.2,2.2,2.2,0.6,0,3,1,2,4,0,5,5,1.2,2.0,1.0,2.4,1.0,1.4,1,3,5,5,A
,Hoffenheim,Greuther Furth,0.8,0.4,0.6,0.4,1.8,2.0,1,0,1,2,3,3,5,5,1.4,0.4,1.6,1.0,1.4,2.4,2,0,5,5,D
,Union Berlin,Ein Frankfurt,1.4,1.6,1.2,1.4,1.4,0.8,2,2,1,2,2,1,5,5,2.0,1.6,1.4,1.6,1.2,1.0,3,2,5,5,H
,Leverkusen,RB Leipzig,1.6,2.2,1.0,2.8,0.6,0.6,2,3,2,2,1,0,5,5,2.4,2.4,2.8,3.8,1.0,1.2,4,4,5,5,A
,Wolfsburg,Mainz,0.6,1.0,1.4,1.6,2.8,1.2,1,1,0,2,4,2,5,5,1.8,0.4,2.0,1.2,1.0,2.0,3,0,5,5,H
,Ein Frankfurt,Hoffenheim,1.0,0.4,0.6,0.4,1.0,1.8,1,0,2,2,2,3,5,5,0.8,1.2,0.6,0.6,1.2,1.8,1,2,5,5,D
,FC Koln,Bielefeld,2.0,0.2,1.6,0.2,1.0,2.6,3,0,1,1,1,4,5,5,2.0,0.0,1.2,0.0,0.8,2.8,3,0,5,5,H
,Freiburg,M'gladbach,2.0,2.0,1.8,1.6,1.4,0.8,3,3,1,1,1,1,5,5,2.0,1.4,2.2,1.4,1.4,2.0,3,2,5,5,D
,Greuther Furth,Leverkusen,0.6,1.4,0.2,0.8,1.6,0.6,0,2,3,1,2,2,5,5,1.0,1.6,0.8,2.0,2.0,1.2,1,2,5,5,A
,RB Leipzig,Union Berlin,2.6,2.0,2.8,1.6,0.4,1.2,4,3,1,1,0,1,5,5,2.2,0.6,1.8,0.8,0.4,1.8,3,1,5,5,A
,Bayern Munich,Dortmund,2.6,2.0,2.6,2.2,0.4,1.2,4,3,1,1,0,1,5,5,2.6,2.2,2.6,1.6,0.8,0.4,4,3,5,5,H
,Bochum,Augsburg,0.8,1.2,0.6,1.4,1.6,1.2,1,2,1,0,3,3,5,5,1.4,0.6,1.2,1.2,1.2,2.4,2,1,5,5,A
,Hertha,Stuttgart,1.2,1.2,1.2,1.0,1.6,1.2,2,1,0,3,3,1,5,5,0.8,0.6,1.4,1.0,3.0,1.6,1,0,5,5,H
,Union Berlin,Greuther Furth,2.4,0.6,1.8,0.2,1.2,1.2,4,0,0,3,1,2,5,5,2.0,0.4,1.4,0.6,1.0,2.0,3,0,5,5,D
,Augsburg,FC Koln,1.8,2.0,1.4,2.0,0.6,1.2,3,3,0,1,2,1,5,5,1.4,1.4,1.4,1.2,1.0,1.2,2,2,5,5,A
,Bielefeld,Hertha,0.2,1.8,0.4,1.6,3.0,1.2,0,3,1,0,4,2,5,5,1.0,0.6,0.6,0.6,1.2,1.8,1,1,5,5,D
,Dortmund,Bochum,1.4,0.8,2.2,0.4,1.8,1.6,2,1,1,1,2,3,5,5,1.8,1.0,3.2,1.0,2.0,1.6,3,1,5,5,A
,Mainz,Bayern Munich,0.4,3.0,0.8,3.0,2.2,0.4,0,5,2,0,3,0,5,5,2.0,2.0,1.8,2.2,0.6,1.2,3,3,5,5,H
,Stuttgart,Wolfsburg,1.0,1.2,0.8,2.0,1.4,2.2,1,2,2,0,2,3,5,5,1.4,0.8,1.8,1.4,2.0,2.8,2,1,5,5,D
,Hoffenheim,Freiburg,0.4,1.6,0.6,1.8,2.0,1.6,0,2,2,2,3,1,5,5,1.6,1.6,1.2,1.0,0.8,0.8,2,2,5,5,A
,Leverkusen,Ein Frankfurt,2.0,0.6,1.6,0.6,0.6,1.2,3,0,1,3,1,2,5,5,1.8,1.4,1.8,1.4,1.0,1.2,3,2,5,5,H
,M'gladbach,RB Leipzig,1.6,2.0,1.8,1.8,1.4,0.6,2,3,2,1,1,1,5,5,1.6,3.0,1.8,3.6,1.6,0.6,2,5,5,5,H
,Bochum,Bielefeld,1.4,0.4,1.2,0.6,1.8,2.4,2,0,1,2,2,3,5,5,0.8,0.0,0.4,0.2,1.2,3.0,1,0,5,5,H
,FC Koln,Wolfsburg,2.4,1.4,2.6,2.2,1.2,2.0,4,2,0,1,1,2,5,5,2.0,0.4,1.6,1.2,1.0,3.0,3,0,5,5,A
,Freiburg,Union Berlin,2.0,2.6,2.6,2.0,2.2,0.6,3,4,1,1,1,0,5,5,2.0,1.2,2.6,1.2,1.8,1.6,3,2,5,5,A
,Greuther Furth,Dortmund,0.6,1.2,0.4,2.6,1.4,2.4,0,2,3,0,2,3,5,5,0.4,1.6,0.6,1.2,2.6,1.0,0,2,5,5,A
,Hoffenheim,Leverkusen,0.4,2.0,1.2,1.6,2.2,0.6,0,3,2,1,3,1,5,5,1.0,1.6,1.4,1.8,1.6,1.0,1,2,5,5,A
,Hertha,Mainz,1.4,0.8,1.2,1.2,1.4,2.2,2,1,1,1,2,3,5,5,1.2,0.2,1.6,1.0,2.8,2.8,2,0,5,5,A
,Ein Frankfurt,M'gladbach,0.4,1.6,0.6,2.0,1.6,1.6,0,2,2,2,3,1,5,5,1.0,1.4,1.0,1.8,1.2,2.4,1,2,5,5,D
,Bayern Munich,Stuttgart,2.4,0.6,2.4,0.4,1.0,1.2,4,0,0,3,1,2,5,5,2.6,0.6,2.6,0.6,0.6,1.2,4,0,5,5,D
,RB Leipzig,Augsburg,1.8,1.2,2.0,1.0,1.2,1.4,3,2,0,0,2,3,5,5,1.6,1.2,1.6,1.4,0.8,1.4,2,2,5,5,H
,Augsburg,Greuther Furth,0.6,0.4,0.6,0.6,2.0,2.0,1,0,0,2,4,3,5,5,1.4,0.6,1.4,0.6,1.4,1.4,2,0,5,5,H
,Bielefeld,RB Leipzig,0.2,1.8,0.6,2.0,2.6,1.0,0,3,1,0,4,2,5,5,1.0,2.4,0.6,2.6,1.2,1.0,1,4,5,5,D
,Dortmund,Hertha,1.8,1.4,3.0,1.2,1.8,1.4,3,2,0,1,2,2,5,5,1.8,0.8,3.4,0.6,1.8,1.6,3,1,5,5,H
,Leverkusen,Freiburg,2.0,2.0,2.0,2.6,0.8,2.2,3,3,1,1,1,1,5,5,1.8,2.2,1.4,1.8,0.6,1.2,3,3,5,5,H
,Mainz,Ein Frankfurt,1.4,0.4,1.4,0.8,2.0,1.8,2,0,1,2,2,3,5,5,2.0,0.8,2.0,0.8,0.8,1.2,3,1,5,5,D
,M'gladbach,Hoffenheim,1.6,0.4,2.0,1.4,1.6,2.6,2,0,2,2,1,3,5,5,1.6,1.4,1.8,1.0,1.4,1.8,2,2,5,5,H
,Stuttgart,FC Koln,0.6,2.4,0.6,2.6,1.4,1.2,0,4,3,0,2,1,5,5,1.6,2.0,1.6,1.8,1.6,0.8,2,3,5,5,H
,Union Berlin,Bochum,2.6,1.4,2.6,1.2,0.8,1.8,4,2,1,1,0,2,5,5,2.2,1.4,1.6,1.6,0.6,2.0,3,2,5,5,H
,Wolfsburg,Bayern Munich,2.0,2.0,2.4,2.0,1.4,1.2,3,3,1,1,1,1,5,5,1.8,2.0,2.2,2.0,0.8,1.0,3,3,5,5,D
,Ein Frankfurt,Bayern Munich,0.6,1.6,1.0,2.2,1.8,1.6,0,2,3,2,2,1,5,5,1.2,1.6,1.2,2.2,1.2,1.4,1,2,5,5,A
,Augsburg,Freiburg,1.2,1.4,1.0,2.4,2.0,2.4,2,2,0,1,3,2,5,5,1.8,1.6,1.6,1.6,1.4,1.4,3,2,5,5,A
,Bochum,Mainz,1.2,1.6,1.6,1.4,2.4,1.8,2,2,0,2,3,1,5,5,1.4,0.8,0.8,1.2,1.2,2.4,2,1,5,5,A
,M'gladbach,Hoffenheim,1.6,0.4,2.6,1.6,1.8,3.0,2,0,2,2,1,3,5,5,2.0,0.8,2.4,0.8,1.2,2.6,3,1,5,5,H
,Union Berlin,Hertha,2.6,1.4,2.4,1.2,1.0,1.0,4,2,1,1,0,2,5,5,2.2,0.8,1.6,0.8,0.8,1.4,3,1,5,5,H
,Wolfsburg,Werder Bremen,1.6,0.2,2.0,0.6,1.8,2.0,2,0,2,1,1,4,5,5,2.0,0.6,2.4,0.8,0.8,2.0,3,1,5,5,D
,Dortmund,Leverkusen,1.8,2.4,3.0,2.4,2.0,1.0,3,4,0,0,2,1,5,5,1.8,2.2,2.6,2.2,2.0,0.8,3,3,5,5,H
,Stuttgart,RB Leipzig,1.2,1.4,1.0,1.6,1.2,1.2,1,2,3,1,1,2,5,5,2.0,2.0,1.8,2.6,1.6,1.2,3,3,5,5,D
,FC Koln,Schalke 04,1.8,0.6,2.2,1.4,1.2,2.2,3,1,0,0,2,4,5,5,1.4,0.0,1.4,0.6,1.2,2.4,2,0,5,5,H
,Freiburg,Dortmund,1.4,1.8,2.6,2.0,2.4,1.8,2,3,1,0,2,2,5,5,1.4,2.0,2.2,1.6,2.6,1.0,2,3,5,5,A
,Hertha,Ein Frankfurt,0.8,0.6,1.2,1.2,1.6,2.6,1,0,1,3,3,2,5,5,1.2,1.0,1.6,1.2,2.0,1.4,2,1,5,5,D
,Hoffenheim,Bochum,0.2,1.2,1.8,1.8,3.6,2.2,0,2,1,0,4,3,5,5,0.4,1.2,1.4,1.8,2.2,2.4,0,2,5,5,H
,Leverkusen,Augsburg,2.4,1.2,2.4,1.0,1.0,2.6,4,2,0,0,1,3,5,5,1.8,1.2,1.2,1.0,0.8,1.6,3,2,5,5,A
,RB Leipzig,FC Koln,1.0,1.8,1.6,2.2,1.4,1.2,1,3,2,0,2,2,5,5,1.6,1.8,1.8,1.8,0.6,1.0,2,3,5,5,D
,Werder Bremen,Stuttgart,0.4,1.2,1.0,1.2,2.2,1.4,0,1,2,3,3,1,5,5,0.2,0.8,0.8,0.8,2.2,1.2,0,0,5,5,D
,Schalke 04,M'gladbach,0.6,2.2,1.6,3.0,2.6,1.4,1,3,0,2,4,0,5,5,1.4,1.6,1.2,2.0,1.6,1.4,2,2,5,5,D
,Mainz,Union Berlin,2.0,2.6,1.8,2.6,2.0,1.2,3,4,1,1,1,0,5,5,1.6,1.8,1.8,2.0,0.8,1.6,2,3,5,5,D
,Bayern Munich,Wolfsburg,1.6,1.8,2.8,2.2,1.8,1.0,2,2,2,3,1,0,5,5,2.2,0.8,2.2,1.0,0.8,2.6,3,1,5,5,H
,M'gladbach,Hertha,2.2,0.4,2.8,1.0,1.2,1.8,3,0,2,2,0,3,5,5,2.0,0.8,2.6,1.0,1.4,1.6,3,1,5,5,H
,Augsburg,Mainz,1.2,2.2,1.0,1.8,2.8,1.0,2,3,0,2,3,0,5,5,1.2,1.2,1.0,1.4,2.2,2.4,2,2,5,5,A
,Dortmund,Werder Bremen,2.4,0.6,2.4,1.2,1.4,2.0,4,0,0,3,1,2,5,5,1.8,0.2,2.6,0.8,2.0,2.4,3,0,5,5,A
,Leverkusen,Hoffenheim,1.8,0.6,1.8,2.0,1.2,3.6,3,1,0,0,2,4,5,5,1.8,0.2,1.4,0.8,1.0,3.2,3,0,5,5,A
,Stuttgart,Freiburg,1.4,1.2,1.6,2.2,1.4,2.4,1,2,4,0,0,3,5,5,1.6,2.0,1.4,2.2,1.4,1.2,2,3,5,5,A
,Wolfsburg,Schalke 04,1.2,0.8,1.2,1.6,1.4,2.2,1,1,3,1,1,3,5,5,1.6,0.0,2.6,0.6,1.2,2.6,2,0,5,5,D
,Union Berlin,RB Leipzig,2.2,1.2,2.2,1.8,1.0,1.4,3,1,2,3,0,1,5,5,2.6,1.6,2.0,1.6,0.8,1.2,4,2,5,5,H
,Ein Frankfurt,FC Koln,0.6,1.4,1.0,2.0,2.4,1.4,0,2,3,1,2,2,5,5,0.6,1.4,1.0,2.0,2.2,1.4,0,2,5,5,D
,Bochum,Bayern Munich,1.2,1.6,2.2,2.6,2.4,1.6,2,2,0,2,3,1,5,5,0.8,2.0,0.6,3.2,1.4,1.4,1,3,5,5,A
,Freiburg,Bochum,1.2,0.6,1.6,1.4,1.8,3.2,2,1,0,0,3,4,5,5,0.8,1.2,1.8,2.0,2.8,2.6,1,2,5,5,H
,Hertha,Dortmund,0.2,2.4,0.8,2.2,1.8,1.2,0,4,1,0,4,1,5,5,1.4,2.0,1.6,2.0,1.4,1.2,2,3,5,5,A
,Hoffenheim,Augsburg,1.2,1.2,2.0,1.0,2.8,2.4,2,2,0,0,3,3,5,5,0.8,1.2,1.8,1.2,2.4,1.8,1,2,5,5,H
,Mainz,Leverkusen,2.2,1.2,1.6,1.4,1.0,1.8,3,2,2,0,0,3,5,5,1.8,2.0,1.8,2.0,0.6,0.8,2,3,5,5,A
,RB Leipzig,Wolfsburg,1.2,1.2,1.8,1.0,1.2,1.2,1,1,3,3,1,1,5,5,1.6,0.8,2.0,0.6,0.8,2.4,2,1,5,5,H
,Schalke 04,Union Berlin,1.0,2.6,1.4,2.4,1.8,1.0,1,4,2,1,2,0,5,5,1.4,2.0,1.6,2.0,2.0,1.4,2,3,5,5,A
,Bayern Munich,M'gladbach,2.2,2.2,3.8,2.4,1.0,1.0,3,3,2,2,0,0,5,5,2.6,1.8,2.4,2.0,0.6,1.2,4,2,5,5,D
,FC Koln,Stuttgart,1.0,1.2,1.4,1.4,1.4,1.4,1,1,2,3,2,1,5,5,2.0,0.8,2.0,1.0,1.2,1.4,3,0,5,5,D
,Werder Bremen,Ein Frankfurt,1.0,0.8,1.8,1.2,2.4,2.2,1,0,2,4,2,1,5,5,0.4,0.6,1.0,0.6,2.2,1.4,0,0,5,5,A
,Dortmund,Hoffenheim,2.4,1.8,1.8,1.8,1.0,2.0,4,3,0,0,1,2,5,5,1.8,0.8,2.8,1.4,1.8,2.6,3,1,5,5,H
,Bochum,Werder Bremen,0.0,1.0,1.0,2.4,3.2,2.8,0,1,0,2,5,2,5,5,0.8,0.8,0.6,1.4,2.4,2.6,1,1,5,5,A
,Leverkusen,Freiburg,1.2,1.8,1.2,1.6,1.4,1.0,2,3,0,0,3,2,5,5,1.2,2.4,1.0,2.4,1.4,1.2,2,4,5,5,A
,Stuttgart,Schalke 04,1.2,0.4,1.0,0.8,1.0,2.4,1,0,3,2,1,3,5,5,1.0,0.2,0.8,0.6,1.2,1.8,1,0,5,5,D
,Union Berlin,Bayern Munich,2.6,2.2,2.8,3.6,1.0,0.8,4,3,1,2,0,0,5,5,2.6,2.0,2.2,3.8,1.0,1.2,4,3,5,5,D
,Wolfsburg,FC Koln,0.6,1.2,0.8,1.4,1.6,1.2,0,1,3,3,2,1,5,5,1.8,1.6,2.6,2.2,0.8,1.4,2,2,5,5,A
,Ein Frankfurt,RB Leipzig,1.2,1.2,1.8,1.4,2.6,1.2,1,1,3,3,1,1,5,5,0.6,1.0,1.2,1.0,2.4,1.4,0,1,5,5,H
,Augsburg,Hertha,1.2,0.2,1.0,0.6,1.8,1.6,2,0,0,1,3,4,5,5,0.6,0.8,0.8,0.8,2.4,1.4,1,1,5,5,A
,M'gladbach,Mainz,2.2,1.6,2.4,1.2,1.0,1.4,3,2,2,2,0,1,5,5,2.4,1.8,2.6,1.6,1.2,2.2,4,3,5,5,A
,Werder Bremen,Augsburg,1.6,0.6,2.4,0.6,2.0,2.0,2,1,2,0,1,4,5,5,0.4,1.2,1.4,0.8,2.2,1.4,0,2,5,5,A
,Bayern Munich,Stuttgart,2.2,0.8,3.4,0.8,0.6,1.0,3,0,2,4,0,1,5,5,2.2,0.8,1.8,0.8,0.8,1.2,3,0,5,5,D
,Ein Frankfurt,Wolfsburg,1.6,0.4,2.2,0.8,2.2,2.0,2,0,2,2,1,3,5,5,1.2,0.8,1.8,0.6,2.0,2.2,1,1,5,5,A
,Hertha,Leverkusen,0.8,0.6,0.8,1.2,1.2,1.8,1,1,1,0,3,4,5,5,0.8,2.0,1.0,2.2,1.6,0.8,1,3,5,5,D
,Hoffenheim,Mainz,1.8,2.0,1.6,1.0,1.2,1.0,3,3,0,1,2,1,5,5,1.4,2.4,1.8,1.4,2.0,1.6,2,4,5,5,H
,RB Leipzig,Dortmund,1.0,2.4,1.2,1.6,1.8,0.8,1,4,2,0,2,1,5,5,2.0,2.4,2.4,2.0,0.8,1.0,3,4,5,5,H
,Schalke 04,Bochum,0.6,0.0,1.0,0.6,2.4,3.0,0,0,3,0,2,5,5,5,1.4,0.6,1.8,1.6,2.6,2.6,2,1,5,5,H
,FC Koln,Union Berlin,1.8,2.2,2.0,2.4,1.2,0.8,2,3,3,2,0,0,5,5,2.0,2.6,1.8,3.2,1.0,0.8,3,4,5,5,A
,Freiburg,M'gladbach,2.4,1.6,2.0,1.4,1.0,1.0,4,2,0,2,1,1,5,5,1.4,1.4,1.8,1.8,2.0,1.4,2,1,5,5,D
,Mainz,Hertha,1.4,1.0,0.8,1.0,1.6,1.0,2,1,1,2,2,2,5,5,1.2,0.8,1.0,1.0,1.2,1.4,1,1,5,5,D
,Augsburg,Bayern Munich,1.2,1.8,0.8,2.6,1.2,0.8,2,2,0,3,3,0,5,5,0.6,1.6,0.8,3.4,2.6,1.4,1,2,5,5,H
,Dortmund,Schalke 04,1.8,1.2,1.4,1.4,1.4,2.0,3,1,0,3,2,1,5,5,1.8,0.4,1.8,0.8,1.6,1.8,3,0,5,5,H
,Leverkusen,Werder Bremen,0.8,1.4,1.6,2.0,2.0,1.8,1,2,1,1,3,2,5,5,1.2,1.4,1.4,1.6,1.8,1.8,2,2,5,5,D
,Stuttgart,Ein Frankfurt,0.8,1.6,1.0,2.0,1.2,1.2,0,2,4,2,1,1,5,5,1.2,1.0,1.0,1.4,1.0,2.0,1,1,5,5,A
,M'gladbach,RB Leipzig,1.2,1.4,0.8,1.6,0.8,1.6,1,2,3,1,1,2,5,5,2.4,0.4,2.4,0.8,0.8,2.2,4,0,5,5,H
,Union Berlin,Wolfsburg,2.2,0.8,2.0,0.6,0.6,1.6,3,1,2,1,0,3,5,5,2.2,1.4,2.0,0.6,1.2,1.0,3,2,5,5,H
,Bochum,FC Koln,0.0,1.2,0.6,1.4,3.2,1.2,0,1,0,3,5,1,5,5,0.6,1.6,0.6,2.4,2.8,1.6,1,2,5,5,D
,Hoffenheim,Freiburg,2.4,2.0,2.2,1.2,0.8,1.0,4,3,0,1,1,1,5,5,1.8,2.4,2.6,2.6,2.2,1.4,3,4,5,5,D
,Bayern Munich,Leverkusen,1.2,1.0,2.2,1.6,1.0,1.8,1,1,3,2,1,2,5,5,1.8,2.0,2.0,2.6,1.2,1.2,2,3,5,5,H
,Ein Frankfurt,Union Berlin,2.0,2.6,2.4,2.4,1.2,0.6,3,4,1,1,1,0,5,5,1.0,2.6,1.4,2.6,1.8,0.6,1,4,5,5,H
,FC Koln,Dortmund,1.2,1.8,1.2,1.0,1.0,1.2,1,3,3,0,1,2,5,5,1.4,1.8,1.2,1.6,0.8,1.6,2,3,5,5,H
,Freiburg,Mainz,2.2,1.4,1.0,1.0,0.4,1.8,3,2,2,1,0,2,5,5,1.0,2.4,1.2,1.6,2.0,1.4,1,4,5,5,H
,RB Leipzig,Bochum,1.2,0.2,1.2,0.4,1.8,2.8,2,0,0,1,3,4,5,5,2.0,0.6,2.4,1.8,0.8,2.6,3,1,5,5,H
,Wolfsburg,Stuttgart,0.8,0.6,0.6,0.8,1.6,1.4,1,0,1,3,3,2,5,5,1.2,0.8,2.2,1.2,1.6,1.6,1,0,5,5,H
,Werder Bremen,M'gladbach,1.4,1.6,1.8,1.0,1.6,0.4,2,2,1,2,2,1,5,5,0.4,1.0,1.4,1.4,2.2,1.4,0,0,5,5,H
,Hertha,Hoffenheim,1.0,2.0,1.0,1.6,1.0,0.4,1,3,2,1,2,1,5,5,1.0,0.8,1.2,1.4,1.2,2.2,1,1,5,5,D
,Schalke 04,Augsburg,1.0,1.2,1.0,0.6,1.8,1.0,1,2,2,0,2,3,5,5,1.4,1.8,2.2,1.0,2.8,1.2,2,3,5,5,A
,Hoffenheim,Werder Bremen,1.6,1.4,1.2,2.2,0.6,1.4,2,2,2,1,1,2,5,5,2.0,1.6,2.0,1.6,1.4,1.4,3,2,5,5,A
,Augsburg,Wolfsburg,1.8,1.2,1.0,1.2,1.0,2.0,3,2,0,0,2,3,5,5,1.2,1.2,0.8,0.4,1.8,1.2,2,2,5,5,D
,Bochum,Ein Frankfurt,0.2,2.4,0.4,2.6,2.2,1.0,0,4,1,0,4,1,5,5,0.8,1.6,0.8,2.0,2.6,1.8,1,2,5,5,H
,Leverkusen,Schalke 04,1.0,0.8,1.6,1.4,2.0,2.4,1,1,2,1,2,3,5,5,0.8,0.4,1.2,0.4,2.0,1.2,1,0,5,5,H
,Mainz,RB Leipzig,0.8,1.8,0.8,1.8,2.0,1.4,1,3,1,0,3,2,5,5,1.2,0.4,1.2,0.6,1.4,2.2,1,0,5,5,D
,Dortmund,Bayern Munich,1.8,1.2,1.0,1.6,1.2,1.0,3,1,0,3,2,1,5,5,2.4,1.6,1.4,3.2,0.8,1.0,4,2,5,5,D
,M'gladbach,FC Koln,1.0,1.6,1.0,1.6,1.4,1.2,1,2,2,2,2,1,5,5,2.4,1.2,2.4,1.8,0.6,1.6,4,1,5,5,H
,Hertha,Freiburg,1.2,2.2,1.2,1.2,1.0,0.6,1,3,3,2,1,0,5,5,0.6,2.0,1.0,1.8,1.4,0.8,0,3,5,5,D
,Stuttgart,Union Berlin,0.6,2.0,1.2,2.0,1.8,0.8,0,3,3,1,2,1,5,5,1.0,2.0,1.0,2.2,1.4,0.8,1,3,5,5,A
,Schalke 04,Hoffenheim,0.8,1.0,1.2,1.2,2.0,1.0,1,1,1,2,3,2,5,5,1.4,0.8,2.4,1.2,3.0,2.0,2,1,5,5,A
,Ein Frankfurt,Leverkusen,1.8,1.0,1.8,1.8,1.0,2.0,3,1,0,2,2,2,5,5,1.4,1.4,1.6,1.8,1.6,1.8,2,2,5,5,H
,Stuttgart,Bochum,0.4,0.8,1.2,1.0,2.0,2.0,0,1,2,1,3,3,5,5,0.4,0.0,0.6,1.0,1.4,2.8,0,0,5,5,H
,Werder Bremen,Mainz,2.0,1.0,2.0,1.0,0.8,1.6,3,1,1,2,1,2,5,5,0.8,1.8,2.4,1.4,2.4,1.6,1,3,5,5,A
,Wolfsburg,M'gladbach,1.4,1.4,1.4,1.8,1.8,1.6,2,2,1,1,2,2,5,5,1.2,0.8,1.8,1.0,2.0,1.8,1,0,5,5,D
,RB Leipzig,Hertha,1.4,1.4,1.6,1.6,1.6,1.2,2,1,1,4,2,0,5,5,2.6,0.8,3.0,1.0,0.4,1.4,4,1,5,5,H
,FC Koln,Augsburg,1.4,2.0,2.0,1.2,2.2,1.0,2,3,1,1,2,1,5,5,1.4,1.8,1.2,1.2,1.0,1.6,2,3,5,5,H
,Union Berlin,Dortmund,2.0,1.4,1.0,1.2,0.6,1.6,3,2,1,1,1,2,5,5,2.6,1.8,2.2,1.8,1.0,1.6,4,3,5,5,H
,Bayern Munich,Freiburg,1.2,1.8,1.8,1.4,1.2,1.0,1,2,3,3,1,0,5,5,1.8,2.2,2.2,2.0,1.0,0.8,2,3,5,5,H
,Mainz,FC Koln,1.0,1.4,1.2,1.8,1.6,2.2,1,2,2,1,2,2,5,5,0.8,1.2,0.8,2.0,1.4,2.2,0,1,5,5,H
,Augsburg,RB Leipzig,2.0,2.0,1.6,2.2,1.2,1.2,3,3,1,1,1,1,5,5,0.8,0.4,0.6,0.6,1.8,2.2,1,0,5,5,D
,Dortmund,Stuttgart,0.8,0.8,1.0,1.8,2.0,2.0,1,1,1,1,3,3,5,5,2.0,0.8,1.4,1.6,1.0,1.8,3,0,5,5,H
,Freiburg,Werder Bremen,1.2,1.4,0.8,1.6,1.6,1.2,1,2,3,1,1,2,5,5,1.4,2.2,1.0,2.0,1.6,1.2,2,3,5,5,H
,Hoffenheim,Bayern Munich,1.6,1.6,1.8,2.6,0.8,1.0,2,2,2,2,1,1,5,5,2.0,1.6,1.8,3.2,1.0,1.0,3,2,5,5,A
,Leverkusen,Wolfsburg,1.0,1.6,1.6,1.4,2.4,1.4,1,2,2,2,2,1,5,5,0.8,0.8,1.6,0.4,1.8,1.4,1,1,5,5,D
,M'gladbach,Ein Frankfurt,1.6,1.8,2.2,2.0,1.8,1.2,2,3,2,0,1,2,5,5,2.4,1.6,2.4,2.0,0.8,2.0,4,2,5,5,A
,Bochum,Union Berlin,0.8,2.4,1.2,1.2,2.4,0.4,1,4,1,0,3,1,5,5,0.8,2.0,1.0,1.6,2.4,0.6,1,3,5,5,H
,Hertha,Schalke 04,0.8,0.6,1.6,1.0,1.8,2.4,0,1,4,0,1,4,5,5,0.8,0.4,1.2,0.4,1.4,1.8,0,0,5,5,H
,Werder Bremen,Hertha,1.4,1.2,1.6,1.6,1.4,1.6,2,1,1,3,2,1,5,5,0.8,0.8,2.0,1.2,2.0,1.6,1,1,5,5,H
,Bayern Munich,Mainz,2.0,1.6,2.6,2.0,0.6,0.8,3,2,1,2,1,1,5,5,2.2,1.8,2.8,1.4,0.6,1.4,3,3,5,5,H
,RB Leipzig,Leverkusen,1.6,1.0,2.2,1.6,1.8,2.4,2,1,2,2,1,2,5,5,2.6,0.8,2.8,1.2,0.8,2.4,4,1,5,5,H
,Stuttgart,Augsburg,0.6,1.6,1.4,2.0,2.6,1.8,1,2,0,2,4,1,5,5,0.8,1.8,1.2,1.6,1.4,1.4,1,3,5,5,H
,Wolfsburg,Bochum,1.2,1.4,1.6,1.4,1.8,2.0,1,2,3,1,1,2,5,5,1.2,0.0,1.8,0.8,2.0,3.0,1,0,5,5,H
,Ein Frankfurt,Dortmund,2.4,1.4,2.6,2.0,1.2,1.4,4,2,0,1,1,2,5,5,2.0,1.2,2.4,1.2,0.6,1.8,3,2,5,5,A
,Union Berlin,M'gladbach,1.8,1.4,1.2,2.4,0.8,2.4,3,2,0,1,2,2,5,5,2.6,0.8,2.0,1.2,0.6,2.0,4,0,5,5,H
,Schalke 04,Freiburg,0.0,1.6,0.6,1.2,2.6,1.6,0,2,0,2,5,1,5,5,0.8,1.6,1.6,1.2,3.0,1.8,1,2,5,5,A
,FC Koln,Hoffenheim,1.4,1.0,1.8,1.0,3.0,1.0,2,1,1,2,2,2,5,5,2.0,1.4,1.8,1.6,1.2,1.0,3,2,5,5,D
,M'gladbach,Stuttgart,0.8,1.2,2.0,1.6,2.8,2.2,1,2,1,0,3,3,5,5,1.8,0.6,2.0,1.2,1.2,2.4,3,0,5,5,H
,Augsburg,Ein Frankfurt,1.0,1.8,2.0,2.2,2.2,1.4,1,3,2,0,2,2,5,5,1.0,2.0,1.2,2.2,1.6,1.8,1,3,5,5,A
,Dortmund,Bochum,1.4,1.2,2.2,1.2,1.6,2.6,2,2,1,0,2,3,5,5,2.0,0.0,2.2,0.4,1.0,3.2,3,0,5,5,H
,Hertha,Bayern Munich,1.0,2.6,1.4,3.8,1.6,0.8,1,4,2,1,2,0,5,5,1.2,1.6,1.4,2.4,1.4,0.8,1,2,5,5,A
,Hoffenheim,RB Leipzig,1.0,2.2,1.2,2.6,1.2,1.2,1,3,2,2,2,0,5,5,1.4,0.4,1.2,1.0,1.0,2.6,2,0,5,5,A
,Mainz,Wolfsburg,1.4,1.8,2.2,2.4,1.8,1.4,2,2,1,3,2,0,5,5,1.2,1.0,1.4,0.8,1.0,1.4,1,1,5,5,A
,Werder Bremen,Schalke 04,1.8,0.0,1.6,0.6,1.2,2.8,3,0,0,0,2,5,5,5,1.2,0.4,1.8,0.4,1.6,1.6,2,0,5,5,H
,Leverkusen,Union Berlin,0.8,1.8,1.4,1.2,2.6,1.0,1,3,1,0,3,2,5,5,1.0,1.8,1.8,1.8,1.8,1.0,1,3,5,5,H
,Freiburg,FC Koln,2.0,1.4,1.6,1.8,1.6,3.0,3,2,1,1,1,2,5,5,2.0,1.0,1.2,1.6,0.8,2.8,3,1,5,5,H
,Wolfsburg,Dortmund,1.8,2.0,2.4,2.4,1.0,1.0,2,3,3,1,0,1,5,5,1.6,1.2,2.2,1.0,1.6,1.8,2,2,5,5,H
,Bayern Munich,Werder Bremen,2.6,1.8,3.6,1.0,1.2,1.2,4,3,1,0,0,2,5,5,2.2,2.0,3.6,1.6,1.0,1.2,3,3,5,5,H
,Bochum,M'gladbach,1.2,1.4,1.2,2.4,2.4,2.0,2,2,0,1,3,2,5,5,1.4,0.6,1.2,1.0,2.2,2.0,2,0,5,5,H
,Stuttgart,Hertha,1.2,0.8,1.4,1.6,2.2,2.0,2,1,0,1,3,3,5,5,1.4,0.8,1.6,1.0,1.4,1.2,2,1,5,5,H
,FC Koln,Leverkusen,0.8,1.4,1.2,2.4,3.0,1.8,1,2,1,1,3,2,5,5,1.6,0.8,1.4,1.2,1.2,2.6,2,1,5,5,A
,Ein Frankfurt,Hoffenheim,1.8,0.8,2.2,1.2,1.6,1.6,3,1,0,1,2,3,5,5,1.8,1.6,2.4,1.6,0.8,0.6,3,2,5,5,H
,RB Leipzig,Freiburg,2.2,2.0,2.4,1.6,1.4,1.4,3,3,2,1,0,1,5,5,3.0,1.6,2.8,1.4,0.4,1.8,5,2,5,5,H
,Schalke 04,Mainz,0.0,1.4,0.4,2.0,2.6,2.0,0,2,0,1,5,2,5,5,0.6,1.2,1.2,1.4,3.0,2.4,1,2,5,5,H
,Union Berlin,Augsburg,1.8,0.4,1.2,1.6,1.6,2.2,3,0,0,2,2,3,5,5,2.6,1.2,1.8,1.4,0.6,1.6,4,2,5,5,D
,M'gladbach,Dortmund,0.8,1.8,1.6,2.0,2.0,1.0,1,3,1,0,3,2,5,5,1.8,0.6,2.4,0.8,1.4,2.2,3,1,5,5,H
,Augsburg,Bochum,0.4,1.2,1.8,1.0,2.4,2.6,0,2,2,0,3,3,5,5,1.0,0.0,1.2,0.4,1.6,3.6,1,0,5,5,A
,Hertha,FC Koln,0.6,0.8,1.4,1.0,2.0,2.4,1,1,0,1,4,3,5,5,1.2,0.8,1.8,1.4,1.8,3.0,1,1,5,5,H
,Hoffenheim,Wolfsburg,0.8,2.2,1.4,2.6,2.0,0.8,1,3,1,2,3,0,5,5,0.8,1.6,1.2,1.4,1.6,1.0,1,2,5,5,A
,Leverkusen,Stuttgart,1.4,1.8,2.0,1.8,2.0,2.2,2,3,1,0,2,2,5,5,1.6,0.4,2.8,1.0,1.2,2.6,2,0,5,5,H
,Werder Bremen,RB Leipzig,1.2,2.6,0.8,2.8,2.2,1.4,2,4,0,1,3,0,5,5,1.8,1.0,1.6,1.4,1.0,2.4,3,1,5,5,A
,Schalke 04,Bayern Munich,0.6,3.0,0.6,4.4,1.8,1.0,1,5,0,0,4,0,5,5,1.2,1.6,1.2,1.6,1.8,1.2,2,2,5,5,A
,Mainz,Ein Frankfurt,1.2,2.4,1.8,3.0,2.0,1.4,2,4,0,0,3,1,5,5,1.0,2.4,1.4,2.4,1.6,1.8,1,4,5,5,D
,Freiburg,Union Berlin,1.8,1.4,1.4,1.4,1.6,2.0,3,2,0,1,2,2,5,5,2.6,1.2,1.4,0.6,0.2,1.8,4,2,5,5,H
,RB Leipzig,Bayern Munich,2.6,3.0,2.6,3.8,1.2,1.0,4,5,1,0,0,0,5,5,3.0,2.0,3.0,1.8,0.6,1.0,5,3,5,5,D
,Bochum,Hertha,1.8,1.2,1.0,1.4,1.8,1.4,3,2,0,0,2,3,5,5,2.0,0.8,1.6,1.2,1.0,1.4,3,1,5,5,H
,Ein Frankfurt,Schalke 04,2.0,0.6,2.2,0.6,1.4,1.6,3,1,1,0,1,4,5,5,1.8,0.2,2.4,0.6,1.2,2.0,3,0,5,5,H
,Stuttgart,Mainz,1.2,0.8,1.0,1.6,2.4,2.2,2,1,0,1,3,3,5,5,1.8,0.6,1.8,1.2,1.4,2.6,3,1,5,5,D
,Union Berlin,Hoffenheim,0.8,0.2,1.2,1.0,2.8,2.4,1,0,1,1,3,4,5,5,2.2,1.0,1.8,1.4,0.8,1.4,3,1,5,5,H
,Wolfsburg,Freiburg,2.6,2.4,2.6,2.2,0.6,0.8,4,4,1,0,0,1,5,5,2.0,1.0,2.6,1.0,1.6,2.0,3,1,5,5,H
,FC Koln,Werder Bremen,0.2,1.2,0.4,1.0,2.4,2.2,0,2,1,0,4,3,5,5,1.4,1.4,1.6,1.2,1.6,2.0,2,2,5,5,H
,Dortmund,Augsburg,1.8,0.4,2.4,1.4,1.4,2.0,3,0,0,2,2,3,5,5,2.6,1.4,2.4,1.8,0.4,1.8,4,2,5,5,H
,M'gladbach,Leverkusen,1.2,2.0,2.0,2.2,2.0,1.0,2,3,0,1,3,1,5,5,2.4,0.8,3.2,1.0,1.6,2.8,4,1,5,5,A
,Schalke 04,RB Leipzig,0.6,2.6,0.4,2.2,1.8,0.8,1,4,0,1,4,0,5,5,0.6,1.6,0.6,1.8,2.0,1.8,1,2,5,5,A
,Bayern Munich,FC Koln,2.6,0.8,3.6,1.8,1.2,1.6,4,1,1,1,0,3,5,5,2.6,0.2,4.6,0.6,1.0,3.0,4,0,5,5,D
,Hertha,Wolfsburg,0.6,3.0,1.2,3.4,1.8,0.2,1,5,0,0,4,0,5,5,1.6,1.6,1.8,1.6,1.4,1.2,2,2,5,5,A
,Hoffenheim,Stuttgart,0.2,1.4,1.2,1.2,2.6,1.6,0,2,1,1,4,2,5,5,0.2,0.2,0.6,1.0,1.8,3.0,0,0,5,5,D
,Mainz,Dortmund,0.4,1.8,0.8,2.2,2.4,2.0,0,3,2,0,3,2,5,5,1.2,0.6,1.6,1.2,1.2,2.4,1,1,5,5,A
,Augsburg,M'gladbach,0.2,1.2,1.4,2.2,2.2,2.0,0,2,1,0,4,3,5,5,1.0,0.4,1.2,1.0,1.4,2.2,1,0,5,5,H
,Freiburg,Ein Frankfurt,1.8,2.0,1.8,2.2,2.0,1.2,3,3,0,1,2,1,5,5,2.6,2.0,2.0,1.8,0.4,1.4,4,3,5,5,D
,Leverkusen,Bochum,2.4,1.8,2.4,1.2,1.0,1.8,4,3,0,0,1,2,5,5,2.2,0.6,2.8,0.4,0.6,3.0,3,1,5,5,H
,Werder Bremen,Union Berlin,1.2,1.4,1.2,1.6,3.2,2.6,2,2,0,1,3,2,5,5,1.8,0.6,1.8,0.6,1.2,2.6,3,1,5,5,A
,RB Leipzig,Stuttgart,2.6,1.0,3.0,1.2,1.0,1.8,4,1,1,2,0,2,5,5,2.6,0.2,2.6,1.0,0.8,3.0,4,0,5,5,H
,Freiburg,Augsburg,1.4,0.8,1.6,1.4,2.2,1.8,2,1,1,1,2,3,5,5,2.6,0.8,2.2,2.2,0.6,2.6,4,1,5,5,H
,Hertha,Union Berlin,0.6,1.4,1.2,1.6,2.6,2.6,1,2,0,1,4,2,5,5,1.4,1.2,1.6,1.0,2.2,2.4,2,2,5,5,A
,Hoffenheim,M'gladbach,0.2,1.2,1.4,2.0,2.8,1.8,0,2,1,0,4,3,5,5,0.2,0.2,1.0,1.0,2.2,2.4,0,0,5,5,A
,Mainz,Bochum,0.4,1.8,0.6,1.2,1.6,1.4,0,3,2,0,3,2,5,5,1.0,0.6,1.6,0.4,1.4,2.6,1,1,5,5,H
,Werder Bremen,Wolfsburg,0.6,3.0,1.2,3.6,3.6,0.2,1,5,0,0,4,0,5,5,1.2,2.2,1.0,2.6,1.4,0.8,2,3,5,5,H
,Bayern Munich,Ein Frankfurt,2.2,2.2,2.6,2.2,1.0,1.0,3,3,2,2,0,0,5,5,2.6,1.6,4.4,1.4,0.8,1.4,4,2,5,5,D
,Schalke 04,FC Koln,0.6,0.8,0.6,1.8,2.6,1.6,1,1,0,1,4,3,5,5,0.6,0.2,0.4,0.6,2.6,3.0,1,0,5,5,D
,Leverkusen,Dortmund,3.0,1.8,2.8,2.2,0.6,2.0,5,3,0,0,0,2,5,5,2.6,1.2,3.0,1.2,0.4,2.0,4,2,5,5,A
,Augsburg,Leverkusen,0.8,2.4,1.4,1.8,2.0,1.0,1,4,1,0,3,1,5,5,1.0,1.2,1.2,1.2,1.4,2.8,1,2,5,5,H
,Bochum,Hoffenheim,1.8,0.2,1.6,1.4,1.8,3.0,3,0,0,1,2,4,5,5,2.6,1.0,2.2,1.6,0.8,1.8,4,1,5,5,H
,Dortmund,Freiburg,1.8,1.4,2.0,1.8,2.0,2.4,3,2,0,1,2,2,5,5,2.6,0.8,3.0,1.0,1.0,3.2,4,1,5,5,H
,Ein Frankfurt,Hertha,1.8,0.6,2.0,0.8,1.0,2.4,2,1,3,0,0,4,5,5,2.4,0.2,3.0,1.0,1.0,2.0,4,0,5,5,H
,FC Koln,RB Leipzig,1.0,2.6,1.8,2.8,1.2,1.0,1,4,2,1,2,0,5,5,2.0,2.2,3.0,3.0,1.6,1.4,3,3,5,5,D
,Union Berlin,Mainz,2.0,1.0,2.0,1.6,1.6,1.4,3,1,1,2,1,2,5,5,2.6,0.8,2.2,1.2,0.8,2.0,4,1,5,5,H
,M'gladbach,Schalke 04,1.2,0.8,2.2,0.4,1.8,2.2,2,1,0,1,3,3,5,5,1.8,0.0,3.0,0.4,2.2,2.4,3,0,5,5,D
,Stuttgart,Werder Bremen,1.0,0.6,1.2,1.2,1.6,3.6,1,1,2,0,2,4,5,5,2.0,0.8,1.8,1.0,1.0,3.4,3,1,5,5,A
,Wolfsburg,Bayern Munich,2.4,1.8,3.2,2.2,0.6,0.8,4,2,0,3,1,0,5,5,2.6,2.2,3.4,2.0,0.8,1.0,4,3,5,5,A
,Schalke 04,Wolfsburg,0.4,1.8,0.2,3.2,2.2,1.4,0,3,2,0,3,2,5,5,0.8,2.0,0.4,2.6,2.0,1.0,1,3,5,5,D
,Bayern Munich,Bochum,1.8,1.8,1.8,2.2,1.0,2.0,2,3,3,0,0,2,5,5,2.2,0.6,3.8,0.6,1.0,2.8,3,1,5,5,H
,Freiburg,Stuttgart,1.4,0.4,1.8,0.8,2.8,1.8,2,0,1,2,2,3,5,5,2.6,0.2,2.4,0.8,0.6,2.8,4,0,5,5,H
,Hoffenheim,Leverkusen,0.2,1.8,1.4,1.4,3.2,1.0,0,3,1,0,4,2,5,5,0.2,1.2,1.0,1.2,2.6,2.2,0,2,5,5,A
,Mainz,Augsburg,1.0,1.2,1.8,1.2,1.6,1.6,1,2,2,0,2,3,5,5,1.4,0.2,2.4,1.8,1.6,2.8,2,0,5,5,H
,Werder Bremen,Dortmund,1.2,2.4,1.4,3.0,2.4,1.8,2,4,0,0,3,1,5,5,1.8,1.8,1.4,1.6,1.2,1.6,3,3,5,5,A
,RB Leipzig,Union Berlin,2.2,2.4,2.2,2.0,0.8,1.4,3,4,2,0,0,1,5,5,2.6,1.2,2.2,1.2,1.0,2.4,4,2,5,5,A
,Hertha,M'gladbach,0.6,1.4,0.6,2.0,2.6,1.4,1,2,0,1,4,2,5,5,1.2,0.8,1.2,1.6,2.2,1.6,2,1,5,5,H
,FC Koln,Ein Frankfurt,1.2,1.8,1.6,1.8,0.8,0.6,1,2,3,3,1,0,5,5,1.6,1.8,2.4,1.6,1.2,1.0,2,2,5,5,H
,Augsburg,Hoffenheim,1.2,0.2,1.4,1.4,2.0,3.4,2,0,0,1,3,4,5,5,1.4,0.8,1.2,1.8,1.2,2.6,2,1,5,5,H
,Bochum,Freiburg,1.2,1.4,2.0,1.4,2.6,2.8,2,2,0,1,3,2,5,5,3.0,0.6,3.0,0.8,1.0,3.8,5,1,5,5,A
,M'gladbach,Bayern Munich,0.8,1.8,1.4,2.0,1.8,1.0,1,2,1,3,3,0,5,5,1.4,2.6,2.0,2.4,1.8,1.0,2,4,5,5,H
,Stuttgart,FC Koln,0.4,1.8,1.0,2.2,1.8,0.4,0,2,2,3,3,0,5,5,2.0,0.4,1.8,0.2,1.2,2.0,3,0,5,5,H
,Wolfsburg,RB Leipzig,1.4,1.6,2.8,2.0,1.2,1.0,2,2,1,2,2,1,5,5,2.0,2.2,3.2,2.8,1.2,1.2,3,3,5,5,A
,Ein Frankfurt,Werder Bremen,1.6,1.2,1.6,1.2,1.0,2.4,2,2,2,0,1,3,5,5,2.4,1.2,3.2,1.2,1.0,3.2,4,2,5,5,H
,Union Berlin,Schalke 04,3.0,0.6,2.2,0.2,0.8,1.8,5,0,0,3,0,2,5,5,2.6,0.2,2.2,0.4,1.0,2.2,4,0,5,5,D
,Dortmund,Hertha,3.0,0.6,3.0,1.0,1.0,2.8,5,1,0,0,0,4,5,5,2.6,0.0,3.8,0.8,1.2,2.4,4,0,5,5,H
,Leverkusen,Mainz,1.8,1.4,1.6,2.2,1.2,1.6,3,2,0,1,2,2,5,5,2.0,0.8,2.2,1.2,0.8,2.0,3,1,5,5,A
,Mainz,M'gladbach,1.8,1.4,2.6,1.6,1.8,1.6,3,2,0,1,2,2,5,5,1.4,0.6,2.0,1.4,1.8,2.0,2,1,5,5,H
,FC Koln,Wolfsburg,1.2,0.8,0.8,1.6,0.8,1.8,1,1,3,1,1,3,5,5,1.6,2.0,2.4,2.2,0.8,0.6,2,3,5,5,A
,Hertha,Augsburg,0.6,1.8,1.0,1.0,3.0,1.2,1,3,0,0,4,2,5,5,1.2,0.2,1.6,1.6,2.2,2.8,2,0,5,5,H
,Hoffenheim,Dortmund,0.2,3.0,1.2,3.0,3.0,0.6,0,5,1,0,4,0,5,5,0.2,1.8,1.2,1.6,2.8,1.4,0,3,5,5,A
,RB Leipzig,Ein Frankfurt,2.0,1.6,2.4,1.4,0.8,1.0,3,2,1,2,1,1,5,5,2.0,1.2,1.8,1.0,1.0,1.4,3,1,5,5,H
,Werder Bremen,Bochum,1.2,0.6,1.0,1.4,1.4,2.8,2,1,0,0,3,4,5,5,1.2,0.6,1.2,0.6,1.6,2.6,2,1,5,5,H
,Schalke 04,Stuttgart,0.8,0.8,0.2,1.4,1.2,1.6,0,1,4,1,1,3,5,5,1.0,0.2,0.4,1.0,1.6,2.2,1,0,5,5,H
,Freiburg,Leverkusen,2.0,1.2,1.8,1.4,1.6,1.4,3,2,1,0,1,3,5,5,2.6,1.8,2.4,1.6,0.8,1.4,4,3,5,5,D
,Bayern Munich,Union Berlin,1.6,2.6,2.2,1.6,1.4,0.6,2,4,2,1,1,0,5,5,2.2,1.8,3.4,1.4,1.0,2.2,3,3,5,5,H
,Dortmund,RB Leipzig,3.0,2.0,2.8,1.6,0.4,0.8,5,3,0,1,0,1,5,5,3.0,2.6,4.2,2.8,1.0,0.6,5,4,5,5,H
,Augsburg,Werder Bremen,1.2,1.8,0.8,1.4,1.6,1.0,2,3,0,0,3,2,5,5,1.8,0.6,0.8,0.8,0.6,3.4,3,1,5,5,H
,Bochum,Schalke 04,0.6,1.4,1.4,0.4,3.0,0.2,1,1,0,4,4,0,5,5,2.4,0.4,2.4,0.4,1.4,1.4,4,0,5,5,A
,Mainz,Hoffenheim,2.4,0.0,3.2,0.8,1.4,2.8,4,0,0,0,1,5,5,5,2.0,0.2,2.8,1.2,1.2,2.8,3,0,5,5,H
,M'gladbach,Freiburg,1.4,2.0,1.6,1.8,2.2,1.6,2,3,1,1,2,1,5,5,2.0,1.2,2.4,1.2,1.6,2.8,3,2,5,5,D
,Union Berlin,FC Koln,2.0,1.0,1.2,0.6,1.0,1.0,3,1,1,2,1,2,5,5,2.2,0.4,1.8,0.2,1.0,1.6,3,0,5,5,D
,Stuttgart,Bayern Munich,0.6,2.0,1.2,2.6,1.6,1.2,1,3,0,1,4,1,5,5,2.0,2.0,1.6,2.4,1.0,1.6,3,3,5,5,A
,Leverkusen,Hertha,0.8,1.2,1.2,1.4,1.6,2.0,1,2,1,0,3,3,5,5,1.8,0.0,2.2,0.6,1.0,2.6,3,0,5,5,H
,Wolfsburg,Ein Frankfurt,0.8,1.4,1.0,1.4,1.8,1.2,1,2,1,1,3,2,5,5,1.8,0.6,2.8,0.8,1.4,1.6,3,0,5,5,D
,FC Koln,Bochum,1.0,0.6,0.6,1.0,1.0,2.4,1,1,2,0,2,4,5,5,1.4,0.6,2.2,0.6,1.0,2.6,2,1,5,5,A
,Bayern Munich,Augsburg,2.4,1.8,2.8,1.0,1.2,1.2,4,3,0,0,1,2,5,5,2.2,0.2,2.8,1.4,0.6,2.8,3,0,5,5,H
,Ein Frankfurt,Stuttgart,1.4,0.6,1.6,1.2,1.4,1.6,2,1,1,0,2,4,5,5,2.4,0.2,2.6,1.0,0.8,2.0,4,0,5,5,D
,Hertha,Mainz,1.2,2.4,1.6,2.4,2.4,1.0,2,4,0,0,3,1,5,5,1.8,0.8,1.6,1.4,1.6,2.4,3,1,5,5,D
,RB Leipzig,M'gladbach,1.4,1.0,1.4,0.8,1.0,2.0,2,1,1,2,2,2,5,5,2.0,0.6,1.8,1.2,1.2,2.4,3,1,5,5,H
,Schalke 04,Dortmund,1.8,3.0,0.8,2.8,0.2,0.6,2,5,3,0,0,0,5,5,1.0,2.4,0.6,1.8,1.8,1.0,1,4,5,5,D
,Freiburg,Hoffenheim,1.6,0.0,1.2,0.6,1.4,2.2,2,0,2,0,1,5,5,5,2.2,0.0,2.2,1.0,1.0,2.8,3,0,5,5,H
,Werder Bremen,Leverkusen,1.2,1.4,1.2,2.0,1.2,1.4,2,2,0,1,3,2,5,5,1.2,2.0,1.4,1.8,1.4,1.2,2,3,5,5,A
,Wolfsburg,Union Berlin,1.0,1.6,1.2,0.8,1.8,1.0,1,2,2,2,2,1,5,5,1.4,1.8,2.4,1.4,1.8,1.8,2,3,5,5,D
,M'gladbach,Werder Bremen,0.8,0.6,0.8,1.2,2.6,1.8,1,1,1,0,3,4,5,5,1.6,0.6,1.8,1.0,1.4,3.4,2,1,5,5,D
,Augsburg,Schalke 04,1.2,1.8,1.4,1.2,2.2,0.6,2,2,0,3,3,0,5,5,2.4,1.0,1.0,0.6,0.4,1.0,4,1,5,5,D
,Bochum,RB Leipzig,0.6,1.8,0.4,2.0,2.0,1.0,1,3,0,0,4,2,5,5,1.8,2.0,2.0,2.4,1.6,0.8,3,3,5,5,H
,Hoffenheim,Hertha,0.0,1.4,0.4,1.8,1.6,2.0,0,2,0,1,5,2,5,5,0.2,0.0,1.0,0.8,2.4,3.2,0,0,5,5,H
,Stuttgart,Wolfsburg,0.8,1.2,1.4,1.0,1.4,1.2,1,1,1,3,3,1,5,5,1.4,2.0,1.4,2.0,1.2,0.6,2,3,5,5,A
,Dortmund,FC Koln,2.6,0.8,2.2,0.6,0.8,1.4,4,1,1,1,0,3,5,5,3.0,0.6,3.6,0.2,1.2,1.2,5,0,5,5,H
,Union Berlin,Ein Frankfurt,1.2,1.0,0.6,1.2,1.0,1.6,1,1,3,2,1,2,5,5,1.8,0.6,1.4,1.0,0.8,1.8,2,0,5,5,H
,Leverkusen,Bayern Munich,2.0,2.4,2.6,3.0,1.6,1.4,3,4,1,0,1,1,5,5,1.8,2.0,2.0,2.2,1.2,1.4,3,3,5,5,H
,Mainz,Freiburg,2.6,2.2,2.4,1.4,0.8,0.6,4,3,1,2,0,0,5,5,2.4,0.8,2.8,0.8,1.0,2.8,4,1,5,5,D
,Ein Frankfurt,Bochum,1.0,1.2,1.2,0.6,1.4,1.4,1,2,2,0,2,3,5,5,2.6,0.6,2.6,0.8,0.6,2.6,4,1,5,5,D
,Freiburg,Hertha,1.8,0.8,1.2,1.2,0.6,2.4,2,1,3,1,0,3,5,5,2.2,0.0,1.8,0.8,1.0,3.4,3,0,5,5,D
,RB Leipzig,Mainz,1.8,2.2,1.8,2.0,0.8,0.8,3,3,0,2,2,0,5,5,2.0,1.0,1.8,1.2,1.0,1.4,3,1,5,5,A
,Schalke 04,Leverkusen,1.8,2.0,1.4,2.4,0.8,1.6,2,3,3,1,0,1,5,5,1.2,2.0,1.0,2.0,1.8,1.4,1,3,5,5,A
,Union Berlin,Stuttgart,1.2,0.8,0.6,1.2,0.8,1.2,1,1,3,1,1,3,5,5,2.2,0.4,1.4,1.2,0.4,1.8,3,0,5,5,H
,Wolfsburg,Augsburg,1.6,1.4,1.2,1.4,1.2,1.8,2,2,2,1,1,2,5,5,1.0,0.0,2.2,1.6,2.0,3.4,1,0,5,5,D
,Bayern Munich,Dortmund,1.8,2.6,2.6,3.0,1.8,1.0,3,4,0,1,2,0,5,5,2.2,2.6,2.6,1.8,1.0,0.6,3,4,5,5,H
,FC Koln,M'gladbach,0.2,1.0,0.2,1.0,2.6,2.2,0,1,1,2,4,2,5,5,1.4,0.6,2.0,1.0,1.0,2.6,2,1,5,5,D
,Werder Bremen,Hoffenheim,0.8,0.6,1.6,0.8,1.8,1.2,1,1,1,0,3,4,5,5,1.2,0.0,1.6,0.8,1.6,2.4,2,0,5,5,A
,Augsburg,FC Koln,1.0,0.4,1.6,0.2,2.2,2.0,1,0,2,2,2,3,5,5,2.6,0.6,1.2,0.4,0.4,2.0,4,0,5,5,A
,Dortmund,Union Berlin,2.0,1.6,2.6,1.2,1.6,0.8,3,2,1,2,1,1,5,5,3.0,2.0,4.2,1.4,1.4,1.2,5,3,5,5,H
,Freiburg,Bayern Munich,1.4,2.4,1.0,3.0,0.8,1.6,1,4,4,0,0,1,5,5,2.2,1.4,1.8,2.0,1.0,1.8,3,2,5,5,A
,Leverkusen,Ein Frankfurt,2.6,0.6,2.6,1.0,1.0,1.6,4,0,1,3,0,2,5,5,1.8,0.4,2.0,0.8,1.4,2.0,3,0,5,5,H
,Mainz,Werder Bremen,2.2,0.8,2.0,1.8,0.4,1.8,3,1,2,1,0,3,5,5,2.6,0.8,2.8,1.2,0.8,2.6,4,1,5,5,D
,Hertha,RB Leipzig,1.0,1.2,1.2,1.2,1.8,1.4,1,2,2,0,2,3,5,5,1.4,1.4,1.4,2.0,1.8,0.8,2,2,5,5,A
,M'gladbach,Wolfsburg,0.6,1.8,0.4,1.6,1.8,1.0,0,2,3,3,2,0,5,5,1.2,2.0,1.4,1.8,1.4,0.4,1,3,5,5,H
,Bochum,Stuttgart,1.4,0.2,0.8,0.6,1.2,1.8,2,0,1,1,2,4,5,5,1.8,0.2,1.8,0.8,1.4,2.0,3,0,5,5,A
,Hoffenheim,Schalke 04,1.2,1.6,1.2,1.4,1.2,1.4,2,2,0,2,3,1,5,5,0.8,1.2,1.4,0.6,2.2,0.8,1,1,5,5,H
,Schalke 04,Hertha,1.0,0.4,1.0,0.8,1.6,2.0,1,0,2,2,2,3,5,5,1.2,0.2,0.8,0.8,1.2,3.0,1,0,5,5,H
,Bayern Munich,Hoffenheim,2.4,1.8,2.6,1.6,1.6,1.0,4,3,0,0,1,2,5,5,2.6,0.6,3.2,1.0,1.2,2.0,4,1,5,5,D
,FC Koln,Mainz,1.0,1.8,0.8,1.6,1.8,0.8,1,2,2,3,2,0,5,5,1.0,1.6,0.6,1.8,0.8,1.2,1,2,5,5,D
,RB Leipzig,Augsburg,1.2,1.0,1.0,1.8,1.2,2.4,2,1,0,2,3,2,5,5,1.8,0.2,1.6,1.4,1.4,3.0,3,0,5,5,H
,Stuttgart,Dortmund,0.8,2.0,1.0,2.8,1.8,1.8,1,3,1,1,3,1,5,5,0.8,2.0,1.0,1.8,1.2,1.2,1,3,5,5,D
,Ein Frankfurt,M'gladbach,0.6,1.2,1.0,0.8,1.8,1.0,0,1,3,3,2,1,5,5,2.2,0.8,2.0,1.0,0.4,2.4,3,1,5,5,D
,Werder Bremen,Freiburg,0.4,1.2,1.6,0.8,2.2,0.8,0,1,2,3,3,1,5,5,1.2,1.0,1.6,0.8,1.6,2.4,2,1,5,5,A
,Union Berlin,Bochum,1.6,1.4,1.4,1.2,0.6,1.2,2,2,2,1,1,2,5,5,2.2,0.8,1.4,1.0,0.2,2.4,3,1,5,5,D
,Wolfsburg,Leverkusen,1.2,3.0,1.2,3.0,1.4,1.0,1,5,3,0,1,0,5,5,0.6,2.0,1.4,2.0,2.4,1.0,0,3,5,5,D
,Augsburg,Stuttgart,0.4,1.0,1.8,1.4,2.8,2.0,0,1,2,2,3,2,5,5,2.0,0.8,1.2,1.2,1.0,2.0,3,1,5,5,D
,Bochum,Wolfsburg,1.6,1.2,1.4,0.8,1.0,1.0,2,1,2,3,1,1,5,5,1.2,1.4,1.6,0.8,1.8,0.8,2,2,5,5,A
,Hertha,Werder Bremen,0.4,0.4,1.0,1.6,2.2,2.2,0,0,2,2,3,3,5,5,1.4,1.0,1.4,1.4,1.0,1.6,2,1,5,5,A
,Hoffenheim,FC Koln,2.0,1.0,1.8,1.0,1.0,2.0,3,1,1,2,1,2,5,5,1.2,1.0,1.4,0.8,1.8,2.0,2,1,5,5,A
,Mainz,Bayern Munich,1.4,2.0,1.6,2.4,1.0,1.6,1,3,4,1,0,1,5,5,2.2,1.8,2.2,2.0,0.8,1.6,3,3,5,5,H
,Dortmund,Ein Frankfurt,1.6,0.6,3.0,0.8,2.2,1.6,2,0,2,3,1,2,5,5,3.0,0.2,3.8,0.8,1.0,2.4,5,0,5,5,H
,Freiburg,Schalke 04,1.6,1.0,1.2,1.6,1.0,2.0,2,1,2,2,1,2,5,5,1.6,1.2,1.2,0.6,1.0,0.6,2,1,5,5,H
,Leverkusen,RB Leipzig,2.6,1.8,2.2,1.4,0.8,1.2,4,3,1,0,0,2,5,5,1.8,1.4,2.2,1.0,1.6,0.6,3,2,5,5,H
,M'gladbach,Union Berlin,1.2,1.6,1.0,1.6,1.2,0.8,1,2,3,2,1,1,5,5,1.8,1.4,1.4,1.2,0.8,1.4,2,2,5,5,A
,Bochum,Dortmund,1.0,2.0,1.2,3.4,2.0,1.8,1,3,2,1,2,1,5,5,0.6,1.6,0.8,2.0,2.4,1.8,1,2,5,5,D
,Ein Frankfurt,Augsburg,0.4,0.6,0.6,1.4,2.2,2.0,0,0,2,3,3,2,5,5,1.8,0.2,1.6,1.6,0.6,3.0,2,0,5,5,D
,FC Koln,Freiburg,1.6,1.6,1.6,1.6,1.8,0.8,2,2,2,2,1,1,5,5,1.0,1.6,0.8,1.2,1.0,1.4,1,2,5,5,A
,RB Leipzig,Hoffenheim,1.2,2.0,0.8,1.8,1.6,1.2,2,3,0,1,3,1,5,5,1.8,0.8,1.8,0.8,1.6,1.2,3,1,5,5,H
,Stuttgart,M'gladbach,1.0,1.2,1.4,1.0,2.0,0.8,1,1,2,3,2,1,5,5,0.8,0.4,1.4,0.4,1.6,2.4,1,0,5,5,H
,Union Berlin,Leverkusen,2.0,2.6,1.6,2.0,0.6,0.4,3,4,1,1,1,0,5,5,1.8,2.2,1.2,2.0,0.2,0.8,2,3,5,5,D
,Schalke 04,Werder Bremen,0.8,1.0,1.2,2.0,2.4,2.0,1,1,1,2,3,2,5,5,1.6,1.0,1.8,1.8,1.6,2.0,2,1,5,5,H
,Bayern Munich,Hertha,1.4,0.2,1.6,1.2,1.6,2.8,2,0,1,1,2,4,5,5,2.6,0.2,3.2,1.2,1.2,3.4,4,0,5,5,H
,Wolfsburg,Mainz,1.6,1.8,1.6,2.0,1.0,1.0,2,2,2,3,1,0,5,5,0.8,1.6,1.0,1.8,1.6,1.2,0,2,5,5,H
,Leverkusen,FC Koln,2.2,1.6,1.6,1.4,0.2,0.8,3,2,2,2,0,1,5,5,2.4,1.4,2.6,1.4,1.2,2.2,4,2,5,5,A
,Mainz,Schalke 04,1.6,1.2,1.8,1.4,1.4,2.4,2,2,2,0,1,3,5,5,2.2,1.0,2.2,0.6,0.8,1.4,3,1,5,5,A
,Augsburg,Union Berlin,0.6,1.6,1.4,1.2,2.0,0.6,0,2,3,2,2,1,5,5,1.6,1.4,1.2,1.0,1.2,1.4,2,2,5,5,H
,Freiburg,RB Leipzig,2.0,1.8,1.6,1.0,0.6,1.4,3,3,1,0,1,2,5,5,1.6,1.2,1.6,1.0,0.8,1.0,2,2,5,5,A
,Hertha,Stuttgart,0.2,1.6,1.0,1.8,2.6,2.0,0,2,1,2,4,1,5,5,1.4,1.0,1.8,1.2,1.4,1.8,2,1,5,5,H
,Hoffenheim,Ein Frankfurt,1.4,0.6,1.2,0.8,1.2,2.0,2,0,1,3,2,2,5,5,1.2,0.2,1.4,0.8,1.6,2.6,2,0,5,5,H
,M'gladbach,Bochum,1.0,0.6,0.8,1.2,0.8,2.2,1,0,2,3,2,2,5,5,1.6,1.0,1.4,0.8,1.0,1.6,2,1,5,5,H
,Werder Bremen,Bayern Munich,0.8,2.0,1.8,1.8,2.0,1.2,1,3,1,1,3,1,5,5,0.6,1.2,1.4,1.4,1.8,1.8,1,2,5,5,A
,Dortmund,Wolfsburg,1.6,1.6,2.4,2.0,1.8,1.0,2,2,2,2,1,1,5,5,3.0,2.0,3.6,1.6,0.8,0.6,5,3,5,5,H
,FC Koln,Hertha,2.0,0.6,1.8,1.2,1.0,2.6,3,1,1,0,1,4,5,5,0.4,0.2,0.2,1.0,1.2,3.0,0,0,5,5,H
,Bayern Munich,Schalke 04,2.0,1.8,1.4,2.0,1.0,2.2,3,3,1,0,1,2,5,5,2.6,1.4,3.0,1.2,1.2,1.8,4,2,5,5,H
,Bochum,Augsburg,0.4,1.0,1.0,1.2,2.4,1.6,0,1,2,2,3,2,5,5,0.8,0.4,1.0,1.6,2.2,2.6,1,0,5,5,H
,Ein Frankfurt,Mainz,0.4,1.0,0.8,1.6,2.4,2.0,0,1,2,2,3,2,5,5,1.4,1.6,1.2,1.6,0.8,1.4,1,2,5,5,H
,Union Berlin,Freiburg,1.0,1.8,0.6,1.4,0.8,0.6,1,3,2,0,2,2,5,5,1.8,2.2,1.2,1.2,0.2,0.4,2,3,5,5,H
,Wolfsburg,Hoffenheim,1.4,1.4,1.6,1.4,1.8,1.2,2,2,1,1,2,2,5,5,1.4,0.8,1.6,0.8,1.0,1.2,1,1,5,5,H
,Dortmund,M'gladbach,2.2,1.4,3.2,1.2,1.0,0.8,3,2,2,1,0,2,5,5,3.0,0.4,4.0,0.4,0.6,2.0,5,0,5,5,H
,Stuttgart,Leverkusen,1.6,1.6,2.0,1.2,1.8,0.6,2,2,2,2,1,1,5,5,1.4,1.8,1.8,1.4,1.4,0.6,2,2,5,5,D
,RB Leipzig,Werder Bremen,2.4,0.8,1.2,1.8,0.8,2.0,4,1,0,1,1,3,5,5,2.4,1.0,1.8,2.0,1.2,2.0,4,1,5,5,H
,Freiburg,Wolfsburg,1.8,2.0,1.8,2.0,1.2,1.6,3,3,0,1,2,1,5,5,1.4,1.8,1.4,1.6,0.8,1.8,2,3,5,5,H
,Hertha,Bochum,0.6,1.0,1.6,1.2,3.4,2.2,1,1,0,2,4,2,5,5,1.4,1.0,1.4,0.8,1.4,1.4,2,1,5,5,D
,Hoffenheim,Union Berlin,0.8,1.6,1.2,1.2,1.6,0.8,1,2,1,2,3,1,5,5,1.8,0.8,1.8,0.6,1.2,1.4,3,1,5,5,H
,Schalke 04,Ein Frankfurt,1.8,1.0,2.0,1.2,3.0,1.8,3,1,0,2,2,2,5,5,2.0,0.2,2.2,0.8,1.8,2.8,3,0,5,5,D
,Werder Bremen,FC Koln,0.6,2.0,1.6,2.2,2.0,1.2,1,3,0,1,4,1,5,5,0.6,2.0,1.6,1.8,1.8,1.8,1,3,5,5,D
,Bayern Munich,RB Leipzig,2.0,2.4,2.4,1.4,1.0,1.0,3,4,1,0,1,1,5,5,2.6,1.2,3.6,0.6,1.2,1.0,4,2,5,5,A
,Mainz,Stuttgart,0.8,1.2,1.2,1.6,2.2,1.6,1,1,1,3,3,1,5,5,1.6,1.0,1.8,1.2,1.4,1.8,2,1,5,5,A
,Augsburg,Dortmund,1.0,2.2,1.4,3.8,1.6,1.2,1,3,2,2,2,0,5,5,1.6,1.2,1.2,1.8,1.2,2.0,2,1,5,5,A
,Leverkusen,M'gladbach,1.2,0.8,0.8,1.2,0.6,1.8,1,1,3,1,1,3,5,5,2.4,0.4,2.4,0.8,1.0,2.2,4,0,5,5,D
,Bochum,Leverkusen,1.0,1.2,1.2,1.2,2.2,1.0,1,1,2,3,2,1,5,5,1.4,1.8,1.6,1.4,2.2,0.6,2,2,5,5,H
,Dortmund,Mainz,2.6,0.6,3.8,1.2,0.6,2.8,4,1,1,0,0,4,5,5,3.0,1.0,4.6,1.0,0.8,1.6,5,1,5,5,D
,Ein Frankfurt,Freiburg,1.0,1.8,1.4,1.8,2.0,1.0,1,3,2,0,2,2,5,5,1.4,1.6,1.4,1.2,0.8,1.2,1,2,5,5,H
,FC Koln,Bayern Munich,2.0,1.8,2.2,2.4,1.2,1.4,3,3,1,0,1,2,5,5,1.0,1.8,1.2,1.4,1.2,1.4,1,3,5,5,A
,M'gladbach,Augsburg,0.8,1.0,1.4,1.0,2.0,1.6,1,1,1,2,3,2,5,5,1.6,0.4,1.2,2.0,0.6,2.8,2,0,5,5,H
,RB Leipzig,Schalke 04,2.4,1.4,1.4,1.4,0.8,3.0,4,2,0,1,1,2,5,5,2.4,0.8,1.8,0.8,1.2,3.0,4,1,5,5,H
,Stuttgart,Hoffenheim,1.6,1.2,1.8,1.8,1.2,1.8,2,2,2,0,1,3,5,5,1.0,0.8,1.4,1.0,1.6,1.4,1,1,5,5,D
,Union Berlin,Werder Bremen,1.4,0.8,1.4,1.6,1.4,1.8,2,1,1,1,2,3,5,5,2.2,1.0,2.0,2.0,0.6,2.0,3,1,5,5,H
,Wolfsburg,Hertha,1.8,0.8,2.0,1.4,2.0,2.6,3,1,0,1,2,3,5,5,1.8,0.2,1.6,1.2,0.8,3.2,2,0,5,5,A
,Werder Bremen,Bayern Munich,0.2,2.4,0.8,2.6,1.6,1.0,0,4,1,0,4,1,5,5,0.2,1.8,1.2,1.4,2.0,1.4,0,3,5,5,A
,Augsburg,M'gladbach,0.8,1.4,0.8,1.8,1.8,1.8,1,2,1,1,3,2,5,5,1.0,0.6,0.8,1.2,1.6,2.0,1,0,5,5,D
,Hoffenheim,Freiburg,1.4,1.2,1.8,1.2,1.4,1.4,2,2,1,0,2,3,5,5,2.4,1.4,2.6,1.4,1.4,1.6,4,2,5,5,A
,Leverkusen,RB Leipzig,0.6,3.0,0.8,2.2,1.6,0.8,0,5,3,0,2,0,5,5,2.0,1.8,2.0,1.0,1.2,0.8,3,3,5,5,H
,Stuttgart,Bochum,1.6,1.6,1.8,1.6,1.2,1.2,2,2,2,2,1,1,5,5,1.2,1.2,1.4,1.0,1.4,1.0,1,1,5,5,H
,Wolfsburg,Heidenheim,1.2,0.0,1.2,0.0,2.2,0.0,2,0,0,0,3,0,5,0,1.6,0.0,1.6,0.0,1.0,0.0,2,0,5,0,H
,Dortmund,FC Koln,2.2,1.4,3.4,1.8,1.0,1.4,3,2,2,1,0,2,5,5,2.6,2.0,3.8,2.0,1.0,2.0,4,3,5,5,H
,Union Berlin,Mainz,1.4,0.2,1.4,1.0,1.4,3.0,2,0,1,1,2,4,5,5,2.2,1.0,1.8,1.2,0.6,1.8,3,1,5,5,H
,Ein Frankfurt,Darmstadt,1.6,1.4,1.8,1.4,1.4,1.2,2,2,2,1,1,2,5,5,1.8,0.8,1.6,1.2,0.8,2.2,2,1,5,5,H
,RB Leipzig,Stuttgart,2.4,1.6,2.4,2.4,1.4,1.0,4,2,0,2,1,1,5,5,2.4,1.4,2.0,1.8,1.6,1.8,4,2,5,5,H
,Bochum,Dortmund,1.4,2.6,1.4,3.4,2.0,0.8,2,4,1,1,2,0,5,5,1.4,1.2,2.0,2.2,2.2,2.0,2,1,5,5,D
,Darmstadt,Union Berlin,0.8,1.8,1.0,2.2,1.2,1.6,1,3,1,0,3,2,5,5,1.8,0.8,1.4,1.0,1.2,1.6,3,1,5,5,A
,FC Koln,Wolfsburg,1.4,1.2,1.8,1.0,1.4,2.2,2,2,1,0,2,3,5,5,1.0,1.2,1.4,1.2,1.2,2.2,1,2,5,5,A
,Freiburg,Werder Bremen,1.2,0.2,1.4,0.6,1.6,2.0,2,0,0,1,3,4,5,5,1.4,0.8,1.4,1.6,0.6,1.8,2,1,5,5,H
,Heidenheim,Hoffenheim,0.0,1.4,0.0,2.0,2.0,1.6,0,2,0,1,1,2,1,5,0.0,1.0,0.0,1.0,0.0,1.2,0,1,0,5,A
,M'gladbach,Leverkusen,1.6,1.0,2.4,1.4,2.2,2.0,2,1,2,2,1,2,5,5,2.0,1.2,1.6,0.8,0.6,0.8,3,1,5,5,A
,Mainz,Ein Frankfurt,0.2,2.0,1.2,1.8,3.2,1.2,0,3,1,1,4,1,5,5,1.0,0.2,1.8,0.8,2.2,2.8,1,0,5,5,D
,Bayern Munich,Augsburg,2.4,0.8,3.0,1.4,1.0,2.4,4,1,0,1,1,3,5,5,2.0,0.4,2.8,1.4,1.2,2.2,3,0,5,5,H
,Dortmund,Heidenheim,2.2,0.0,2.4,1.0,1.0,2.5,3,0,2,0,0,2,5,2,2.6,0.0,3.6,0.0,0.8,2.0,4,0,5,1,D
,Augsburg,Bochum,0.2,1.6,1.4,1.6,3.0,1.8,0,2,1,2,4,1,5,5,1.0,0.6,1.4,0.6,2.2,2.0,1,0,5,5,D
,Hoffenheim,Wolfsburg,1.4,1.8,2.0,1.4,1.8,1.2,2,3,1,0,2,2,5,5,1.8,1.2,2.2,1.4,1.6,2.4,3,2,5,5,H
,Leverkusen,Darmstadt,1.6,0.2,1.8,0.6,1.6,2.0,2,0,2,1,1,4,5,5,2.0,0.8,2.2,1.2,1.4,1.6,3,1,5,5,H
,Stuttgart,Freiburg,1.6,1.8,2.4,1.6,1.6,1.4,2,3,2,0,1,2,5,5,1.8,1.8,2.4,1.6,1.2,1.6,2,3,5,5,H
,Werder Bremen,Mainz,0.2,0.4,0.4,1.0,1.8,2.8,0,0,1,2,4,3,5,5,0.2,0.4,0.8,0.8,2.2,2.6,0,0,5,5,H
,M'gladbach,Bayern Munich,1.0,2.4,2.0,3.2,2.8,1.0,1,4,2,0,2,1,5,5,1.8,2.4,1.2,2.0,0.8,1.0,3,4,5,5,A
,Ein Frankfurt,FC Koln,2.2,0.8,1.8,1.6,0.8,1.6,3,1,2,1,0,3,5,5,2.2,2.0,1.6,1.8,0.6,1.0,3,3,5,5,D
,Union Berlin,RB Leipzig,2.4,2.4,3.0,3.2,1.6,1.6,4,4,0,0,1,1,5,5,2.2,1.8,2.0,1.4,0.8,1.2,3,3,5,5,A
,Bayern Munich,Leverkusen,2.4,2.0,2.4,2.6,1.2,1.6,4,3,0,1,1,1,5,5,2.0,1.2,2.6,0.8,1.0,0.8,3,1,5,5,D
,FC Koln,Hoffenheim,0.4,2.0,0.8,2.4,1.4,1.6,0,3,2,1,3,1,5,5,0.8,1.0,1.6,1.2,1.6,1.4,1,1,5,5,A
,Freiburg,Dortmund,1.8,1.8,1.2,1.8,1.6,1.0,3,2,0,3,2,0,5,5,1.8,1.2,1.4,2.0,0.4,1.8,3,1,5,5,A
,Mainz,Stuttgart,0.4,2.0,1.0,3.2,3.0,1.4,0,3,2,1,3,1,5,5,1.0,1.4,1.8,2.0,2.2,2.2,1,2,5,5,A
,RB Leipzig,Augsburg,2.4,0.4,3.4,1.4,1.4,2.8,4,0,0,2,1,3,5,5,3.0,0.2,3.0,1.2,1.2,2.4,5,0,5,5,H
,Wolfsburg,Union Berlin,1.2,1.8,1.2,2.2,1.6,1.8,2,3,0,0,3,2,5,5,2.0,1.2,1.6,1.6,0.6,1.6,3,2,5,5,H
,Bochum,Ein Frankfurt,1.2,1.8,1.4,1.4,1.8,1.0,1,2,3,3,1,0,5,5,1.6,0.4,1.8,1.0,1.8,2.6,2,0,5,5,D
,Heidenheim,Werder Bremen,0.3333333333333333,0.8,1.3333333333333333,1.0,2.3333333333333335,1.4,0,1,1,1,2,3,3,5,0.0,0.6,2.0,1.2,3.0,1.6,0,1,1,5,H
,Darmstadt,M'gladbach,0.2,1.0,0.8,1.8,2.8,2.2,0,1,1,2,4,2,5,5,1.2,0.6,1.2,2.0,1.8,2.8,2,0,5,5,D
,Stuttgart,Darmstadt,2.0,0.4,3.0,1.4,1.4,3.0,3,0,1,2,1,3,5,5,2.2,0.8,2.8,1.0,0.6,2.0,3,1,5,5,H
,Augsburg,Mainz,0.4,0.4,1.4,1.0,2.8,2.8,0,0,2,2,3,3,5,5,1.2,0.2,1.6,0.6,2.0,3.2,1,0,5,5,H
,Bayern Munich,Bochum,2.6,1.2,2.6,1.4,1.0,1.8,4,1,1,3,0,1,5,5,2.0,0.6,2.8,0.8,1.2,2.2,3,0,5,5,H
,Dortmund,Wolfsburg,1.8,1.8,2.0,1.6,1.4,1.4,2,3,3,0,0,2,5,5,2.2,1.2,3.2,1.6,1.2,2.6,3,2,5,5,H
,M'gladbach,RB Leipzig,1.0,2.4,2.0,3.4,2.4,1.2,1,4,2,0,2,1,5,5,1.2,1.8,1.0,1.8,1.2,1.2,2,3,5,5,A
,Union Berlin,Hoffenheim,1.8,2.0,2.0,2.2,1.4,1.4,3,3,0,1,2,1,5,5,2.0,1.4,1.8,1.6,1.2,1.4,3,2,5,5,A
,Werder Bremen,FC Koln,0.6,0.2,1.2,0.8,2.0,1.8,1,0,0,1,4,4,5,5,0.8,1.6,1.4,1.4,1.8,1.0,1,2,5,5,H
,Leverkusen,Heidenheim,2.0,1.0,2.6,2.0,1.6,2.25,3,1,1,1,1,2,5,4,2.0,0.5,2.6,1.0,1.4,2.0,3,0,5,2,H
,Ein Frankfurt,Freiburg,1.8,1.2,1.2,1.2,0.8,2.4,2,2,3,0,0,3,5,5,2.2,1.2,1.6,1.2,0.6,2.4,3,2,5,5,D
,Hoffenheim,Dortmund,2.4,2.2,2.4,1.8,1.2,1.0,4,3,0,2,1,0,5,5,1.8,1.8,2.4,2.4,1.8,1.4,3,2,5,5,A
,Bochum,M'gladbach,0.6,0.4,0.8,1.6,3.2,2.6,0,0,3,2,2,3,5,5,1.8,0.6,1.8,2.4,1.0,3.2,2,0,5,5,A
,FC Koln,Stuttgart,0.2,2.4,0.8,3.4,1.8,1.4,0,4,1,0,4,1,5,5,0.6,1.4,1.6,2.0,2.0,2.0,1,2,5,5,A
,Heidenheim,Union Berlin,0.8,1.2,1.8,1.8,2.6,1.8,1,2,1,0,3,3,5,5,1.5,1.2,3.0,1.6,2.5,1.6,1,2,2,5,H
,Mainz,Leverkusen,0.2,2.6,0.8,3.4,2.8,1.2,0,4,1,1,4,0,5,5,0.8,1.2,1.6,1.2,2.4,1.2,1,1,5,5,A
,Wolfsburg,Ein Frankfurt,1.8,1.4,1.4,0.8,1.2,0.6,3,1,0,4,2,0,5,5,2.4,0.6,2.0,1.0,0.8,2.2,4,0,5,5,H
,RB Leipzig,Bayern Munich,2.4,2.6,2.8,3.6,0.8,0.8,4,4,0,1,1,0,5,5,3.0,2.4,3.0,2.2,0.8,1.2,5,4,5,5,D
,Darmstadt,Werder Bremen,0.2,1.2,1.2,1.6,3.2,2.0,0,2,1,0,4,3,5,5,1.4,0.0,1.8,0.8,2.0,2.0,2,0,5,5,H
,Freiburg,Augsburg,1.4,1.0,1.0,1.8,2.0,2.6,2,1,1,2,2,2,5,5,1.8,0.2,1.8,0.8,1.0,2.4,3,0,5,5,H
,M'gladbach,Mainz,0.8,0.2,1.4,0.6,2.0,2.6,1,0,1,1,3,4,5,5,1.2,0.2,1.0,0.8,1.2,3.0,2,0,5,5,D
,Augsburg,Darmstadt,0.8,0.8,1.0,2.0,2.2,3.4,1,1,1,1,3,3,5,5,1.6,0.2,1.8,0.8,2.0,2.4,2,0,5,5,A
,Dortmund,Union Berlin,2.2,0.6,2.2,1.0,1.2,1.8,3,1,2,0,0,4,5,5,2.2,0.6,2.2,1.4,1.2,1.8,3,1,5,5,H
,RB Leipzig,Bochum,2.6,0.6,2.8,1.0,0.6,2.8,4,0,1,3,0,2,5,5,2.6,0.4,3.2,0.6,1.2,3.4,4,0,5,5,D
,Stuttgart,Wolfsburg,2.4,1.8,2.8,1.4,1.4,1.2,4,3,0,0,1,2,5,5,2.2,0.6,3.0,0.6,0.6,2.6,3,1,5,5,H
,Werder Bremen,Hoffenheim,1.2,2.4,2.0,2.4,2.0,1.4,2,4,0,0,3,1,5,5,1.4,2.0,1.6,2.0,1.6,1.2,2,3,5,5,A
,Leverkusen,FC Koln,2.6,0.2,3.4,0.8,0.8,2.0,4,0,1,1,0,4,5,5,2.0,1.0,3.0,1.0,1.6,1.2,3,1,5,5,H
,Bayern Munich,Freiburg,2.2,1.4,3.2,1.0,1.2,1.8,3,2,2,1,0,2,5,5,2.0,0.8,3.8,1.0,1.2,2.4,3,1,5,5,H
,Ein Frankfurt,Heidenheim,0.8,1.4,0.6,2.0,1.0,2.2,0,2,4,1,1,2,5,5,2.2,0.3333333333333333,1.4,1.0,0.4,2.6666666666666665,3,0,5,3,H
,Dortmund,Werder Bremen,2.6,1.2,2.8,2.4,1.4,2.4,4,2,1,0,0,3,5,5,2.2,0.0,2.0,1.0,1.2,2.4,3,0,5,5,H
,Darmstadt,RB Leipzig,1.4,2.2,2.2,1.8,2.8,0.4,2,3,1,2,2,0,5,5,1.4,2.4,2.2,2.0,2.2,0.8,2,4,5,5,A
,Freiburg,Bochum,0.8,0.6,0.8,0.8,2.4,2.6,1,0,1,3,3,2,5,5,1.8,0.6,1.4,0.6,1.0,3.0,3,0,5,5,H
,Hoffenheim,Ein Frankfurt,2.4,1.2,2.4,0.8,1.4,0.8,4,1,0,3,1,1,5,5,1.8,0.6,2.4,1.0,1.8,1.8,3,0,5,5,A
,Union Berlin,Stuttgart,0.0,3.0,0.6,3.2,2.4,0.6,0,5,0,0,5,0,5,5,1.8,1.8,1.8,2.2,1.6,1.8,3,3,5,5,A
,Wolfsburg,Leverkusen,1.2,2.6,1.2,3.4,1.6,0.8,2,4,0,1,3,0,5,5,2.4,1.6,1.8,1.8,0.8,1.2,4,2,5,5,A
,Mainz,Bayern Munich,0.2,2.2,0.8,3.2,2.8,1.0,0,3,1,2,4,0,5,5,0.2,2.6,1.0,2.4,2.8,1.0,0,4,5,5,A
,FC Koln,M'gladbach,0.2,1.0,0.6,1.8,2.2,1.8,0,1,1,2,4,2,5,5,0.6,1.2,1.6,2.8,2.2,3.0,1,1,5,5,H
,Heidenheim,Augsburg,1.4,0.8,1.6,1.0,2.0,2.0,2,1,1,1,2,3,5,5,2.0,0.0,2.3333333333333335,0.6,1.6666666666666667,2.6,2,0,3,5,A
,Bochum,Mainz,0.4,0.2,0.6,1.0,2.6,2.6,0,0,2,1,3,4,5,5,1.6,0.4,1.8,1.2,1.4,2.8,2,0,5,5,D
,Augsburg,Wolfsburg,1.2,1.2,1.6,1.2,2.0,1.4,2,2,0,0,3,3,5,5,1.0,0.6,1.8,0.8,2.4,2.0,1,1,5,5,H
,Bayern Munich,Darmstadt,2.2,1.4,3.4,2.2,1.0,2.4,3,2,2,1,0,2,5,5,2.0,0.8,3.2,1.2,1.2,2.4,3,1,5,5,H
,M'gladbach,Heidenheim,1.0,1.2,1.8,1.6,2.0,2.6,1,2,2,0,2,3,5,5,0.8,0.25,1.0,0.75,1.6,2.5,1,0,5,4,H
,Stuttgart,Hoffenheim,3.0,1.8,2.8,2.0,0.6,1.8,5,3,0,0,0,2,5,5,2.6,2.6,3.4,2.4,0.6,1.2,4,4,5,5,A
,Werder Bremen,Union Berlin,0.6,0.0,1.6,0.6,2.6,2.4,1,0,0,0,4,5,5,5,1.4,0.6,1.8,1.8,1.8,2.4,2,1,5,5,H
,RB Leipzig,FC Koln,2.2,0.6,1.8,1.0,0.6,2.2,3,1,2,0,0,4,5,5,2.2,0.4,2.8,0.6,1.0,1.6,3,0,5,5,H
,Ein Frankfurt,Dortmund,1.6,3.0,1.2,2.6,0.8,1.0,2,5,2,0,1,0,5,5,2.2,2.2,1.2,2.4,0.4,1.0,3,3,5,5,D
,Leverkusen,Freiburg,2.6,1.4,2.8,1.2,0.8,1.6,4,2,1,1,0,2,5,5,2.6,0.8,3.4,0.6,1.2,2.2,4,1,5,5,H
,Darmstadt,Bochum,1.2,0.4,1.6,0.8,3.4,2.8,2,0,0,2,3,3,5,5,0.8,0.4,1.8,0.6,2.8,3.2,1,0,5,5,A
,FC Koln,Augsburg,0.6,1.8,0.8,2.2,2.8,1.8,1,3,0,0,4,2,5,5,0.6,0.6,1.2,1.2,2.0,2.4,1,1,5,5,D
,Freiburg,M'gladbach,1.4,1.4,1.0,1.6,1.2,1.6,2,2,1,1,2,2,5,5,2.4,1.2,1.8,2.6,1.0,2.6,4,1,5,5,D
,Hoffenheim,Leverkusen,1.8,3.0,2.0,2.8,2.0,0.6,3,5,0,0,2,0,5,5,1.2,2.0,2.0,2.0,2.2,1.2,2,3,5,5,A
,Mainz,RB Leipzig,0.4,2.2,1.2,2.4,2.4,0.6,0,3,2,2,3,0,5,5,0.2,2.4,0.8,2.4,2.8,1.0,0,4,5,5,H
,Union Berlin,Ein Frankfurt,0.0,1.6,0.4,1.6,2.4,1.2,0,2,0,2,5,1,5,5,1.2,1.2,1.0,1.4,1.8,1.4,2,1,5,5,A
,Dortmund,Bayern Munich,2.6,2.6,2.4,4.6,1.2,0.6,4,4,1,1,0,0,5,5,2.6,2.6,1.8,2.6,0.8,1.0,4,4,5,5,A
,Wolfsburg,Werder Bremen,0.6,1.2,1.2,1.6,1.8,1.8,1,2,0,0,4,3,5,5,1.8,0.0,1.6,0.8,1.0,2.2,3,0,5,5,D
,Heidenheim,Stuttgart,0.6,2.4,1.0,2.6,2.6,1.0,1,4,0,0,4,1,5,5,1.5,2.4,2.25,2.6,2.5,1.4,2,4,4,5,H
,M'gladbach,Wolfsburg,1.6,0.8,2.2,1.6,2.0,2.0,2,1,2,1,1,3,5,5,0.8,0.6,1.0,1.2,1.8,2.2,1,1,5,5,H
,Augsburg,Hoffenheim,1.4,1.2,2.0,2.0,1.8,2.6,2,2,1,0,2,3,5,5,1.6,3.0,2.4,2.8,2.2,1.4,2,5,5,5,D
,Bayern Munich,Heidenheim,2.6,1.2,4.0,1.2,0.6,1.8,4,2,1,0,0,3,5,5,2.6,0.2,4.6,0.8,0.6,2.4,4,0,5,5,H
,Darmstadt,Mainz,1.2,1.0,1.6,1.4,3.2,2.0,2,1,0,2,3,2,5,5,0.8,0.4,2.0,1.2,2.8,2.8,1,0,5,5,D
,Stuttgart,Dortmund,1.8,2.0,2.0,2.2,1.2,2.0,3,3,0,1,2,1,5,5,2.4,2.2,3.6,2.8,1.0,1.4,4,3,5,5,H
,Bochum,FC Koln,1.0,0.8,1.2,0.8,1.6,2.6,1,1,2,1,2,3,5,5,1.2,0.2,1.6,0.4,1.4,2.6,1,0,5,5,D
,Leverkusen,Union Berlin,3.0,0.0,2.6,0.4,0.8,2.6,5,0,0,0,0,5,5,5,3.0,0.6,3.4,1.4,1.0,2.0,5,1,5,5,H
,Werder Bremen,Ein Frankfurt,0.8,2.0,1.6,2.2,2.0,1.2,1,3,1,1,3,1,5,5,1.8,1.6,2.0,1.6,1.6,1.0,3,2,5,5,D
,RB Leipzig,Freiburg,1.6,1.4,2.2,1.6,1.0,1.8,2,2,2,1,1,2,5,5,2.2,0.8,3.2,0.6,0.6,2.2,3,1,5,5,H
,FC Koln,Bayern Munich,1.0,3.0,1.0,4.4,2.4,0.6,1,5,2,0,2,0,5,5,0.8,2.6,1.2,3.0,1.8,0.8,1,4,5,5,A
,Dortmund,M'gladbach,1.4,1.6,1.8,2.4,2.2,1.8,2,2,1,2,2,1,5,5,2.0,1.2,1.6,2.8,1.6,2.8,3,1,5,5,H
,Freiburg,Darmstadt,0.8,0.8,1.4,0.8,2.4,2.8,1,1,1,1,3,3,5,5,2.0,0.6,2.0,0.8,1.6,3.6,3,1,5,5,D
,Union Berlin,Augsburg,0.0,1.6,0.4,2.2,3.2,1.6,0,2,0,2,5,1,5,5,0.6,0.8,0.8,1.4,2.4,2.2,1,1,5,5,D
,Werder Bremen,Leverkusen,1.0,3.0,1.6,2.8,1.6,0.8,1,5,2,0,2,0,5,5,2.0,2.6,2.4,2.6,1.2,1.0,3,4,5,5,A
,Wolfsburg,RB Leipzig,0.2,2.0,1.2,2.4,2.8,0.8,0,3,1,1,4,1,5,5,2.0,1.8,1.8,1.8,1.0,1.2,3,3,5,5,H
,Ein Frankfurt,Stuttgart,2.2,1.8,2.6,2.0,1.2,1.4,3,3,2,0,0,2,5,5,1.8,1.8,1.4,1.8,0.8,1.6,2,3,5,5,A
,Heidenheim,Bochum,0.6,1.2,1.4,1.2,2.6,1.2,1,1,0,3,4,1,5,5,1.8,1.0,2.2,1.0,2.0,2.4,3,1,5,5,D
,Hoffenheim,Mainz,1.4,1.2,2.0,1.4,2.2,1.4,2,1,1,3,2,1,5,5,0.6,0.6,1.6,1.0,2.4,2.0,1,0,5,5,D
,Darmstadt,FC Koln,0.4,1.0,0.6,1.0,2.8,2.0,0,1,2,2,3,2,5,5,1.0,0.4,1.8,0.6,2.0,2.6,1,0,5,5,A
,Bochum,Wolfsburg,1.2,0.8,1.2,1.4,1.2,2.4,1,1,3,1,1,3,5,5,0.8,0.0,1.2,0.8,1.6,2.8,0,0,5,5,H
,M'gladbach,Hoffenheim,1.4,1.0,2.4,1.6,2.2,2.0,2,1,1,2,2,2,5,5,1.4,2.6,1.8,2.4,1.2,1.2,2,4,5,5,H
,RB Leipzig,Heidenheim,1.8,0.8,2.6,1.4,1.2,2.2,3,1,0,1,2,3,5,5,2.2,0.2,2.8,1.2,0.6,2.8,3,0,5,5,H
,Stuttgart,Werder Bremen,1.8,1.0,1.8,1.2,1.4,1.6,3,1,0,2,2,2,5,5,2.4,0.2,3.0,1.2,1.2,2.4,4,0,5,5,H
,Mainz,Freiburg,1.2,1.0,1.2,1.6,1.2,2.0,1,1,3,2,1,2,5,5,0.8,0.2,1.0,0.4,2.0,2.6,1,0,5,5,A
,Leverkusen,Dortmund,3.0,1.4,2.8,1.8,0.8,2.2,5,2,0,1,0,2,5,5,3.0,1.6,3.6,2.4,0.6,1.8,5,2,5,5,D
,Augsburg,Ein Frankfurt,1.8,1.6,2.2,2.4,1.4,1.6,2,2,3,2,0,1,5,5,1.6,1.6,1.8,1.8,1.6,1.2,2,2,5,5,H
,Hoffenheim,Bochum,1.0,1.8,1.6,1.6,1.8,1.0,1,2,2,3,2,0,5,5,0.8,1.0,1.6,0.6,2.2,2.0,1,1,5,5,H
,Ein Frankfurt,Bayern Munich,1.0,3.0,2.0,4.0,1.8,0.6,1,5,2,0,2,0,5,5,1.2,2.6,1.4,2.4,1.2,0.8,1,4,5,5,H
,Heidenheim,Darmstadt,0.8,0.4,1.2,0.4,1.6,2.4,1,0,1,2,3,3,5,5,2.0,0.8,1.8,1.0,1.4,3.6,3,1,5,5,H
,Union Berlin,M'gladbach,0.2,2.0,0.2,2.6,2.6,1.8,0,3,1,1,4,1,5,5,0.2,1.0,0.2,2.4,2.4,2.8,0,1,5,5,H
,Werder Bremen,Augsburg,1.0,1.8,1.2,1.6,1.8,1.2,1,2,2,3,2,0,5,5,1.4,1.0,1.6,1.4,1.8,1.8,2,1,5,5,H
,Wolfsburg,Freiburg,0.8,1.0,1.4,1.4,2.6,1.8,1,1,1,2,3,2,5,5,2.0,0.8,1.8,0.6,1.2,1.6,3,1,5,5,A
,Dortmund,RB Leipzig,1.0,1.8,1.8,2.4,2.4,1.2,1,3,2,0,2,2,5,5,2.4,1.8,2.0,1.6,1.6,1.0,4,3,5,5,A
,Stuttgart,Leverkusen,1.8,2.6,1.6,2.6,1.4,0.8,3,4,0,1,2,0,5,5,2.4,2.6,2.4,2.6,1.2,1.0,4,4,5,5,D
,FC Koln,Mainz,1.0,1.2,0.6,1.0,1.8,0.8,1,1,2,3,2,1,5,5,0.8,0.8,1.0,1.2,1.6,1.4,1,0,5,5,D
,M'gladbach,Werder Bremen,1.4,1.0,2.4,1.2,2.2,1.8,2,1,1,2,2,2,5,5,2.0,0.2,2.0,1.2,1.0,2.6,3,0,5,5,D
,Augsburg,Dortmund,1.2,0.8,1.0,1.6,1.2,2.4,1,1,3,1,1,3,5,5,2.0,1.6,1.8,2.4,1.4,1.8,3,2,5,5,D
,Bochum,Union Berlin,1.6,0.8,1.4,0.8,1.2,2.2,2,1,2,1,1,3,5,5,1.2,0.0,1.6,0.6,1.6,2.6,1,0,5,5,H
,Darmstadt,Wolfsburg,0.4,0.8,0.8,1.0,1.4,2.2,0,1,2,1,3,3,5,5,0.8,0.0,1.2,0.8,1.6,2.8,1,0,5,5,A
,Mainz,Heidenheim,1.2,1.4,0.6,1.6,0.4,1.6,1,2,3,1,1,2,5,5,0.6,0.0,0.8,1.0,2.0,2.8,1,0,5,5,A
,RB Leipzig,Hoffenheim,1.8,1.0,1.8,1.6,1.6,1.6,3,1,0,2,2,2,5,5,2.2,2.0,2.6,2.0,0.8,1.4,3,3,5,5,H
,Freiburg,FC Koln,1.6,1.2,1.4,0.6,1.4,0.6,2,1,2,3,1,1,5,5,1.6,0.8,2.0,0.6,1.8,2.4,2,1,5,5,H
,Leverkusen,Ein Frankfurt,2.2,1.4,2.4,2.4,0.8,1.4,3,2,2,1,0,2,5,5,2.6,1.4,2.8,1.8,0.6,1.4,4,2,5,5,H
,Bayern Munich,Stuttgart,2.4,2.0,3.6,1.4,1.4,1.0,4,3,0,1,1,1,5,5,2.6,2.4,4.8,2.0,0.8,0.8,4,4,5,5,H
,Werder Bremen,RB Leipzig,1.0,2.4,1.2,2.4,1.8,1.4,1,4,2,0,2,1,5,5,1.4,1.8,1.6,1.6,1.6,1.4,2,3,5,5,D
,Dortmund,Mainz,1.0,0.6,1.8,0.2,1.8,0.6,1,0,2,3,2,2,5,5,1.8,1.0,2.2,1.0,2.2,1.0,3,0,5,5,D
,Hoffenheim,Darmstadt,1.0,0.4,1.4,0.6,1.6,1.2,1,0,2,2,2,3,5,5,0.8,0.8,1.6,1.2,2.2,3.2,1,1,5,5,D
,Union Berlin,FC Koln,0.8,1.0,0.8,0.4,2.4,0.8,1,1,1,2,3,2,5,5,0.8,0.8,0.8,0.4,2.0,2.4,1,1,5,5,H
,Ein Frankfurt,M'gladbach,0.8,1.4,1.8,2.2,2.0,2.0,1,2,1,1,3,2,5,5,1.6,0.8,2.2,2.0,1.2,2.8,2,1,5,5,H
,Heidenheim,Freiburg,1.4,2.0,1.4,1.2,1.6,0.8,2,3,1,1,2,1,5,5,2.0,1.2,1.6,0.8,1.4,1.6,3,2,5,5,H
,Leverkusen,Bochum,2.2,1.6,2.4,1.6,0.4,1.0,3,2,2,2,0,1,5,5,2.6,1.0,2.6,0.8,0.4,1.2,4,1,5,5,H
,Stuttgart,Augsburg,2.0,1.2,1.4,1.0,1.2,1.2,3,1,1,3,1,1,5,5,2.0,1.0,2.0,1.4,1.2,1.6,3,1,5,5,H
,Wolfsburg,Bayern Munich,1.2,2.4,0.8,2.6,1.8,1.4,2,4,0,0,3,1,5,5,1.4,2.0,1.4,2.2,1.2,1.6,2,3,5,5,A
,Bayern Munich,Hoffenheim,2.4,1.0,2.2,1.8,1.6,2.0,4,1,0,2,1,2,5,5,3.0,1.4,5.0,1.8,0.4,2.0,5,2,5,5,H
,Augsburg,Leverkusen,1.0,2.2,0.8,2.4,1.6,0.4,1,3,2,2,2,0,5,5,1.6,2.6,1.6,2.4,1.4,0.8,2,4,5,5,A
,FC Koln,Heidenheim,0.8,2.0,0.2,1.6,1.0,1.2,1,3,1,1,3,1,5,5,1.0,0.6,0.8,1.0,1.0,2.0,1,1,5,5,D
,Freiburg,Union Berlin,2.0,1.4,1.4,1.2,0.8,1.8,3,2,1,1,1,2,5,5,2.2,0.0,2.0,0.4,1.0,2.8,3,0,5,5,D
,Mainz,Wolfsburg,0.6,1.2,0.4,1.0,0.8,1.4,0,2,3,0,2,3,5,5,0.6,0.6,0.6,1.0,1.6,2.6,1,1,5,5,D
,RB Leipzig,Ein Frankfurt,2.0,1.2,2.0,1.8,1.4,1.8,3,2,1,0,1,3,5,5,2.6,1.4,2.8,1.8,0.6,1.6,4,2,5,5,A
,Darmstadt,Dortmund,0.4,1.2,1.2,1.8,1.8,1.6,0,1,2,3,3,1,5,5,0.2,1.2,0.4,1.8,1.4,1.6,0,1,5,5,A
,Bochum,Werder Bremen,1.4,1.0,1.4,1.0,1.6,1.6,2,1,1,2,2,2,5,5,1.6,0.4,2.0,1.2,1.4,2.2,2,0,5,5,D
,M'gladbach,Stuttgart,0.8,2.0,1.6,1.6,2.4,1.0,1,3,1,1,3,1,5,5,2.2,1.8,2.4,1.4,1.2,1.2,3,3,5,5,H
,Bochum,Stuttgart,1.4,1.4,1.6,1.4,1.8,1.4,2,2,1,1,2,2,5,5,1.8,1.2,2.0,1.2,1.0,1.8,2,2,5,5,H
,Darmstadt,Ein Frankfurt,0.2,1.8,1.0,1.8,2.2,1.4,0,3,1,0,4,2,5,5,0.2,1.4,0.2,1.4,1.4,1.4,0,2,5,5,D
,FC Koln,Dortmund,1.0,1.2,0.4,1.6,1.0,1.2,1,1,2,3,2,1,5,5,1.2,1.2,1.0,1.8,0.8,1.4,1,1,5,5,A
,Freiburg,Hoffenheim,2.0,0.8,1.2,1.6,0.6,2.4,3,1,1,1,1,3,5,5,1.8,0.8,1.6,1.2,1.0,2.2,2,1,5,5,H
,Heidenheim,Wolfsburg,2.0,0.8,1.8,0.8,1.4,1.4,3,1,1,1,1,3,5,5,2.0,0.8,2.0,1.0,1.8,2.2,3,1,5,5,D
,RB Leipzig,Leverkusen,2.0,2.2,1.8,2.0,1.2,0.4,3,3,1,2,1,0,5,5,2.4,2.6,2.8,2.0,0.8,0.8,4,4,5,5,A
,Bayern Munich,Werder Bremen,2.4,1.2,2.0,1.2,1.2,1.2,4,1,0,3,1,1,5,5,3.0,0.6,4.2,1.0,0.4,1.6,5,0,5,5,A
,M'gladbach,Augsburg,1.4,0.8,1.8,0.6,1.8,1.6,2,1,1,1,2,3,5,5,2.6,1.0,2.6,1.4,1.0,1.8,4,1,5,5,A
,Bayern Munich,Union Berlin,1.8,1.6,1.8,1.2,1.4,1.0,3,2,0,2,2,1,5,5,2.4,0.2,3.6,0.4,0.6,2.6,4,0,5,5,H
,Ein Frankfurt,Mainz,2.0,0.6,2.0,0.4,1.4,0.8,3,0,1,3,1,2,5,5,2.0,1.0,2.6,0.8,1.4,0.8,3,0,5,5,H
,Augsburg,Bayern Munich,0.8,2.4,0.6,1.8,1.6,0.4,1,4,1,0,3,1,5,5,1.6,2.4,1.4,2.2,1.2,1.4,2,4,5,5,A
,Hoffenheim,Heidenheim,0.8,2.2,1.8,1.8,2.6,1.2,1,3,1,2,3,0,5,5,1.0,0.8,2.0,1.2,2.2,1.8,1,1,5,5,D
,Stuttgart,RB Leipzig,0.8,1.4,1.0,1.8,1.6,1.6,1,2,1,1,3,2,5,5,2.0,1.4,2.0,1.6,1.0,1.6,3,2,5,5,H
,Werder Bremen,Freiburg,1.8,2.0,1.4,1.6,0.8,1.0,2,3,3,1,0,1,5,5,1.6,1.2,1.4,1.2,1.2,1.6,2,2,5,5,H
,Wolfsburg,FC Koln,1.0,0.4,0.8,0.2,1.0,1.8,1,0,2,2,2,3,5,5,0.8,0.8,1.2,0.4,1.6,2.2,1,1,5,5,D
,Leverkusen,M'gladbach,2.6,0.8,2.4,1.6,0.6,2.0,4,1,1,1,0,3,5,5,2.6,0.2,2.8,1.6,0.4,3.0,4,0,5,5,D
,Union Berlin,Darmstadt,1.4,0.4,1.0,1.4,1.0,2.4,2,0,1,2,2,3,5,5,1.4,1.0,1.2,1.6,1.6,3.2,2,1,5,5,H
,Dortmund,Bochum,1.6,1.4,2.2,1.2,1.0,1.6,2,2,2,1,1,2,5,5,1.4,0.8,1.6,0.8,2.0,2.0,2,1,5,5,H
,Heidenheim,Dortmund,1.8,2.2,1.4,2.4,1.0,0.6,2,3,3,2,0,0,5,5,2.2,1.6,1.8,2.0,1.0,0.8,3,2,5,5,D
,Bayern Munich,M'gladbach,2.4,1.0,1.8,1.4,0.8,1.4,4,1,0,2,1,2,5,5,2.4,0.4,2.2,1.4,0.6,2.4,4,0,5,5,H
,Bochum,Augsburg,1.4,0.8,1.2,1.0,1.6,1.8,2,1,1,1,2,3,5,5,2.2,1.0,1.8,0.8,0.6,1.6,3,1,5,5,D
,Darmstadt,Leverkusen,0.4,2.6,1.0,2.2,2.0,0.4,0,4,2,1,3,0,5,5,0.4,2.6,0.4,2.2,1.4,1.0,0,4,5,5,A
,Freiburg,Stuttgart,1.4,1.2,1.6,1.8,1.6,1.8,2,2,1,0,2,3,5,5,1.8,0.6,1.8,0.6,1.2,2.0,2,1,5,5,A
,Mainz,Werder Bremen,0.6,1.8,0.4,1.6,0.8,1.0,0,2,3,3,2,0,5,5,0.8,1.2,0.8,1.2,1.2,1.4,1,1,5,5,A
,FC Koln,Ein Frankfurt,0.4,2.0,0.4,1.2,2.0,1.2,0,3,2,1,3,1,5,5,0.6,1.0,0.4,1.2,1.4,1.8,0,1,5,5,H
,Wolfsburg,Hoffenheim,1.2,0.4,1.0,1.4,1.0,2.6,1,0,3,2,1,3,5,5,1.0,0.2,1.2,1.0,1.4,2.4,1,0,5,5,D
,RB Leipzig,Union Berlin,0.8,1.4,1.6,0.6,2.2,0.8,1,2,1,1,3,2,5,5,1.8,0.2,2.0,0.0,1.4,2.0,3,0,5,5,H
,Mainz,Union Berlin,0.4,1.4,0.4,0.6,1.0,0.6,0,2,2,1,3,2,5,5,0.8,0.2,0.6,0.0,0.8,2.0,1,0,5,5,D
,Dortmund,Freiburg,2.2,0.8,2.2,1.4,0.4,2.2,3,1,2,1,0,3,5,5,1.4,1.2,2.0,1.2,2.2,1.8,2,2,5,5,H
,Augsburg,RB Leipzig,0.8,0.8,1.0,1.4,1.8,2.0,1,1,1,1,3,3,5,5,1.0,0.8,1.2,1.4,1.4,2.4,1,1,5,5,D
,Ein Frankfurt,Bochum,2.0,1.0,1.2,0.8,1.0,1.8,3,1,1,2,1,2,5,5,2.0,0.8,2.4,0.8,1.4,2.2,3,1,5,5,D
,M'gladbach,Darmstadt,0.8,0.4,1.2,1.0,1.6,2.2,1,0,1,2,3,3,5,5,2.0,0.4,2.4,1.2,1.2,3.2,3,0,5,5,D
,Union Berlin,Wolfsburg,1.0,0.8,0.4,1.2,0.8,1.4,1,0,2,4,2,1,5,5,2.0,1.0,1.4,0.8,1.0,1.8,3,1,5,5,H
,Werder Bremen,Heidenheim,2.2,1.4,1.4,1.2,0.6,1.0,3,1,2,4,0,0,5,5,1.6,1.0,1.6,1.2,1.4,1.6,2,1,5,5,A
,Leverkusen,Bayern Munich,2.6,2.4,2.0,2.0,0.4,0.8,4,4,1,0,0,1,5,5,2.2,2.4,2.4,2.2,0.2,1.6,3,4,5,5,H
,Stuttgart,Mainz,1.8,0.6,2.4,0.6,1.4,1.0,3,0,0,3,2,2,5,5,2.6,0.8,2.6,0.4,0.8,0.6,4,0,5,5,H
,Hoffenheim,FC Koln,0.6,1.0,1.6,0.8,2.4,1.6,0,1,3,2,2,2,5,5,1.2,1.0,2.0,0.6,1.8,1.2,1,1,5,5,D
,FC Koln,Werder Bremen,1.2,2.0,1.0,1.4,1.4,0.8,1,3,3,1,1,1,5,5,1.0,1.6,0.6,1.0,1.2,1.0,1,2,5,5,A
,Darmstadt,Stuttgart,0.4,1.8,0.4,2.4,1.6,1.6,0,3,2,0,3,2,5,5,0.2,1.2,0.4,1.2,1.8,1.8,0,2,5,5,A
,Heidenheim,Leverkusen,1.4,2.6,1.0,1.8,0.8,0.4,1,4,4,1,0,0,5,5,1.8,2.6,1.4,2.0,1.0,0.6,2,4,5,5,A
,Hoffenheim,Union Berlin,0.6,1.4,1.2,0.6,2.0,0.8,0,2,3,1,2,2,5,5,1.4,0.4,1.8,0.2,1.4,1.4,1,0,5,5,A
,Mainz,Augsburg,0.4,1.0,0.6,1.4,1.4,1.6,0,1,2,2,3,2,5,5,0.4,1.0,0.4,0.8,1.0,1.6,0,1,5,5,H
,Wolfsburg,Dortmund,0.8,2.6,1.0,2.6,1.2,0.2,0,4,4,1,1,0,5,5,1.0,1.8,1.2,1.8,1.4,0.4,1,2,5,5,D
,RB Leipzig,M'gladbach,0.8,1.0,1.6,1.0,2.2,1.2,1,1,1,2,3,2,5,5,1.8,0.2,1.8,1.0,1.2,2.4,3,0,5,5,H
,Freiburg,Ein Frankfurt,0.8,1.6,1.0,1.0,2.2,1.0,1,2,1,2,3,1,5,5,1.6,0.8,1.4,0.8,1.2,1.8,2,1,5,5,D
,Bochum,Bayern Munich,1.2,1.8,1.0,1.4,1.2,1.4,1,3,3,0,1,2,5,5,2.2,1.8,1.8,1.4,0.6,2.2,3,3,5,5,H
,Leverkusen,Mainz,2.6,0.8,2.0,0.6,0.6,1.2,4,1,1,1,0,3,5,5,2.2,0.6,2.2,0.6,0.2,1.2,3,0,5,5,H
,M'gladbach,Bochum,0.4,1.6,0.4,1.4,1.4,1.4,0,2,2,2,3,1,5,5,1.6,0.4,1.6,0.6,1.2,2.2,2,0,5,5,H
,Stuttgart,FC Koln,2.4,1.0,2.6,0.8,1.2,1.4,4,1,0,2,1,2,5,5,2.6,1.0,2.8,0.6,0.8,1.2,4,1,5,5,D
,Union Berlin,Heidenheim,2.0,1.2,0.8,1.0,0.6,1.0,3,1,1,3,1,1,5,5,2.6,1.6,1.6,1.2,0.4,1.0,4,2,5,5,D
,Werder Bremen,Darmstadt,2.4,0.4,1.4,0.6,0.6,1.4,4,0,0,2,1,3,5,5,1.4,0.6,1.4,1.2,1.4,1.6,2,0,5,5,D
,Bayern Munich,RB Leipzig,1.8,1.4,1.8,2.0,1.8,2.0,3,2,0,1,2,2,5,5,2.4,1.0,2.0,1.8,0.4,2.4,4,1,5,5,H
,Ein Frankfurt,Wolfsburg,1.2,0.8,1.4,1.0,1.6,1.2,1,0,3,4,1,1,5,5,2.0,1.0,2.0,0.8,1.0,1.2,3,1,5,5,D
,Dortmund,Hoffenheim,2.2,0.6,2.2,1.2,0.4,1.6,3,0,2,3,0,2,5,5,2.0,0.2,2.6,1.2,1.4,2.6,3,0,5,5,A
,Augsburg,Freiburg,1.0,0.8,1.4,1.6,1.6,2.8,1,1,2,1,2,3,5,5,1.0,1.2,1.4,1.0,1.6,1.8,1,2,5,5,H
,Freiburg,Bayern Munich,0.2,1.8,1.2,2.0,2.8,2.0,0,3,1,0,4,2,5,5,1.6,1.2,1.8,1.6,1.6,2.8,2,2,5,5,D
,Bochum,RB Leipzig,1.0,1.4,1.6,1.8,2.4,1.8,1,2,2,1,2,2,5,5,2.2,1.0,1.8,1.8,0.8,2.4,3,1,5,5,A
,Darmstadt,Augsburg,0.4,1.0,0.4,1.4,1.2,1.6,0,1,2,2,3,2,5,5,0.2,0.8,0.6,0.6,2.0,1.6,0,1,5,5,A
,Heidenheim,Ein Frankfurt,1.2,1.2,1.2,1.4,1.2,1.6,1,1,3,3,1,1,5,5,1.6,1.0,1.6,1.2,1.4,2.0,2,1,5,5,A
,Mainz,M'gladbach,0.8,1.0,0.8,1.2,1.4,1.4,1,1,1,2,3,2,5,5,1.0,0.2,0.6,0.6,0.8,2.0,1,0,5,5,D
,Union Berlin,Dortmund,1.6,1.6,1.0,1.8,1.0,1.0,2,2,2,2,1,1,5,5,2.6,1.8,1.8,1.8,0.6,0.4,4,2,5,5,A
,Wolfsburg,Stuttgart,0.8,2.6,1.2,2.8,1.4,1.2,0,4,4,1,1,0,5,5,0.6,1.2,1.0,1.2,1.4,1.8,0,2,5,5,A
,FC Koln,Leverkusen,1.2,2.6,1.0,1.8,0.8,0.4,1,4,3,1,1,0,5,5,1.0,2.6,0.6,1.8,1.2,0.8,1,4,5,5,A
,Hoffenheim,Werder Bremen,1.2,2.0,1.4,1.4,1.4,0.8,1,3,3,1,1,1,5,5,1.2,2.2,1.6,1.2,1.4,0.6,1,3,5,5,H
,Stuttgart,Union Berlin,2.6,1.6,2.4,1.0,1.2,1.0,4,2,1,2,0,1,5,5,2.2,1.0,2.6,0.4,1.0,0.8,3,1,5,5,H
,Augsburg,Heidenheim,1.6,1.0,2.2,1.2,1.0,1.4,2,1,2,2,1,2,5,5,1.0,1.8,1.4,1.4,1.6,1.0,1,2,5,5,H
,Bayern Munich,Mainz,1.4,1.0,1.8,1.0,2.0,1.4,2,1,1,2,2,2,5,5,2.4,0.4,1.8,0.6,0.6,1.4,4,0,5,5,H
,M'gladbach,FC Koln,1.0,1.0,1.4,0.8,1.6,1.0,1,1,2,2,2,2,5,5,1.6,0.6,2.2,0.6,1.4,1.4,2,0,5,5,D
,RB Leipzig,Darmstadt,2.0,0.4,2.2,0.4,1.0,2.2,3,0,1,2,1,3,5,5,1.8,0.6,1.8,1.2,1.0,1.6,3,0,5,5,H
,Werder Bremen,Dortmund,1.4,1.6,1.0,1.6,1.0,0.8,2,2,1,2,2,1,5,5,1.6,2.2,1.6,2.0,1.0,0.2,2,3,5,5,A
,Bochum,Freiburg,1.0,0.4,1.6,1.4,2.6,2.6,1,0,2,2,2,3,5,5,1.6,0.6,1.4,1.0,1.6,2.2,2,1,5,5,A
,Ein Frankfurt,Hoffenheim,1.2,1.6,1.6,1.6,1.8,1.4,1,2,3,2,1,1,5,5,2.2,0.8,2.2,1.6,1.0,2.6,3,1,5,5,H
,Leverkusen,Wolfsburg,3.0,0.6,2.2,1.4,0.4,1.8,5,0,0,3,0,2,5,5,2.6,1.2,2.4,1.0,0.2,1.0,4,1,5,5,H
,FC Koln,RB Leipzig,0.6,2.0,1.0,2.2,1.6,1.0,0,3,3,1,2,1,5,5,0.8,1.0,0.6,2.0,1.6,2.2,1,1,5,5,A
,Darmstadt,Bayern Munich,0.4,1.4,0.4,2.8,2.2,2.0,0,2,2,1,3,2,5,5,0.2,1.4,0.6,1.8,3.0,2.2,0,2,5,5,A
,Heidenheim,M'gladbach,0.8,1.2,1.2,1.8,1.6,1.6,1,1,1,3,3,1,5,5,1.0,0.4,1.2,0.6,1.4,1.6,1,0,5,5,D
,Mainz,Bochum,0.8,0.8,1.0,1.6,2.8,2.8,1,1,1,1,3,3,5,5,1.2,0.2,0.8,1.0,0.8,3.2,1,0,5,5,H
,Union Berlin,Werder Bremen,1.4,0.8,0.8,1.0,1.2,1.4,2,1,1,1,2,3,5,5,2.0,2.0,1.2,1.0,0.8,0.6,3,3,5,5,H
,Wolfsburg,Augsburg,0.4,2.0,1.0,2.2,1.8,0.8,0,3,2,1,3,1,5,5,0.6,1.4,1.4,1.8,1.8,1.2,0,2,5,5,A
,Hoffenheim,Stuttgart,1.4,2.6,1.4,2.2,1.6,1.0,2,4,1,1,2,0,5,5,1.2,1.8,1.4,1.8,1.4,1.6,1,3,5,5,A
,Freiburg,Leverkusen,1.0,3.0,1.6,2.2,2.2,0.4,1,5,2,0,2,0,5,5,1.2,3.0,1.8,2.0,2.0,0.6,1,5,5,5,A
,Dortmund,Ein Frankfurt,2.0,1.8,2.0,2.2,1.0,1.6,3,2,1,3,1,0,5,5,1.4,1.6,2.2,1.6,1.6,1.6,2,2,5,5,H
,Ein Frankfurt,Union Berlin,1.6,1.4,2.2,1.0,2.0,1.4,2,2,2,1,1,2,5,5,2.2,0.8,1.8,0.4,1.0,1.2,3,1,5,5,D
,Leverkusen,Hoffenheim,3.0,1.2,2.2,1.2,0.8,2.0,5,2,0,0,0,3,5,5,2.6,0.8,2.2,1.6,0.2,2.6,4,1,5,5,H
,M'gladbach,Freiburg,1.2,1.0,2.0,2.0,1.8,2.2,1,1,3,2,1,2,5,5,1.6,0.6,2.4,1.2,1.6,2.4,2,1,5,5,A
,RB Leipzig,Mainz,2.4,1.4,2.8,1.2,0.8,2.2,4,2,0,1,1,2,5,5,1.8,0.2,1.6,0.8,0.8,3.0,3,0,5,5,D
,Werder Bremen,Wolfsburg,0.8,0.4,1.0,1.2,1.4,2.2,1,0,1,2,3,3,5,5,1.0,0.6,1.4,0.8,1.4,1.4,1,0,5,5,A
,Bayern Munich,Dortmund,2.0,2.0,3.8,2.0,1.8,1.2,3,3,1,1,1,1,5,5,2.4,2.2,2.8,1.8,0.8,0.4,4,3,5,5,A
,Augsburg,FC Koln,2.4,0.4,2.4,1.0,0.6,2.4,4,0,0,2,1,3,5,5,1.4,0.8,1.4,1.2,1.4,1.6,2,0,5,5,D
,Stuttgart,Heidenheim,2.6,0.4,2.2,1.0,0.8,1.6,4,0,1,2,0,3,5,5,2.6,1.2,2.8,1.2,0.8,1.2,4,1,5,5,D
,Bochum,Darmstadt,0.6,0.2,1.4,0.8,3.0,3.2,1,0,0,1,4,4,5,5,1.4,0.6,1.4,0.8,1.8,1.4,2,0,5,5,D
,Ein Frankfurt,Werder Bremen,1.6,0.2,1.6,0.8,1.4,1.8,2,0,2,1,1,4,5,5,1.8,1.8,1.4,1.0,0.8,0.8,2,3,5,5,D
,FC Koln,Bochum,0.6,0.2,1.2,1.2,2.4,3.0,0,0,3,1,2,4,5,5,0.6,0.2,0.6,0.8,2.4,3.0,1,0,5,5,H
,Freiburg,RB Leipzig,1.4,2.0,2.0,2.4,1.6,0.8,2,3,1,1,2,1,5,5,1.0,1.4,2.2,2.8,2.6,2.2,1,2,5,5,A
,Heidenheim,Bayern Munich,0.6,2.0,1.4,3.4,1.8,1.6,0,3,3,1,2,1,5,5,0.6,1.4,0.8,2.4,1.2,2.4,0,2,5,5,H
,Mainz,Darmstadt,1.0,0.4,1.0,1.0,2.2,3.2,1,0,2,2,2,3,5,5,1.6,0.6,1.0,0.6,0.6,1.2,2,0,5,5,H
,Union Berlin,Leverkusen,1.0,3.0,0.8,2.2,1.4,0.8,1,5,2,0,2,0,5,5,2.0,3.0,1.2,2.4,1.0,1.0,3,5,5,5,A
,Dortmund,Stuttgart,2.4,2.2,2.2,2.4,1.0,1.2,4,3,0,2,1,0,5,5,2.0,2.4,2.4,2.2,1.2,1.0,3,4,5,5,A
,Hoffenheim,Augsburg,1.2,2.6,1.4,2.6,2.2,0.6,2,4,0,1,3,0,5,5,1.0,2.0,0.8,2.4,1.4,0.8,1,3,5,5,H
,Wolfsburg,M'gladbach,0.8,1.2,1.4,2.0,2.0,2.0,1,1,1,3,3,1,5,5,0.6,0.6,1.4,0.6,2.0,1.4,0,0,5,5,A
,Augsburg,Union Berlin,2.0,0.8,2.4,0.4,1.0,1.2,3,1,1,1,1,3,5,5,1.6,1.0,1.6,0.4,1.4,1.0,2,1,5,5,H
,Bayern Munich,FC Koln,1.4,1.0,3.4,1.4,2.0,2.4,2,1,1,2,2,2,5,5,2.4,1.0,2.8,1.4,1.0,1.4,4,0,5,5,H
,Bochum,Heidenheim,0.2,1.0,1.0,1.6,2.4,1.8,0,1,1,2,4,2,5,5,1.0,1.2,1.6,1.6,2.2,1.6,1,1,5,5,D
,Mainz,Hoffenheim,1.6,1.2,1.6,1.4,1.8,2.0,2,2,2,0,1,3,5,5,2.2,0.8,1.8,1.8,0.4,2.4,3,1,5,5,H
,M'gladbach,Dortmund,1.2,2.4,1.6,1.8,1.8,0.6,1,4,3,0,1,1,5,5,1.0,2.2,1.8,1.4,2.0,0.4,1,3,5,5,A
,RB Leipzig,Wolfsburg,2.6,0.6,3.0,1.2,0.6,2.2,4,1,1,0,0,4,5,5,2.0,1.0,1.6,1.0,0.6,1.2,3,1,5,5,H
,Stuttgart,Ein Frankfurt,2.6,1.6,2.4,1.4,1.0,1.2,4,2,1,2,0,1,5,5,2.2,1.0,2.8,1.6,1.4,2.2,3,1,5,5,H
,Darmstadt,Freiburg,0.2,1.4,0.8,2.0,3.8,2.0,0,2,1,1,4,2,5,5,0.2,1.2,1.0,1.4,3.4,1.8,0,2,5,5,A
,Leverkusen,Werder Bremen,3.0,0.2,2.0,0.8,0.6,1.8,5,0,0,1,0,4,5,5,2.6,1.4,1.8,1.0,0.4,1.0,4,2,5,5,H
,Ein Frankfurt,Augsburg,1.0,2.0,1.0,1.6,1.6,1.0,1,3,2,1,2,1,5,5,1.4,1.4,1.4,2.2,1.0,1.2,1,2,5,5,H
,FC Koln,Darmstadt,1.0,0.2,1.4,0.8,2.4,2.8,1,0,2,1,2,4,5,5,1.2,0.6,1.0,0.6,1.8,1.8,2,0,5,5,A
,Heidenheim,RB Leipzig,1.2,2.6,1.6,2.8,1.6,0.4,1,4,3,1,1,0,5,5,1.0,2.0,1.2,3.2,1.4,1.4,1,3,5,5,A
,Hoffenheim,M'gladbach,0.6,1.0,1.2,1.6,2.6,2.0,1,1,0,2,4,2,5,5,1.4,1.0,1.2,1.2,1.4,1.6,2,1,5,5,H
,Wolfsburg,Bochum,0.6,0.4,0.8,1.0,2.2,1.8,1,0,0,2,4,3,5,5,0.4,0.2,1.4,1.0,2.4,2.6,0,0,5,5,H
,Union Berlin,Bayern Munich,0.8,1.8,0.4,3.4,1.2,1.6,1,3,1,0,3,2,5,5,1.4,0.8,1.0,2.2,1.2,2.6,2,1,5,5,A
,Werder Bremen,Stuttgart,0.2,2.6,0.6,2.4,2.4,0.6,0,4,1,1,4,0,5,5,0.8,3.0,1.2,2.4,1.6,0.8,1,5,5,5,H
,Dortmund,Leverkusen,2.4,3.0,1.8,2.6,0.8,0.6,4,5,0,0,1,0,5,5,1.8,3.0,2.2,2.0,1.2,0.6,3,5,5,5,D
,Freiburg,Mainz,1.8,2.0,1.8,2.2,1.6,1.8,3,3,0,1,2,1,5,5,0.4,0.2,1.8,0.6,3.0,2.8,0,0,5,5,D
,Bochum,Hoffenheim,0.4,1.2,0.8,1.8,1.6,2.6,0,2,2,0,3,3,5,5,1.0,0.8,1.6,1.6,2.2,2.6,1,1,5,5,H
,Augsburg,Werder Bremen,1.4,0.8,1.6,0.8,1.6,2.2,2,1,1,1,2,3,5,5,2.2,0.8,1.6,0.8,0.8,2.0,3,1,5,5,A
,Bayern Munich,Ein Frankfurt,1.8,1.0,2.8,1.0,1.6,1.6,3,1,0,2,2,2,5,5,2.4,0.8,3.0,1.2,1.0,2.4,4,1,5,5,H
,Freiburg,Wolfsburg,1.4,1.2,1.6,1.0,1.6,1.8,2,2,1,0,2,3,5,5,0.6,0.8,1.8,0.8,2.6,1.6,0,1,5,5,A
,RB Leipzig,Dortmund,2.6,2.0,2.8,1.6,0.6,0.8,4,3,1,1,0,1,5,5,2.6,2.6,1.8,1.8,0.0,0.6,4,4,5,5,H
,Leverkusen,Stuttgart,2.6,2.0,2.4,2.2,0.8,1.0,4,3,1,1,0,1,5,5,3.0,2.4,2.8,2.0,0.4,1.0,5,4,5,5,D
,M'gladbach,Union Berlin,0.8,0.8,1.6,0.6,2.2,1.8,1,1,1,1,3,3,5,5,1.0,1.0,1.8,0.4,2.0,1.0,1,1,5,5,D
,Mainz,FC Koln,2.2,0.8,2.2,0.8,0.4,2.2,3,1,2,1,0,3,5,5,2.6,0.8,2.4,1.2,0.4,1.6,4,0,5,5,D
,Darmstadt,Heidenheim,0.8,1.2,1.2,1.8,2.4,1.8,1,1,1,3,3,1,5,5,0.0,1.2,0.6,1.6,3.2,1.6,0,1,5,5,A
,Hoffenheim,RB Leipzig,1.2,2.6,2.2,2.6,2.6,0.6,2,4,0,1,3,0,5,5,1.8,2.4,1.8,3.2,1.8,1.2,3,4,5,5,D
,Dortmund,Augsburg,1.4,0.8,1.2,1.0,1.4,2.0,2,1,1,1,2,3,5,5,1.4,1.2,1.8,2.2,1.2,1.6,2,2,5,5,H
,Stuttgart,Bayern Munich,1.6,1.8,2.0,2.2,1.4,1.4,2,3,2,0,1,2,5,5,2.2,1.4,2.4,3.2,1.0,2.2,3,2,5,5,H
,Werder Bremen,M'gladbach,1.4,0.8,1.2,1.4,1.8,2.0,2,1,1,1,2,3,5,5,0.8,1.0,1.0,1.6,1.6,1.8,1,1,5,5,D
,Wolfsburg,Darmstadt,1.8,0.8,1.2,0.8,1.4,1.6,3,1,0,1,2,3,5,5,0.8,1.0,1.2,1.0,2.0,1.8,1,1,5,5,H
,FC Koln,Freiburg,1.0,1.4,0.8,1.4,1.4,1.4,1,2,2,1,2,2,5,5,0.6,1.8,0.6,1.4,2.2,1.2,1,3,5,5,D
,Union Berlin,Bochum,0.4,1.0,0.2,1.4,1.6,1.6,0,1,2,2,3,2,5,5,0.8,0.2,1.0,0.8,2.2,2.2,1,0,5,5,A
,Ein Frankfurt,Leverkusen,1.0,2.2,1.0,2.2,1.4,0.8,1,3,2,2,2,0,5,5,1.8,2.6,1.8,1.8,1.0,0.8,2,4,5,5,A
,Heidenheim,Mainz,1.6,1.8,1.8,2.0,1.6,0.6,2,2,2,3,1,0,5,5,0.8,0.4,1.4,0.8,1.8,2.8,1,0,5,5,D
,Augsburg,Stuttgart,0.6,2.0,1.0,2.0,2.8,1.0,1,3,0,1,4,1,5,5,2.0,2.0,1.2,2.0,1.0,1.2,3,3,5,5,A
,FC Koln,Union Berlin,1.0,0.2,0.6,0.8,1.2,2.4,1,0,2,1,2,4,5,5,0.8,1.0,0.6,0.2,2.0,0.8,1,1,5,5,H
,Freiburg,Heidenheim,1.0,1.6,0.8,1.4,1.4,1.2,1,2,2,2,2,1,5,5,0.4,1.2,1.4,1.4,2.4,1.4,0,1,5,5,D
,M'gladbach,Ein Frankfurt,1.0,0.8,1.8,1.2,1.8,2.4,1,1,2,1,2,3,5,5,1.0,0.8,1.8,1.4,2.0,2.4,1,1,5,5,D
,RB Leipzig,Werder Bremen,2.6,1.6,2.8,1.6,0.8,1.8,4,2,1,2,0,1,5,5,2.6,0.8,2.2,1.2,0.2,2.0,4,1,5,5,D
,Mainz,Dortmund,1.8,1.4,2.2,1.8,0.8,1.6,2,2,3,1,0,2,5,5,2.2,2.4,2.4,1.8,0.6,1.2,3,4,5,5,H
,Darmstadt,Hoffenheim,0.6,1.4,0.4,2.2,1.8,2.4,1,2,0,1,4,2,5,5,0.0,0.6,0.6,1.6,3.0,2.8,0,1,5,5,A
,Bayern Munich,Wolfsburg,1.8,1.8,2.4,1.4,1.6,1.4,3,3,0,0,2,2,5,5,2.4,1.4,2.8,1.2,1.0,1.6,4,2,5,5,H
,Bochum,Leverkusen,1.4,2.2,1.8,2.8,1.8,0.8,2,3,1,2,2,0,5,5,1.0,2.6,1.6,2.4,2.2,0.8,1,4,5,5,A
,Dortmund,Darmstadt,1.4,0.6,1.8,0.4,2.0,2.2,2,1,1,0,2,4,5,5,1.4,0.8,2.2,0.8,1.4,2.2,2,1,5,5,H
,Ein Frankfurt,RB Leipzig,0.8,2.2,1.2,2.2,2.4,0.8,1,3,1,2,3,0,5,5,1.6,2.6,1.6,3.2,1.6,1.0,2,4,5,5,D
,Heidenheim,FC Koln,1.2,1.0,1.0,0.8,1.0,1.4,1,1,3,2,1,2,5,5,1.0,0.8,1.4,1.2,1.6,1.6,1,0,5,5,H
,Hoffenheim,Bayern Munich,1.4,2.4,2.8,2.4,2.2,1.0,2,4,1,0,2,1,5,5,2.0,1.4,2.0,3.0,1.8,2.2,3,2,5,5,H
,Leverkusen,Augsburg,2.2,0.6,3.6,0.8,0.8,2.4,3,1,2,0,0,4,5,5,2.6,1.2,2.6,2.4,0.8,2.4,4,2,5,5,H
,Stuttgart,M'gladbach,2.0,0.6,2.0,1.4,1.0,1.8,3,0,1,3,1,2,5,5,2.2,1.2,2.4,2.0,1.0,1.8,3,1,5,5,H
,Union Berlin,Freiburg,0.2,1.2,1.2,0.8,2.8,0.8,0,1,1,3,4,1,5,5,0.6,2.0,1.2,1.4,2.6,0.6,1,3,5,5,H
,Werder Bremen,Bochum,1.6,1.4,1.6,1.6,1.8,2.4,2,2,2,1,1,2,5,5,1.0,0.6,1.2,1.4,1.6,2.6,1,1,5,5,H
,Wolfsburg,Mainz,1.8,1.8,1.2,2.0,1.2,0.8,3,2,0,3,2,0,5,5,1.2,0.6,1.6,0.8,1.8,2.4,2,0,5,5,A
,M'gladbach,Leverkusen,0.6,2.2,1.2,3.0,2.2,1.0,0,3,3,2,2,0,5,5,0.6,2.6,1.0,3.0,1.8,0.8,0,4,5,5,A
,Augsburg,Werder Bremen,0.0,2.2,0.6,2.4,2.8,1.0,0,3,0,2,5,0,5,5,1.4,1.0,0.8,1.2,1.0,1.8,2,1,5,5,D
,Freiburg,Stuttgart,0.6,2.0,0.8,2.2,1.2,1.0,0,3,3,1,2,1,5,5,0.4,2.0,1.2,1.6,2.2,0.8,0,3,5,5,H
,Hoffenheim,Holstein Kiel,2.0,0.0,3.4,0.0,1.8,0.0,3,0,1,0,1,0,5,0,2.0,0.0,2.4,0.0,2.0,0.0,3,0,5,0,H
,Mainz,Union Berlin,1.8,0.8,1.8,1.6,0.8,2.6,2,1,3,1,0,3,5,5,2.6,0.4,2.8,0.4,0.4,1.4,4,0,5,5,D
,RB Leipzig,Bochum,1.8,1.2,2.0,1.6,1.2,3.0,2,2,3,0,0,3,5,5,2.2,0.6,2.0,1.2,0.4,2.4,3,1,5,5,H
,Dortmund,Ein Frankfurt,1.4,1.0,2.2,1.6,1.8,2.2,2,1,1,2,2,2,5,5,2.0,0.8,2.6,1.0,0.8,2.0,3,1,5,5,H
,Wolfsburg,Bayern Munich,1.8,1.8,1.4,2.4,1.2,1.8,3,3,0,0,2,2,5,5,1.2,1.2,1.4,3.0,1.8,2.6,2,2,5,5,A
,St Pauli,Heidenheim,0.2,1.6,1.0,1.6,3.4,1.0,0,2,1,2,4,1,5,5,0.0,1.2,0.6,1.2,3.2,1.2,0,1,5,5,A
,Union Berlin,St Pauli,1.0,0.0,1.6,0.6,1.8,3.4,1,0,2,0,2,5,5,5,1.2,0.2,1.6,1.0,2.4,2.0,2,0,5,5,H
,Bochum,M'gladbach,1.2,0.6,1.6,1.0,3.0,2.0,2,0,0,3,3,2,5,5,1.0,1.0,1.4,1.8,2.4,2.4,1,1,5,5,A
,Ein Frankfurt,Hoffenheim,0.4,2.0,1.0,3.2,2.4,1.6,0,3,2,1,3,1,5,5,1.2,0.6,1.4,2.2,1.8,2.4,1,1,5,5,H
,Holstein Kiel,Wolfsburg,0.0,1.2,2.0,1.6,3.0,1.8,0,2,0,0,1,3,1,5,0.0,1.2,0.0,0.8,0.0,1.6,0,2,0,5,A
,Stuttgart,Mainz,2.0,1.8,2.2,1.8,1.2,0.8,3,2,1,3,1,0,5,5,2.6,1.2,3.0,1.2,0.8,2.2,4,1,5,5,D
,Werder Bremen,Dortmund,1.8,1.8,2.4,2.4,1.2,1.6,2,3,3,0,0,2,5,5,1.4,1.8,1.8,1.4,1.6,1.8,2,3,5,5,D
,Leverkusen,RB Leipzig,2.6,1.8,3.4,1.8,1.2,1.0,4,2,1,3,0,0,5,5,2.6,2.2,2.6,2.8,0.8,1.2,4,3,5,5,A
,Heidenheim,Augsburg,2.2,0.2,1.8,0.8,0.6,2.6,3,0,2,1,0,4,5,5,1.6,0.6,2.0,1.4,1.4,2.8,2,1,5,5,H
,Bayern Munich,Freiburg,1.8,1.0,2.0,1.2,2.0,1.2,3,1,0,2,2,2,5,5,2.4,2.0,2.8,1.4,0.8,0.6,4,3,5,5,H
,Dortmund,Heidenheim,2.0,2.2,2.2,2.4,0.8,0.6,3,3,1,2,1,0,5,5,2.0,1.8,2.4,1.6,0.6,1.0,3,2,5,5,H
,Freiburg,Bochum,1.0,0.6,1.0,1.0,1.2,3.0,1,1,2,0,2,4,5,5,1.0,0.6,1.4,1.2,1.8,2.2,1,1,5,5,H
,Hoffenheim,Leverkusen,2.0,2.4,3.0,3.4,1.6,1.4,3,4,1,0,1,1,5,5,2.6,2.6,3.0,3.0,1.8,0.8,4,4,5,5,A
,M'gladbach,Stuttgart,1.0,2.0,1.4,2.4,2.0,1.4,1,3,2,1,2,1,5,5,0.4,1.4,0.8,1.2,1.8,1.4,0,2,5,5,A
,RB Leipzig,Union Berlin,1.8,1.4,1.6,1.8,1.2,1.8,2,2,3,1,0,2,5,5,2.2,0.6,1.8,0.6,0.4,1.2,3,0,5,5,D
,Wolfsburg,Ein Frankfurt,1.2,1.0,1.6,1.4,1.6,2.2,2,1,0,2,3,2,5,5,1.2,0.2,1.6,0.6,1.8,2.2,2,0,5,5,A
,Holstein Kiel,Bayern Munich,0.0,1.8,1.0,2.0,2.5,1.8,0,3,0,0,2,2,2,5,0.0,1.2,0.0,2.6,2.0,2.6,0,2,1,5,A
,Augsburg,St Pauli,0.2,0.0,0.8,0.4,2.8,3.0,0,0,1,0,4,5,5,5,1.0,0.2,1.0,0.8,1.4,1.8,1,0,5,5,H
,Mainz,Werder Bremen,1.8,1.4,2.2,1.8,1.2,1.2,2,1,3,4,0,0,5,5,2.2,1.2,2.6,1.4,0.6,1.8,3,1,5,5,A
,Augsburg,Mainz,0.8,1.6,1.2,2.2,2.0,1.4,1,2,1,2,3,1,5,5,1.4,1.4,1.4,1.6,1.4,1.2,2,1,5,5,A
,Bochum,Holstein Kiel,0.0,0.0,0.4,1.0,2.8,3.6666666666666665,0,0,0,0,5,3,5,3,1.0,0.0,1.2,2.0,2.4,3.0,1,0,5,1,D
,Heidenheim,Freiburg,2.0,1.4,2.6,1.4,1.2,1.4,3,2,1,1,1,2,5,5,2.0,1.4,2.6,1.0,1.2,0.8,3,2,5,5,A
,Union Berlin,Hoffenheim,1.6,1.8,1.2,3.0,1.0,2.2,2,3,2,0,1,2,5,5,1.2,0.6,1.4,2.2,2.2,2.4,2,1,5,5,H
,Werder Bremen,Bayern Munich,1.8,2.4,1.8,3.0,1.0,1.4,2,4,3,0,0,1,5,5,1.6,1.8,1.6,3.4,1.2,2.2,2,3,5,5,A
,Ein Frankfurt,M'gladbach,1.6,0.8,1.6,1.2,1.4,2.2,2,1,2,1,1,3,5,5,1.6,1.4,2.0,2.0,2.0,2.2,2,2,5,5,H
,Leverkusen,Wolfsburg,2.4,0.6,3.2,1.2,1.4,2.0,4,1,0,0,1,4,5,5,2.0,1.8,2.6,1.2,1.4,1.2,3,3,5,5,H
,Stuttgart,Dortmund,2.0,2.0,2.4,2.0,1.4,1.0,3,3,1,1,1,1,5,5,2.2,1.4,3.2,1.0,1.4,1.6,3,2,5,5,H
,St Pauli,RB Leipzig,0.0,1.8,0.6,1.4,3.2,1.0,0,2,0,3,5,0,5,5,0.0,2.2,0.6,2.4,3.4,1.4,0,3,5,5,D
,Dortmund,Bochum,2.0,0.2,2.2,0.8,1.4,2.2,3,0,1,1,1,4,5,5,2.6,0.6,3.2,1.2,0.8,2.2,4,1,5,5,H
,Freiburg,St Pauli,1.8,0.2,1.8,0.4,1.2,1.6,3,0,0,1,2,4,5,5,1.6,0.2,1.6,0.8,1.2,2.0,2,0,5,5,A
,Mainz,Heidenheim,1.6,1.8,2.2,2.4,1.8,1.6,2,3,2,0,1,2,5,5,1.6,1.6,2.0,1.4,1.0,1.2,2,2,5,5,A
,M'gladbach,Union Berlin,0.6,2.2,1.0,1.2,2.4,0.6,1,3,0,2,4,0,5,5,0.4,0.6,1.0,0.6,1.8,1.2,0,0,5,5,H
,RB Leipzig,Augsburg,1.8,0.8,1.2,1.6,0.8,2.4,2,1,3,1,0,3,5,5,2.2,0.0,1.8,0.8,0.4,3.4,3,0,5,5,H
,Wolfsburg,Stuttgart,0.6,2.0,1.8,3.2,2.4,1.6,1,3,0,1,4,1,5,5,1.2,1.4,1.6,1.6,1.6,1.6,2,2,5,5,D
,Bayern Munich,Leverkusen,2.4,2.4,3.6,3.0,1.4,2.0,4,4,0,0,1,1,5,5,2.4,2.6,1.6,3.6,0.6,1.0,4,4,5,5,D
,Holstein Kiel,Ein Frankfurt,0.25,2.0,1.25,1.8,3.25,1.2,0,3,1,1,3,1,4,5,0.0,0.8,0.5,0.8,4.0,1.8,0,1,2,5,A
,Hoffenheim,Werder Bremen,1.2,1.6,2.0,1.6,2.6,1.8,2,2,0,2,3,1,5,5,2.0,1.6,2.6,1.6,2.4,1.8,3,2,5,5,A
,Augsburg,M'gladbach,0.8,1.2,1.4,1.2,2.8,1.6,1,2,1,0,3,3,5,5,0.8,0.8,1.4,1.4,2.0,2.4,1,1,5,5,H
,Bochum,Wolfsburg,0.2,0.8,1.0,2.0,2.2,2.2,0,1,1,1,4,3,5,5,1.0,1.2,1.2,1.4,2.4,2.0,1,2,5,5,A
,Leverkusen,Holstein Kiel,2.0,0.2,2.8,1.4,2.0,3.4,3,0,1,1,1,4,5,5,2.0,0.5,3.0,2.0,1.8,2.5,3,0,5,2,D
,Union Berlin,Dortmund,1.6,2.0,0.8,2.2,0.6,1.8,2,3,2,1,1,1,5,5,1.8,0.8,1.8,0.8,2.2,2.6,3,1,5,5,H
,Werder Bremen,Freiburg,1.6,1.8,1.6,1.6,2.2,1.4,2,3,2,0,1,2,5,5,1.6,1.4,1.6,1.0,1.8,0.8,2,2,5,5,A
,St Pauli,Mainz,0.8,1.0,0.8,1.6,1.2,2.0,1,1,1,2,3,2,5,5,0.2,1.8,0.4,2.2,3.0,1.6,0,2,5,5,A
,Heidenheim,RB Leipzig,1.8,2.2,2.0,1.6,1.4,0.4,3,3,0,2,2,0,5,5,1.4,1.8,2.0,1.6,1.4,1.2,2,2,5,5,A
,Ein Frankfurt,Bayern Munich,2.4,2.6,2.2,3.4,1.2,0.8,4,4,0,1,1,0,5,5,2.0,1.8,2.2,3.4,1.8,2.0,3,3,5,5,D
,Stuttgart,Hoffenheim,1.6,0.6,2.8,1.8,2.0,3.0,2,1,2,0,1,4,5,5,2.6,0.6,3.6,2.2,1.0,2.4,4,1,5,5,D
,Dortmund,St Pauli,1.4,0.8,2.0,0.8,2.2,1.4,2,1,1,1,2,3,5,5,3.0,0.6,3.8,1.0,1.0,1.6,5,1,5,5,H
,Freiburg,Augsburg,1.8,1.2,1.2,1.4,1.2,2.6,3,2,0,0,2,3,5,5,1.4,0.0,1.4,0.6,1.6,3.6,2,0,5,5,H
,Hoffenheim,Bochum,0.2,0.2,1.4,1.2,2.8,2.6,0,0,1,1,4,4,5,5,1.4,0.6,2.4,1.6,2.6,2.8,2,1,5,5,H
,Leverkusen,Ein Frankfurt,1.6,2.6,2.6,2.8,2.0,1.4,2,4,2,1,1,0,5,5,1.6,1.4,2.4,1.6,2.2,1.6,2,2,5,5,H
,Mainz,RB Leipzig,1.4,2.2,2.0,1.6,1.8,0.4,2,3,1,2,2,0,5,5,1.0,1.8,1.2,1.4,1.2,1.0,1,2,5,5,A
,M'gladbach,Heidenheim,1.2,1.2,1.0,1.6,1.4,1.6,2,2,0,0,3,3,5,5,1.0,2.0,1.0,1.6,1.4,1.0,1,3,5,5,H
,Bayern Munich,Stuttgart,2.2,1.8,3.4,2.8,1.0,1.6,3,2,2,3,0,0,5,5,2.6,1.6,1.8,1.8,0.4,1.6,4,2,5,5,H
,Holstein Kiel,Union Berlin,0.4,2.0,1.4,1.0,3.2,0.6,0,3,2,1,3,1,5,5,0.0,0.6,1.0,0.6,4.0,1.0,0,0,3,5,A
,Wolfsburg,Werder Bremen,1.4,1.4,2.2,1.2,1.8,2.0,2,2,1,1,2,2,5,5,0.8,2.2,1.8,2.4,2.0,1.4,1,3,5,5,A
,Mainz,M'gladbach,1.2,1.2,1.4,1.2,1.6,1.8,2,2,0,0,3,3,5,5,0.8,0.8,1.0,1.0,1.4,2.0,1,1,5,5,D
,Augsburg,Dortmund,1.2,1.8,1.6,2.4,2.4,2.4,2,3,0,0,3,2,5,5,1.4,0.2,1.8,0.6,1.6,2.8,2,0,5,5,H
,RB Leipzig,Freiburg,2.2,2.4,1.4,1.8,0.0,1.0,3,4,2,0,0,1,5,5,2.2,1.4,2.0,1.0,0.4,0.8,3,2,5,5,H
,St Pauli,Wolfsburg,0.8,0.8,1.0,2.2,1.6,2.6,1,1,1,1,3,3,5,5,0.2,1.8,0.4,2.0,3.2,1.6,0,3,5,5,D
,Stuttgart,Holstein Kiel,1.6,0.4,2.2,1.4,1.8,3.2,2,0,2,2,1,3,5,5,2.2,0.6666666666666666,3.2,2.0,1.2,2.3333333333333335,3,0,5,3,H
,Werder Bremen,Leverkusen,1.8,2.2,2.0,2.6,2.4,1.6,3,3,0,2,2,0,5,5,1.0,2.6,1.2,3.6,1.8,1.0,1,4,5,5,D
,Bochum,Bayern Munich,0.2,2.2,1.4,3.8,2.8,1.0,0,3,1,2,4,0,5,5,0.8,2.0,1.2,3.8,2.8,2.0,1,3,5,5,A
,Union Berlin,Ein Frankfurt,2.0,2.0,1.2,2.4,0.6,1.6,3,3,1,1,1,1,5,5,2.4,1.4,2.0,1.6,1.4,1.6,4,2,5,5,D
,Heidenheim,Hoffenheim,0.6,0.8,1.2,1.8,2.2,2.4,1,1,0,1,4,3,5,5,1.4,0.8,1.8,2.2,1.2,1.8,2,1,5,5,D
,Leverkusen,Stuttgart,1.8,1.6,2.2,2.0,1.8,1.8,2,2,3,2,0,1,5,5,2.0,1.4,2.4,1.4,2.0,2.0,3,2,5,5,D
,Bayern Munich,Union Berlin,2.2,2.0,3.6,1.4,0.8,0.8,3,3,2,1,0,1,5,5,2.6,1.0,2.2,1.0,0.4,1.0,4,1,5,5,H
,Ein Frankfurt,Bochum,1.6,0.2,2.2,1.2,1.6,3.4,2,0,2,1,1,4,5,5,1.6,0.0,2.2,1.0,2.2,2.8,2,0,5,5,H
,Hoffenheim,St Pauli,1.0,1.0,1.6,0.8,1.6,1.0,1,1,2,2,2,2,5,5,1.8,0.6,2.8,1.2,2.6,1.6,3,1,5,5,A
,Holstein Kiel,Heidenheim,0.4,0.8,1.4,0.8,2.4,1.4,0,1,2,1,3,3,5,5,0.0,1.4,0.75,1.8,3.5,1.6,0,2,4,5,H
,Wolfsburg,Augsburg,1.0,1.2,2.0,1.4,2.2,2.4,1,2,2,0,2,3,5,5,0.2,0.0,1.6,0.6,2.8,3.6,0,0,5,5,D
,Dortmund,RB Leipzig,1.2,2.6,1.8,2.0,2.4,0.2,2,4,0,1,3,0,5,5,3.0,2.2,3.2,1.6,1.0,0.8,5,3,5,5,H
,Freiburg,Mainz,1.8,1.4,1.6,1.4,1.4,1.4,3,2,0,1,2,2,5,5,2.0,2.2,1.8,2.6,1.4,1.4,3,3,5,5,D
,M'gladbach,Werder Bremen,1.4,1.4,1.2,2.0,1.4,2.6,2,2,1,1,2,2,5,5,1.4,2.2,1.6,2.6,1.8,1.8,2,3,5,5,H
,Union Berlin,Freiburg,1.4,1.4,1.0,1.0,1.2,1.4,2,2,1,1,2,2,5,5,2.6,1.2,1.6,1.2,0.8,1.4,4,2,5,5,D
,Bochum,Leverkusen,0.0,1.4,1.2,1.4,4.4,1.2,0,1,0,4,5,0,5,5,0.2,2.2,0.6,3.0,3.4,1.2,0,3,5,5,D
,Mainz,Dortmund,1.0,1.8,0.8,2.0,1.0,1.6,1,3,2,0,2,2,5,5,0.4,0.2,0.6,0.6,1.6,2.4,0,0,5,5,H
,St Pauli,Bayern Munich,1.4,2.2,1.2,3.2,1.0,0.8,2,3,1,2,2,0,5,5,0.4,2.6,0.2,4.4,2.6,1.2,0,4,5,5,A
,Werder Bremen,Holstein Kiel,1.4,0.8,2.2,1.2,2.4,2.0,2,1,1,1,2,3,5,5,1.0,0.5,1.2,1.75,1.8,2.25,1,0,5,4,H
,RB Leipzig,M'gladbach,2.4,2.0,2.2,2.0,0.6,1.2,4,3,0,1,1,1,5,5,2.2,0.8,1.8,0.8,0.4,1.8,3,1,5,5,D
,Augsburg,Hoffenheim,1.4,1.0,1.2,1.4,2.0,1.6,2,1,1,2,2,2,5,5,2.0,1.0,2.2,1.8,1.6,1.2,3,1,5,5,D
,Stuttgart,Ein Frankfurt,1.2,1.6,1.0,3.2,1.6,2.0,1,2,3,2,1,1,5,5,2.2,1.4,3.0,1.6,1.2,1.6,3,2,5,5,A
,Heidenheim,Wolfsburg,0.8,1.2,0.8,1.6,1.0,1.6,1,1,1,3,3,1,5,5,1.4,1.4,1.6,1.6,1.0,1.4,2,2,5,5,A
,Bayern Munich,Augsburg,2.6,1.6,3.2,1.2,0.6,1.2,4,2,1,2,0,1,5,5,2.6,0.2,2.4,0.6,0.2,2.8,4,0,5,5,H
,Dortmund,Freiburg,1.2,1.6,1.4,1.0,1.8,0.8,2,2,0,2,3,1,5,5,3.0,1.4,2.8,1.0,1.2,1.0,5,2,5,5,H
,Hoffenheim,RB Leipzig,1.2,2.0,0.8,1.4,0.8,0.6,1,3,3,1,1,1,5,5,1.2,2.0,2.0,1.4,2.6,0.8,2,3,5,5,H
,Leverkusen,Heidenheim,1.4,0.2,1.4,0.6,1.2,1.6,1,0,4,1,0,4,5,5,1.6,1.2,2.0,1.6,1.8,1.6,2,2,5,5,H
,Stuttgart,Bochum,1.0,0.2,1.0,1.0,1.8,3.8,1,0,2,1,2,4,5,5,1.6,0.0,2.6,1.2,1.8,3.4,2,0,5,5,H
,Wolfsburg,Union Berlin,1.6,1.6,1.8,1.0,1.4,1.0,2,2,2,2,1,1,5,5,0.4,1.0,1.6,0.6,2.4,1.0,0,1,5,5,H
,Ein Frankfurt,Werder Bremen,1.6,1.4,3.0,1.8,2.0,2.0,2,2,2,1,1,2,5,5,2.2,2.0,3.4,2.6,1.6,2.4,3,3,5,5,H
,Holstein Kiel,Mainz,0.8,1.6,1.0,1.4,1.6,0.8,1,2,1,2,3,1,5,5,0.6,2.2,0.8,2.4,2.8,1.2,1,3,5,5,A
,M'gladbach,St Pauli,1.6,0.8,1.8,0.6,1.2,1.2,2,1,2,1,1,3,5,5,1.8,1.2,2.2,1.4,1.8,1.2,3,2,5,5,H
,St Pauli,Holstein Kiel,0.8,0.6,0.6,0.6,1.0,1.8,1,1,1,0,3,4,5,5,0.4,0.4,0.0,1.6,1.2,2.2,0,0,5,5,H
,Augsburg,Bochum,1.0,0.2,0.8,0.8,1.6,3.6,1,0,2,1,2,4,5,5,2.0,0.0,1.8,1.2,1.2,3.6,3,0,5,5,H
,Freiburg,M'gladbach,1.0,2.2,0.8,2.0,1.6,0.8,1,3,2,2,2,0,5,5,2.0,1.0,1.6,0.8,1.2,1.0,3,1,5,5,H
,RB Leipzig,Wolfsburg,1.4,1.6,1.8,1.4,1.4,1.2,2,2,1,2,2,1,5,5,2.2,2.0,1.6,2.2,0.2,1.2,3,3,5,5,A
,Union Berlin,Leverkusen,1.0,1.8,0.6,2.0,1.0,1.2,1,2,2,3,2,0,5,5,2.2,1.8,1.2,2.2,0.6,1.4,3,2,5,5,A
,Werder Bremen,Stuttgart,1.4,1.4,1.8,1.2,2.0,1.6,2,2,1,1,2,2,5,5,1.0,1.0,0.8,1.2,1.8,2.0,1,1,5,5,D
,Dortmund,Bayern Munich,1.8,3.0,2.0,3.2,1.4,0.0,3,5,0,0,2,0,5,5,3.0,2.6,3.2,4.0,1.2,0.8,5,4,5,5,D
,Mainz,Hoffenheim,1.6,1.6,1.4,1.4,0.8,1.2,2,2,2,2,1,1,5,5,0.8,0.6,1.0,0.6,1.6,1.2,1,0,5,5,H
,Heidenheim,Ein Frankfurt,0.2,2.0,1.0,2.6,2.4,1.4,0,3,1,1,4,1,5,5,0.8,2.0,1.0,2.2,1.4,1.6,1,3,5,5,A
,Stuttgart,Union Berlin,1.6,0.4,1.6,0.4,1.2,1.4,2,0,2,2,1,3,5,5,2.0,0.8,2.4,0.4,1.2,1.0,3,1,5,5,H
,Bayern Munich,Heidenheim,2.6,0.2,2.6,0.6,0.2,2.6,4,0,1,1,0,4,5,5,2.6,0.6,2.6,1.6,0.2,2.6,4,1,5,5,H
,Bochum,Werder Bremen,0.2,1.0,0.6,1.4,3.2,2.0,0,1,1,2,4,2,5,5,0.4,1.8,0.8,2.2,2.6,2.2,0,3,5,5,A
,Ein Frankfurt,Augsburg,2.6,1.6,3.2,0.8,1.0,1.0,4,2,1,2,0,1,5,5,2.6,0.2,3.2,0.4,1.2,3.0,4,0,5,5,D
,Holstein Kiel,RB Leipzig,0.6,0.8,0.8,1.6,2.0,2.4,1,1,0,1,4,3,5,5,0.6,1.4,0.8,1.4,3.0,1.2,1,2,5,5,A
,Leverkusen,St Pauli,1.8,1.4,2.0,1.0,1.2,0.8,2,2,3,1,0,2,5,5,2.2,1.2,2.6,1.4,1.6,1.4,3,2,5,5,H
,M'gladbach,Dortmund,1.6,1.4,1.6,1.8,1.0,1.4,2,2,2,1,1,2,5,5,2.4,0.2,2.2,0.8,1.2,2.4,4,0,5,5,D
,Wolfsburg,Mainz,2.2,2.2,2.0,1.8,0.6,0.4,3,3,2,2,0,0,5,5,1.0,2.2,1.4,2.4,1.8,1.0,1,3,5,5,H
,Hoffenheim,Freiburg,1.0,1.0,0.8,0.8,1.4,1.6,1,1,2,2,2,2,5,5,1.2,1.4,2.2,1.0,2.8,1.4,2,2,5,5,D
,Freiburg,Wolfsburg,1.2,2.6,0.8,2.8,1.2,1.2,1,4,3,1,1,0,5,5,2.0,2.0,1.6,2.8,1.2,1.4,3,3,5,5,H
,Augsburg,Leverkusen,1.2,2.2,0.8,2.0,1.2,1.0,1,3,3,2,1,0,5,5,2.0,1.8,1.4,2.0,1.0,1.2,3,2,5,5,A
,Mainz,Bayern Munich,2.0,2.6,2.2,2.4,1.0,0.6,3,4,1,1,1,0,5,5,1.4,2.2,1.2,3.0,1.2,0.8,2,3,5,5,H
,M'gladbach,Holstein Kiel,1.6,0.6,1.6,0.6,1.0,2.0,2,1,2,0,1,4,5,5,2.6,0.4,2.2,1.4,0.8,2.2,4,0,5,5,H
,Union Berlin,Bochum,0.2,0.2,0.6,0.6,1.8,2.4,0,0,1,1,4,4,5,5,1.6,0.0,1.2,1.0,1.0,3.4,2,0,5,5,A
,St Pauli,Werder Bremen,1.2,1.4,1.2,1.2,1.2,1.6,2,2,0,1,3,2,5,5,1.0,1.8,0.6,2.0,1.0,2.0,1,3,5,5,A
,Heidenheim,Stuttgart,0.0,1.6,1.0,1.8,3.4,1.4,0,2,0,2,5,1,5,5,0.2,1.2,0.2,1.4,2.2,1.8,0,1,5,5,A
,Dortmund,Hoffenheim,1.6,1.0,1.8,1.0,1.2,1.6,2,1,2,2,1,2,5,5,2.6,0.6,2.6,0.4,1.0,1.0,4,0,5,5,D
,RB Leipzig,Ein Frankfurt,0.8,2.6,1.4,3.4,2.2,1.2,1,4,1,1,3,0,5,5,1.6,2.0,1.6,2.6,1.2,1.4,2,3,5,5,H
,Bayern Munich,RB Leipzig,2.0,1.4,2.0,1.6,1.0,2.0,3,2,1,1,1,2,5,5,2.6,1.8,3.0,1.8,0.6,1.2,4,3,5,5,H
,Ein Frankfurt,Mainz,2.0,2.4,2.2,2.6,1.2,1.2,3,4,1,0,1,1,5,5,2.2,2.0,3.0,2.4,1.4,1.2,3,3,5,5,A
,Hoffenheim,M'gladbach,1.2,1.6,1.2,1.6,1.4,1.0,1,2,3,2,1,1,5,5,1.4,0.4,2.2,0.6,2.2,1.6,2,0,5,5,A
,Holstein Kiel,Augsburg,0.0,1.0,0.6,0.6,2.8,1.4,0,1,0,2,5,2,5,5,0.6,0.4,0.6,0.8,2.2,2.6,1,0,5,5,H
,Stuttgart,St Pauli,2.0,0.6,2.4,0.8,1.6,1.6,3,1,1,0,1,4,5,5,2.0,1.2,2.0,1.4,1.4,1.2,3,2,5,5,A
,Werder Bremen,Union Berlin,2.0,0.2,1.4,0.6,0.8,1.6,3,0,1,1,1,4,5,5,1.0,0.6,1.2,0.8,2.2,1.6,1,1,5,5,H
,Leverkusen,Freiburg,2.6,1.6,2.4,1.4,1.0,1.6,4,2,1,2,0,1,5,5,2.2,1.0,2.2,0.6,1.2,1.6,3,1,5,5,H
,Bochum,Heidenheim,0.8,0.0,0.6,1.2,1.0,3.8,1,0,1,0,3,5,5,5,0.4,0.6,0.8,1.6,2.4,2.6,0,1,5,5,H
,Wolfsburg,Dortmund,2.4,1.2,3.0,1.6,1.6,1.2,4,1,0,3,1,1,5,5,1.6,0.2,2.0,1.0,2.0,2.6,2,0,5,5,A
,Dortmund,Leverkusen,1.8,3.0,2.0,3.2,0.8,1.0,2,5,3,0,0,0,5,5,2.2,1.8,2.0,1.6,0.8,1.0,3,2,5,5,A
,Freiburg,Holstein Kiel,1.4,0.6,1.6,1.4,2.6,2.6,2,1,1,0,2,4,5,5,2.0,0.2,1.8,1.2,1.4,2.6,3,0,5,5,H
,Heidenheim,Union Berlin,0.0,0.0,1.0,0.8,3.6,2.4,0,0,0,0,5,5,5,5,0.2,0.6,0.4,1.0,2.2,2.2,0,1,5,5,H
,Hoffenheim,Wolfsburg,1.0,1.8,1.4,2.6,1.8,2.0,1,3,2,0,2,2,5,5,1.4,2.0,1.8,2.6,1.8,1.2,2,3,5,5,A
,Mainz,Bochum,2.4,1.2,2.6,0.8,1.2,0.8,4,2,0,0,1,3,5,5,2.0,0.6,1.6,1.0,1.0,2.6,3,1,5,5,H
,St Pauli,Ein Frankfurt,1.2,1.4,1.0,1.8,1.4,1.4,2,2,0,1,3,2,5,5,0.8,1.4,0.6,2.0,1.4,1.4,1,2,5,5,A
,M'gladbach,Bayern Munich,2.0,2.0,2.0,2.8,1.2,1.2,3,3,1,1,1,1,5,5,2.6,1.6,2.8,2.2,1.0,1.2,4,2,5,5,A
,RB Leipzig,Werder Bremen,1.2,2.0,1.8,1.8,3.0,0.8,2,3,0,1,3,1,5,5,2.0,1.8,2.0,1.6,1.4,1.4,3,3,5,5,H
,Augsburg,Stuttgart,0.8,2.0,0.8,2.0,2.4,1.2,1,3,1,1,3,1,5,5,2.0,1.2,1.0,1.4,0.8,1.8,3,1,5,5,A
,Holstein Kiel,Dortmund,0.6,1.2,1.8,1.6,2.6,1.4,1,1,0,3,4,1,5,5,1.2,0.8,1.2,1.4,1.6,1.8,2,1,5,5,H
,Ein Frankfurt,Freiburg,1.4,2.0,1.8,2.2,1.4,2.2,2,3,1,1,2,1,5,5,1.6,0.4,2.8,0.6,2.0,2.6,2,0,5,5,H
,Leverkusen,Mainz,3.0,2.4,2.8,2.4,1.0,1.2,5,4,0,0,0,1,5,5,2.6,2.0,2.8,2.4,1.0,1.0,4,3,5,5,H
,Wolfsburg,M'gladbach,1.8,1.4,2.6,1.6,2.0,1.4,3,2,0,1,2,2,5,5,1.4,1.0,1.8,1.0,2.2,1.4,2,1,5,5,H
,Bochum,St Pauli,1.2,1.2,0.8,1.0,0.8,1.2,2,2,0,0,3,3,5,5,0.8,1.2,0.8,1.0,2.0,1.2,1,2,5,5,H
,Bayern Munich,Hoffenheim,2.0,0.4,2.4,0.6,1.2,1.4,3,0,1,2,1,3,5,5,3.0,0.8,3.8,0.4,0.6,0.8,5,0,5,5,H
,Stuttgart,RB Leipzig,2.0,1.8,1.8,2.0,1.2,2.6,3,3,1,0,1,2,5,5,1.8,1.2,1.8,1.8,1.4,2.2,3,2,5,5,H
,Union Berlin,Augsburg,0.0,0.8,0.8,0.8,2.6,2.0,0,1,0,1,5,3,5,5,1.0,0.4,0.8,1.0,1.2,2.8,1,0,5,5,A
,Werder Bremen,Heidenheim,2.0,0.6,2.2,1.0,1.4,2.6,3,1,1,0,1,4,5,5,1.6,0.0,2.0,1.2,1.4,3.0,2,0,5,5,D
,Ein Frankfurt,Dortmund,1.4,1.0,1.8,1.8,1.6,2.0,2,1,1,2,2,2,5,5,2.0,0.8,3.0,1.6,1.6,2.2,3,1,5,5,H
,Bayern Munich,Wolfsburg,2.4,1.8,3.2,2.6,1.0,2.0,4,3,0,0,1,2,5,5,3.0,2.0,4.0,2.2,0.6,1.0,5,3,5,5,H
,Bochum,RB Leipzig,1.8,1.8,1.0,2.0,0.6,2.0,3,3,0,0,2,2,5,5,1.4,0.6,0.8,1.6,1.4,2.6,2,1,5,5,D
,Heidenheim,St Pauli,0.8,0.6,1.6,0.4,2.4,1.2,1,1,1,0,3,4,5,5,0.8,1.2,0.8,0.8,2.0,1.0,1,2,5,5,A
,Holstein Kiel,Hoffenheim,1.2,0.4,2.4,0.6,2.4,2.0,2,0,0,2,3,3,5,5,1.8,0.6,2.0,0.2,1.6,1.6,3,0,5,5,A
,Stuttgart,Freiburg,2.4,1.4,1.8,1.8,1.0,2.8,4,2,0,1,1,2,5,5,1.8,0.4,1.8,0.6,1.4,2.8,3,0,5,5,H
,Leverkusen,M'gladbach,3.0,1.4,2.6,1.6,0.8,1.8,5,2,0,1,0,2,5,5,2.6,1.0,2.6,1.0,0.8,2.0,4,1,5,5,H
,Union Berlin,Mainz,0.0,1.8,0.6,2.0,2.6,1.4,0,3,0,0,5,2,5,5,0.4,1.4,0.4,1.8,1.4,1.2,0,2,5,5,H
,Werder Bremen,Augsburg,2.0,0.8,2.4,1.0,1.6,2.0,3,1,1,1,1,3,5,5,1.8,1.0,2.6,1.2,1.8,2.2,2,1,5,5,A
,Wolfsburg,Holstein Kiel,1.2,1.2,2.2,2.6,2.0,2.6,2,2,0,0,3,3,5,5,2.0,0.0,2.4,1.2,1.6,2.8,3,0,5,5,D
,Augsburg,Heidenheim,1.2,0.8,1.0,1.2,1.6,2.0,2,1,0,1,3,3,5,5,1.4,0.2,0.6,1.4,0.8,3.0,2,0,5,5,H
,Dortmund,Werder Bremen,0.8,1.4,1.6,2.2,2.2,2.0,1,2,1,1,3,2,5,5,1.6,1.2,2.0,1.2,1.2,1.8,2,2,5,5,D
,Freiburg,Bayern Munich,1.2,2.4,1.6,3.0,3.4,1.0,2,4,0,0,3,1,5,5,2.6,2.0,2.4,1.8,1.2,0.6,4,3,5,5,A
,Mainz,Stuttgart,1.8,2.4,1.6,2.0,1.0,0.6,3,4,0,0,2,1,5,5,2.6,1.6,2.0,1.2,0.6,1.4,4,2,5,5,H
,RB Leipzig,Leverkusen,1.4,3.0,2.2,2.8,2.6,0.8,2,5,1,0,2,0,5,5,2.0,2.2,2.0,2.0,1.8,1.2,3,3,5,5,D
,M'gladbach,Bochum,1.2,2.0,1.6,1.6,2.2,1.0,2,3,0,1,3,1,5,5,2.0,0.6,2.2,0.8,0.8,2.4,3,1,5,5,H
,Hoffenheim,Ein Frankfurt,0.8,1.8,1.0,1.8,2.0,1.2,1,3,1,0,3,2,5,5,0.8,2.0,1.2,2.0,1.8,1.0,1,3,5,5,D
,St Pauli,Union Berlin,1.2,0.6,0.6,0.6,0.8,2.2,2,1,0,0,3,4,5,5,0.8,0.0,0.6,0.6,1.0,2.6,1,0,5,5,H
,Werder Bremen,Mainz,1.0,1.8,2.2,1.6,2.4,0.8,1,3,2,0,2,2,5,5,1.6,1.2,2.2,2.0,1.8,1.6,2,2,5,5,H
,Bayern Munich,Holstein Kiel,3.0,1.4,3.2,2.8,0.8,2.2,5,2,0,1,0,2,5,5,3.0,0.2,4.0,1.4,1.0,2.8,5,0,5,5,H
,Bochum,Freiburg,1.4,0.6,1.2,1.2,1.6,3.4,2,1,1,0,2,4,5,5,1.6,0.2,1.4,0.6,1.0,3.6,2,0,5,5,A
,Heidenheim,Dortmund,0.8,0.8,1.2,1.8,1.8,2.4,1,1,1,1,3,3,5,5,0.6,0.8,0.8,1.4,2.4,2.2,1,1,5,5,A
,St Pauli,Augsburg,1.8,1.8,1.2,1.4,0.4,1.4,3,3,0,0,2,2,5,5,1.2,1.4,1.2,1.4,1.0,2.0,2,2,5,5,D
,Stuttgart,M'gladbach,1.8,1.2,1.4,1.4,0.8,2.0,3,2,0,0,2,3,5,5,2.4,0.8,2.2,1.0,0.8,2.4,4,1,5,5,A
,Union Berlin,RB Leipzig,0.6,1.0,0.6,2.2,2.4,2.8,1,1,0,2,4,2,5,5,0.8,0.8,0.6,2.0,1.4,2.8,1,1,5,5,D
,Ein Frankfurt,Wolfsburg,2.0,1.4,2.0,2.2,1.2,1.8,3,2,1,1,1,2,5,5,2.0,1.8,2.0,2.6,1.2,1.6,3,3,5,5,D
,Leverkusen,Hoffenheim,2.6,0.8,2.8,1.2,1.2,2.2,4,1,1,1,0,3,5,5,3.0,1.0,3.2,0.8,1.0,1.8,5,1,5,5,H
,Bayern Munich,Werder Bremen,3.0,1.0,3.0,1.6,1.2,2.2,5,1,0,2,0,2,5,5,3.0,1.4,4.2,1.4,1.6,1.4,5,2,5,5,H
,Dortmund,Stuttgart,0.8,1.8,1.6,1.6,2.4,1.0,1,3,1,0,3,2,5,5,1.2,1.6,2.0,1.2,1.4,1.0,1,2,5,5,A
,Freiburg,Heidenheim,1.2,0.8,1.2,1.4,2.4,1.8,2,1,0,1,3,3,5,5,2.0,0.2,2.0,1.6,1.4,3.2,3,0,5,5,H
,Hoffenheim,Union Berlin,0.8,0.8,1.2,0.4,2.4,1.6,1,1,1,1,3,3,5,5,1.0,0.0,1.6,0.6,1.8,2.6,1,0,5,5,A
,Mainz,Augsburg,1.2,2.0,1.0,1.4,0.8,0.6,2,3,0,1,3,1,5,5,3.0,1.6,2.2,1.6,0.4,1.6,5,2,5,5,D
,Wolfsburg,Leverkusen,1.6,2.6,2.2,2.4,1.4,1.2,2,4,2,1,1,0,5,5,2.0,2.2,2.6,2.0,1.8,1.2,3,3,5,5,D
,M'gladbach,Ein Frankfurt,1.2,2.2,1.4,2.0,2.0,0.8,2,3,0,2,3,0,5,5,2.0,2.0,2.0,2.2,0.6,1.2,3,3,5,5,D
,Holstein Kiel,Bochum,0.8,0.8,2.4,0.8,2.8,1.8,1,1,1,1,3,3,5,5,1.2,0.6,2.0,0.4,2.2,1.6,2,1,5,5,D
,RB Leipzig,St Pauli,1.2,1.4,2.0,1.2,1.8,0.6,1,2,3,1,1,2,5,5,1.6,1.2,1.8,0.8,2.0,1.0,2,2,5,5,H
,Augsburg,RB Leipzig,2.2,1.2,1.4,1.6,0.4,1.4,3,1,2,3,0,1,5,5,1.4,1.0,0.6,1.4,0.8,2.0,2,1,5,5,D
,Bochum,Dortmund,1.0,0.8,1.2,1.4,1.8,2.2,1,1,2,1,2,3,5,5,1.4,1.4,1.2,1.6,1.0,1.8,2,2,5,5,H
,St Pauli,Freiburg,1.4,1.2,1.2,0.8,0.8,2.0,2,2,1,0,2,3,5,5,1.4,0.8,1.4,0.8,1.0,2.8,2,1,5,5,A
,Stuttgart,Wolfsburg,1.8,1.2,1.8,2.0,1.2,1.4,3,1,0,3,2,1,5,5,1.8,1.4,2.0,2.2,1.2,1.6,3,2,5,5,A
,Union Berlin,M'gladbach,1.4,1.4,1.2,1.6,1.2,2.0,2,2,1,1,2,2,5,5,0.8,1.2,0.6,1.4,1.4,2.6,1,2,5,5,A
,Leverkusen,Bayern Munich,2.2,3.0,1.8,3.4,0.8,1.2,3,5,2,0,0,0,5,5,3.0,2.0,2.8,1.2,0.8,0.8,5,3,5,5,D
,Werder Bremen,Hoffenheim,1.0,0.8,1.2,1.2,2.0,3.0,1,1,2,1,2,3,5,5,1.6,0.8,2.0,1.0,1.6,2.4,2,1,5,5,A
,Ein Frankfurt,Holstein Kiel,1.8,1.0,2.0,2.4,1.0,2.6,2,1,3,2,0,2,5,5,1.6,0.2,2.0,1.8,1.4,3.2,2,0,5,5,H
,Heidenheim,Mainz,0.2,0.8,1.0,0.6,2.0,0.8,0,1,1,1,4,3,5,5,0.6,0.6,0.8,1.4,2.2,1.8,1,1,5,5,A
,Freiburg,Werder Bremen,1.8,0.8,0.8,0.8,1.2,2.0,3,1,0,1,2,3,5,5,2.4,1.4,2.2,1.4,1.4,1.8,4,2,5,5,H
,Holstein Kiel,Leverkusen,0.4,1.8,1.8,1.6,2.8,0.8,0,2,2,3,3,0,5,5,1.4,2.2,2.4,1.8,2.0,1.0,2,3,5,5,A
,Mainz,St Pauli,1.4,1.4,1.0,1.2,0.6,0.8,2,2,1,1,2,2,5,5,2.6,1.2,1.6,0.8,0.2,1.0,4,2,5,5,H
,M'gladbach,Augsburg,2.0,1.8,1.8,1.0,1.2,0.4,3,2,1,3,1,0,5,5,1.6,1.6,1.8,1.2,0.8,1.2,2,2,5,5,A
,Wolfsburg,Bochum,1.2,1.0,1.4,1.4,1.4,1.8,1,1,3,2,1,2,5,5,1.6,0.8,2.4,0.8,1.8,1.6,2,1,5,5,D
,Dortmund,Union Berlin,0.8,1.4,1.0,1.4,1.8,1.2,1,2,1,1,3,2,5,5,0.6,0.6,1.4,1.4,1.8,2.4,0,1,5,5,H
,RB Leipzig,Heidenheim,1.4,0.0,1.4,0.4,1.0,1.8,1,0,4,0,0,5,5,5,2.0,0.2,2.2,1.2,2.0,2.4,3,0,5,5,D
,Bayern Munich,Ein Frankfurt,2.6,1.8,2.4,1.8,1.2,1.0,4,2,1,3,0,0,5,5,3.0,1.6,4.0,1.8,1.2,1.0,5,2,5,5,H
,Hoffenheim,Stuttgart,1.4,1.2,1.8,1.6,2.2,1.4,2,2,1,0,2,3,5,5,0.4,2.0,0.8,1.6,2.0,1.2,0,3,5,5,D
,Stuttgart,Bayern Munich,0.8,2.6,1.0,2.6,1.6,0.8,1,4,1,1,3,0,5,5,1.2,1.6,1.6,1.0,1.2,0.8,2,2,5,5,A
,Bochum,Hoffenheim,1.0,1.0,1.0,1.4,1.4,2.2,1,1,2,2,2,2,5,5,2.0,1.4,1.6,1.6,0.8,2.2,3,2,5,5,A
,Heidenheim,M'gladbach,0.2,2.0,0.8,1.6,1.8,1.2,0,3,1,1,4,1,5,5,0.6,1.8,0.8,1.6,1.8,2.2,1,3,5,5,A
,RB Leipzig,Mainz,1.4,2.0,1.2,1.2,0.8,0.2,1,3,4,1,0,1,5,5,2.2,1.2,2.4,1.2,1.4,1.0,3,2,5,5,A
,St Pauli,Dortmund,0.8,1.4,0.8,2.2,1.2,1.4,1,2,1,1,3,2,5,5,0.8,1.2,0.8,1.4,1.0,2.0,1,2,5,5,A
,Werder Bremen,Wolfsburg,0.8,1.4,0.8,1.2,2.6,1.0,1,1,1,4,3,0,5,5,1.4,1.4,1.8,1.6,1.8,1.6,2,2,5,5,A
,Ein Frankfurt,Leverkusen,1.2,1.8,1.4,1.4,1.8,0.6,1,2,3,3,1,0,5,5,2.0,2.2,2.2,1.8,1.2,0.8,3,3,5,5,A
,Union Berlin,Holstein Kiel,0.8,0.4,1.0,1.6,2.2,2.6,1,0,1,2,3,3,5,5,0.8,0.2,0.6,1.8,1.4,3.2,1,0,5,5,A
,Augsburg,Freiburg,1.8,2.4,1.2,1.8,0.4,0.4,2,4,3,0,0,1,5,5,1.4,1.2,0.6,0.8,0.8,2.6,2,2,5,5,D
,M'gladbach,Mainz,2.0,2.0,1.6,1.2,1.2,0.4,3,3,1,1,1,1,5,5,1.4,1.2,1.6,1.0,1.2,1.0,2,2,5,5,A
,Bayern Munich,Bochum,2.6,1.0,2.8,1.0,0.8,1.0,4,1,1,2,0,2,5,5,3.0,1.0,3.8,1.0,1.0,1.6,5,1,5,5,A
,Dortmund,Augsburg,1.8,1.4,2.2,0.8,1.0,0.2,3,1,0,4,2,0,5,5,1.0,2.2,2.4,1.6,1.6,0.2,1,3,5,5,A
,Holstein Kiel,Stuttgart,0.8,0.8,1.4,1.2,2.2,1.8,1,1,1,1,3,3,5,5,1.4,2.0,2.4,1.4,2.0,1.0,2,3,5,5,D
,Leverkusen,Werder Bremen,2.2,0.6,1.8,0.6,0.4,2.6,3,1,2,0,0,4,5,5,2.6,0.8,2.4,1.2,0.6,2.8,4,1,5,5,A
,Wolfsburg,St Pauli,1.8,0.2,1.2,0.2,0.8,1.6,2,0,3,1,0,4,5,5,1.2,1.2,1.8,0.6,1.4,1.0,1,2,5,5,D
,Freiburg,RB Leipzig,2.6,1.2,1.6,1.0,0.0,0.8,4,1,1,3,0,1,5,5,2.4,0.6,2.6,1.0,1.2,2.0,4,0,5,5,D
,Ein Frankfurt,Union Berlin,1.0,0.8,1.2,1.0,2.2,1.8,1,1,2,1,2,3,5,5,2.0,0.6,2.2,1.0,1.4,3.0,3,1,5,5,A
,Hoffenheim,Heidenheim,1.4,0.2,1.2,0.6,1.8,2.0,2,0,1,1,2,4,5,5,0.4,0.4,0.8,1.2,2.0,2.0,0,0,5,5,D
,St Pauli,Hoffenheim,0.2,1.6,0.2,1.2,1.6,1.4,0,2,1,2,4,1,5,5,0.8,1.8,0.8,1.6,1.0,2.0,1,3,5,5,H
,Augsburg,Wolfsburg,1.8,1.8,0.8,1.2,0.0,0.8,2,2,3,3,0,0,5,5,1.0,2.0,0.4,1.6,0.8,1.2,1,3,5,5,H
,Mainz,Freiburg,2.6,2.2,1.8,1.4,0.4,0.0,4,3,1,2,0,0,5,5,2.6,1.4,1.6,0.6,0.2,1.6,4,2,5,5,D
,Union Berlin,Bayern Munich,1.2,2.0,1.4,2.4,2.0,0.8,2,3,0,1,3,1,5,5,0.8,2.0,0.6,1.4,1.2,0.8,1,3,5,5,D
,Werder Bremen,M'gladbach,0.6,1.4,0.8,1.4,2.6,1.6,1,2,0,1,4,2,5,5,0.8,1.8,1.2,1.8,2.0,2.0,1,3,5,5,A
,RB Leipzig,Dortmund,1.2,1.2,1.0,1.8,0.8,1.0,1,2,3,0,1,3,5,5,1.6,1.2,2.2,1.2,1.6,1.8,2,2,5,5,H
,Bochum,Ein Frankfurt,1.6,0.8,1.6,1.2,1.2,2.4,2,1,2,1,1,3,5,5,1.4,1.0,1.2,1.0,1.0,1.8,2,1,5,5,A
,Heidenheim,Holstein Kiel,0.4,1.0,0.6,1.2,1.8,1.8,0,1,2,2,3,2,5,5,0.6,0.8,0.6,1.8,1.8,2.4,1,1,5,5,H
,Stuttgart,Leverkusen,1.0,1.6,1.4,1.2,1.8,0.6,1,2,2,2,2,1,5,5,1.2,2.2,1.8,2.2,1.6,1.0,2,3,5,5,A
,Leverkusen,Bochum,2.0,1.4,2.0,1.4,1.2,1.4,3,2,1,1,1,2,5,5,2.0,1.0,1.4,1.2,0.8,2.0,3,1,5,5,H
,Bayern Munich,St Pauli,1.6,0.8,2.0,0.4,1.0,1.2,2,1,2,1,1,3,5,5,2.4,0.8,3.2,0.6,1.6,1.2,4,1,5,5,H
,Hoffenheim,Augsburg,1.6,2.2,1.2,1.0,0.8,0.0,2,3,2,2,1,0,5,5,0.6,2.2,0.8,1.4,1.8,0.2,0,3,5,5,D
,Holstein Kiel,Werder Bremen,0.8,0.6,1.0,1.2,2.0,2.8,1,1,1,0,3,4,5,5,1.0,0.8,1.8,1.2,2.2,2.8,1,1,5,5,A
,M'gladbach,RB Leipzig,1.8,1.2,2.0,1.0,1.8,0.8,3,1,0,3,2,1,5,5,0.8,0.8,1.0,0.8,1.6,1.0,1,0,5,5,H
,Wolfsburg,Heidenheim,1.6,1.0,1.2,1.2,1.0,1.8,2,1,2,2,1,2,5,5,1.4,0.6,1.8,1.4,1.0,1.8,1,0,5,5,A
,Ein Frankfurt,Stuttgart,1.2,0.4,1.6,1.6,2.4,2.4,2,0,0,2,3,3,5,5,1.4,1.6,1.6,1.2,1.6,1.2,2,2,5,5,H
,Freiburg,Union Berlin,1.8,0.8,1.6,0.8,0.4,2.2,2,1,3,1,0,3,5,5,2.0,1.2,2.0,1.2,0.8,2.4,3,2,5,5,A
,Dortmund,Mainz,1.2,2.6,1.6,2.2,1.0,0.8,2,4,0,1,3,0,5,5,0.8,1.8,2.2,1.6,1.6,1.0,1,3,5,5,H
,Augsburg,Bayern Munich,2.2,2.0,1.2,2.6,0.2,1.4,3,3,2,1,0,1,5,5,1.6,2.2,0.6,1.4,0.4,0.6,2,3,5,5,A
,Bochum,Stuttgart,0.8,0.4,1.2,1.4,2.0,2.2,1,0,1,2,3,3,5,5,0.8,1.0,1.2,1.0,1.6,1.4,1,1,5,5,A
,Freiburg,Dortmund,1.2,1.8,1.6,2.2,0.8,0.8,1,3,3,0,1,2,5,5,1.4,1.2,1.6,0.8,0.8,1.4,2,2,5,5,A
,Heidenheim,Leverkusen,1.6,2.4,1.4,2.6,1.4,1.4,2,4,2,0,1,1,5,5,0.6,2.2,0.8,2.4,2.0,1.2,1,3,5,5,A
,Mainz,Holstein Kiel,2.0,0.8,2.0,0.8,1.4,2.0,3,1,1,1,1,3,5,5,2.2,0.8,1.6,1.6,0.4,2.4,3,1,5,5,D
,RB Leipzig,Hoffenheim,1.0,1.2,1.0,0.8,1.0,0.8,1,1,2,3,2,1,5,5,1.6,1.8,1.8,1.6,1.2,1.2,2,3,5,5,H
,Werder Bremen,Ein Frankfurt,1.2,1.2,1.6,1.2,2.2,2.2,2,2,0,0,3,3,5,5,0.6,1.6,1.0,1.4,2.2,1.6,1,2,5,5,H
,St Pauli,M'gladbach,0.8,1.8,0.8,1.8,1.6,1.6,1,3,1,0,3,2,5,5,1.4,2.4,1.0,2.4,0.8,1.4,2,4,5,5,D
,Union Berlin,Wolfsburg,1.4,1.0,1.0,0.8,2.0,1.0,2,1,1,2,2,2,5,5,1.0,1.4,0.8,1.4,1.0,1.4,1,2,5,5,H
,Wolfsburg,RB Leipzig,0.8,1.4,0.6,1.2,1.0,0.8,1,2,1,1,3,2,5,5,0.8,0.8,0.8,0.6,1.0,0.8,0,0,5,5,A
,Bochum,Augsburg,0.6,1.6,1.0,0.8,2.6,0.8,1,2,0,2,4,1,5,5,0.6,1.8,0.6,1.2,1.8,0.4,1,2,5,5,A
,Hoffenheim,Mainz,1.0,1.6,0.8,1.8,1.2,1.6,1,2,2,2,2,1,5,5,0.8,1.8,1.0,1.6,1.8,1.2,0,3,5,5,H
,Holstein Kiel,St Pauli,1.0,1.0,1.0,1.0,1.8,1.4,1,1,2,2,2,2,5,5,0.4,0.8,1.0,1.0,2.4,1.6,0,1,5,5,A
,Leverkusen,Union Berlin,2.4,2.0,2.4,1.2,1.4,0.8,4,3,0,1,1,1,5,5,2.0,1.8,1.8,1.6,1.0,2.2,3,3,5,5,D
,M'gladbach,Freiburg,2.0,0.6,2.0,0.8,1.2,1.6,3,0,1,3,1,2,5,5,1.4,1.6,1.2,0.8,1.4,1.2,2,2,5,5,A
,Bayern Munich,Dortmund,2.0,1.8,2.4,1.8,1.6,1.0,3,3,1,0,1,2,5,5,2.4,1.8,3.2,1.6,1.6,1.2,4,3,5,5,D
,Stuttgart,Werder Bremen,0.8,1.8,2.0,2.0,2.0,1.2,1,3,1,0,3,2,5,5,0.6,1.4,2.0,1.4,2.2,2.0,1,2,5,5,A
,Ein Frankfurt,Heidenheim,1.2,1.4,1.2,1.0,1.8,1.2,2,2,0,1,3,2,5,5,1.4,1.0,1.4,1.0,1.6,1.2,2,1,5,5,H
,Freiburg,Hoffenheim,1.0,1.0,1.2,1.0,1.8,1.2,1,1,2,2,2,2,5,5,1.4,1.2,1.6,1.2,1.2,1.6,2,2,5,5,H
,Heidenheim,Bayern Munich,1.4,1.6,1.0,2.2,1.2,1.8,2,2,1,2,2,1,5,5,0.6,2.2,0.8,1.8,1.8,0.8,1,3,5,5,A
,Mainz,Wolfsburg,1.0,0.2,1.4,0.6,1.8,1.4,1,0,2,1,2,4,5,5,1.8,1.4,1.4,1.0,0.6,1.0,2,2,5,5,D
,RB Leipzig,Holstein Kiel,2.0,0.4,1.6,1.0,0.8,2.2,3,0,1,2,1,3,5,5,2.0,0.8,2.0,1.4,1.0,2.2,3,1,5,5,D
,Werder Bremen,Bochum,2.4,0.6,2.2,1.2,1.0,2.8,4,1,0,0,1,4,5,5,1.2,1.0,1.4,1.4,1.8,2.2,2,1,5,5,H
,Union Berlin,Stuttgart,2.2,0.8,1.2,2.0,0.6,1.8,3,1,2,1,0,3,5,5,1.0,1.6,0.6,1.8,0.8,1.0,1,2,5,5,D
,Augsburg,Ein Frankfurt,2.0,1.8,1.2,1.6,1.0,1.0,3,3,1,0,1,2,5,5,1.6,1.0,0.8,1.2,0.8,2.0,2,1,5,5,D
,Dortmund,M'gladbach,1.4,1.4,1.8,1.6,1.4,1.6,2,2,1,1,2,2,5,5,1.4,2.6,2.4,2.4,1.2,1.0,2,4,5,5,H
,St Pauli,Leverkusen,1.6,2.0,1.4,1.6,1.2,1.2,2,3,2,1,1,1,5,5,1.0,2.6,0.6,2.2,1.0,0.8,1,4,5,5,D
,Stuttgart,Heidenheim,0.8,1.2,2.4,0.8,2.2,1.8,1,2,1,0,3,3,5,5,0.0,1.0,1.4,0.8,2.6,1.4,0,1,5,5,A
,Bayern Munich,Mainz,2.2,0.6,2.6,1.2,1.2,2.0,3,0,2,3,0,2,5,5,2.0,1.8,2.8,1.6,1.4,1.4,3,3,5,5,H
,Hoffenheim,Dortmund,0.8,2.0,1.2,2.4,1.6,1.6,1,3,1,1,3,1,5,5,1.2,1.4,1.0,1.6,1.4,1.4,1,2,5,5,A
,Holstein Kiel,M'gladbach,0.4,1.4,0.8,1.8,2.0,1.6,0,2,2,1,3,2,5,5,0.4,2.0,1.0,2.4,2.2,1.4,0,3,5,5,H
,Leverkusen,Augsburg,2.2,1.6,1.8,1.0,1.0,1.0,3,2,2,2,0,1,5,5,1.6,2.2,1.2,1.4,0.8,0.4,2,3,5,5,H
,Wolfsburg,Freiburg,0.2,1.4,0.8,1.8,1.6,2.2,0,2,1,1,4,2,5,5,0.6,2.2,0.8,1.2,1.2,0.6,0,3,5,5,A
,Ein Frankfurt,RB Leipzig,2.0,2.0,1.4,1.8,0.6,1.0,3,3,1,1,1,1,5,5,1.8,1.2,1.8,0.6,1.4,0.6,3,1,5,5,H
,Bochum,Union Berlin,0.0,1.8,0.6,1.6,2.6,1.2,0,2,0,3,5,0,5,5,0.6,2.0,0.8,1.6,2.0,1.6,1,3,5,5,D
,Werder Bremen,St Pauli,2.4,1.6,2.0,1.4,1.0,1.2,4,2,0,2,1,1,5,5,1.2,0.8,1.4,1.0,1.8,1.8,2,1,5,5,D
,Heidenheim,Bochum,1.2,0.2,0.4,0.6,1.6,2.2,2,0,0,1,3,4,5,5,0.6,1.0,0.6,1.4,2.2,1.8,1,1,5,5,D
,M'gladbach,Hoffenheim,0.8,0.8,1.6,1.6,2.0,2.0,1,1,1,1,3,3,5,5,0.8,1.2,0.8,1.4,1.8,1.6,1,2,5,5,D
,RB Leipzig,Bayern Munich,1.4,2.6,1.4,3.0,1.8,1.0,2,4,1,1,2,0,5,5,1.6,2.2,1.8,2.2,1.2,0.6,2,3,5,5,D
,St Pauli,Stuttgart,1.2,0.8,1.2,1.8,1.2,1.6,1,1,3,1,1,3,5,5,1.0,1.2,0.6,2.2,1.0,1.6,1,1,5,5,A
,Union Berlin,Werder Bremen,1.8,2.6,1.6,1.6,1.2,0.2,2,4,3,1,0,0,5,5,1.0,1.8,1.4,1.4,1.6,1.8,1,3,5,5,D
,Dortmund,Wolfsburg,2.6,0.2,3.0,0.8,1.6,1.6,4,0,1,1,0,4,5,5,1.8,1.4,2.6,1.2,1.2,1.2,3,2,5,5,H
,Augsburg,Holstein Kiel,1.0,1.0,0.8,1.4,1.4,2.0,1,1,2,2,2,2,5,5,1.2,1.0,0.4,1.0,0.6,1.6,1,1,5,5,A
,Freiburg,Leverkusen,1.8,2.2,1.6,1.4,1.8,0.4,3,3,0,2,2,0,5,5,1.4,2.6,2.0,2.4,1.6,1.0,2,4,5,5,D
,Mainz,Ein Frankfurt,0.4,2.0,0.8,1.6,2.2,0.4,0,3,2,1,3,1,5,5,1.4,1.0,1.4,0.8,1.0,1.6,1,1,5,5,D
,Wolfsburg,Hoffenheim,0.2,0.8,0.8,2.2,2.2,2.6,0,1,1,1,4,3,5,5,0.4,0.8,0.8,1.6,1.4,2.2,0,1,5,5,D
,Bochum,Mainz,0.4,0.6,0.4,0.8,1.6,1.8,0,0,2,3,3,2,5,5,0.2,1.2,0.6,1.2,2.2,2.0,0,2,5,5,A
,Holstein Kiel,Freiburg,1.6,2.0,2.0,1.8,1.6,1.8,2,3,2,1,1,1,5,5,0.8,2.2,1.4,1.2,2.4,0.6,1,3,5,5,A
,Union Berlin,Heidenheim,1.4,0.8,1.6,0.2,1.4,1.6,1,1,4,1,0,3,5,5,1.2,1.6,1.6,1.0,1.6,1.2,1,2,5,5,A
,Werder Bremen,RB Leipzig,2.2,1.6,1.4,2.0,0.6,2.2,3,2,2,2,0,1,5,5,1.4,1.0,1.2,0.6,1.2,1.4,2,1,5,5,D
,Bayern Munich,M'gladbach,2.2,0.4,3.0,2.2,1.2,2.8,3,0,2,2,0,3,5,5,2.0,1.4,2.8,2.6,1.4,2.0,3,2,5,5,H
,Leverkusen,Dortmund,1.8,2.6,1.2,3.2,0.6,1.4,2,4,3,1,0,0,5,5,1.6,2.0,1.0,2.2,0.6,1.4,2,3,5,5,A
,Ein Frankfurt,St Pauli,1.6,1.2,1.6,0.8,0.6,0.8,2,1,2,3,1,1,5,5,1.8,1.0,2.0,1.0,1.2,1.4,3,1,5,5,D
,Stuttgart,Augsburg,1.4,0.8,2.0,0.8,1.4,1.8,2,1,1,1,2,3,5,5,0.0,2.0,1.2,1.4,2.4,0.8,0,3,5,5,H
,Augsburg,Union Berlin,0.8,0.8,0.6,1.4,2.0,2.0,1,0,1,4,3,1,5,5,1.0,1.6,0.6,1.0,1.2,1.8,1,2,5,5,A
,Dortmund,Holstein Kiel,2.6,1.4,3.2,2.0,1.6,1.8,4,2,1,1,0,2,5,5,2.4,1.6,3.2,1.4,0.8,1.2,4,2,5,5,H
,Freiburg,Ein Frankfurt,2.6,1.8,2.0,2.0,1.2,0.6,4,2,1,3,0,0,5,5,1.0,1.0,1.4,0.8,2.0,1.6,1,1,5,5,A
,Heidenheim,Werder Bremen,1.4,1.8,0.8,1.0,1.4,0.6,2,2,1,3,2,0,5,5,0.8,2.0,0.6,1.8,1.8,1.6,1,3,5,5,A
,Hoffenheim,Bayern Munich,1.0,2.2,2.4,2.8,2.4,1.0,1,3,2,2,2,0,5,5,1.2,2.2,1.4,2.8,1.2,1.2,1,3,5,5,A
,Mainz,Leverkusen,1.0,1.2,1.4,1.4,1.8,1.4,1,1,2,3,2,1,5,5,1.4,2.2,1.6,2.4,1.2,1.4,1,3,5,5,D
,M'gladbach,Wolfsburg,0.2,0.4,2.0,1.2,3.0,2.4,0,0,1,2,4,3,5,5,0.8,0.8,1.4,0.8,2.4,1.8,1,1,5,5,A
,RB Leipzig,Stuttgart,1.2,1.4,1.4,2.0,2.0,1.4,1,2,3,1,1,2,5,5,1.6,1.6,2.0,2.2,1.4,1.4,2,2,5,5,A
,St Pauli,Bochum,1.2,0.4,1.0,0.6,1.0,1.6,1,0,3,2,1,3,5,5,1.0,1.0,0.6,1.0,1.0,1.4,1,1,5,5,A
,Bayern Munich,RB Leipzig,2.6,0.6,3.2,1.2,0.6,2.2,4,0,1,3,0,2,5,5,2.0,1.0,2.4,0.6,1.4,1.4,3,1,5,5,H
,Ein Frankfurt,Werder Bremen,1.8,1.8,2.0,1.4,0.8,0.6,2,2,3,3,0,0,5,5,2.0,2.6,2.2,2.6,0.8,0.8,3,4,5,5,H
,Freiburg,Augsburg,2.0,0.2,1.8,0.4,1.6,2.2,3,0,1,1,1,4,5,5,0.8,1.4,1.6,0.8,2.6,1.6,1,2,5,5,A
,Heidenheim,Wolfsburg,1.4,1.0,1.0,1.0,1.6,1.8,2,1,1,2,2,2,5,5,0.8,0.8,0.8,0.6,2.0,1.6,1,1,5,5,A
,Leverkusen,Hoffenheim,1.2,0.4,1.8,2.0,1.8,3.2,1,0,3,2,1,3,5,5,1.4,0.4,1.4,1.8,1.4,2.6,2,0,5,5,A
,Union Berlin,Stuttgart,1.2,2.0,1.8,2.4,2.2,1.4,1,3,3,1,1,1,5,5,1.2,2.0,1.6,2.4,2.0,1.4,1,3,5,5,H
,St Pauli,Dortmund,0.6,3.0,0.6,3.4,1.2,1.2,0,5,3,0,2,0,5,5,1.0,2.0,0.6,2.6,1.0,1.8,1,3,5,5,D
,Mainz,FC Koln,1.2,1.0,1.8,1.0,1.8,1.8,1,1,3,2,1,2,5,5,1.0,0.6,1.6,1.2,1.6,2.2,0,0,5,5,A
,M'gladbach,Hamburg,0.2,1.8,1.8,1.2,2.8,1.4,0,3,1,0,4,2,5,5,0.8,0.8,1.4,0.8,2.0,2.6,1,1,5,5,D
,Hamburg,St Pauli,2.0,0.6,1.2,1.0,1.0,1.6,3,0,1,3,1,2,5,5,2.0,1.2,1.4,1.4,1.0,1.4,3,1,5,5,A
,Hoffenheim,Ein Frankfurt,1.0,2.2,2.0,2.8,2.8,1.0,1,3,2,2,2,0,5,5,1.0,1.6,1.2,1.4,1.8,1.0,1,2,5,5,A
,RB Leipzig,Heidenheim,0.4,1.4,1.0,1.2,3.2,1.4,0,2,2,1,3,2,5,5,1.6,2.0,2.2,1.2,1.6,0.8,2,3,5,5,H
,Stuttgart,M'gladbach,1.8,0.4,1.8,1.4,1.0,2.2,3,0,0,2,2,3,5,5,0.6,0.8,1.8,2.0,2.0,2.4,1,1,5,5,H
,Werder Bremen,Leverkusen,1.2,1.0,1.4,1.8,1.4,2.0,1,1,3,2,1,2,5,5,1.6,1.8,1.0,2.0,0.8,1.6,2,2,5,5,D
,Augsburg,Bayern Munich,0.6,2.6,1.0,3.6,2.4,0.6,1,4,0,1,4,0,5,5,0.8,2.2,0.8,3.0,1.6,1.0,1,3,5,5,A
,Wolfsburg,Mainz,1.4,1.0,1.2,1.4,1.6,1.6,2,1,1,2,2,2,5,5,0.4,1.2,1.0,1.6,1.6,2.0,0,2,5,5,D
,Dortmund,Union Berlin,2.6,1.6,3.4,1.4,1.4,1.6,4,2,1,2,0,1,5,5,2.4,2.2,2.6,1.4,0.8,0.8,4,3,5,5,H
,FC Koln,Freiburg,1.6,1.4,1.2,1.4,1.4,1.8,2,2,2,1,1,2,5,5,1.4,2.2,1.2,1.4,2.0,0.8,2,3,5,5,H
,Leverkusen,Ein Frankfurt,0.6,2.2,2.0,2.6,2.6,1.2,0,3,3,2,2,0,5,5,1.4,1.6,1.6,1.4,1.4,1.0,2,2,5,5,H
,Freiburg,Stuttgart,0.8,2.4,1.4,2.0,2.6,0.8,1,4,1,0,3,1,5,5,0.8,2.0,1.6,2.6,2.8,1.6,1,3,5,5,H
,Heidenheim,Dortmund,0.8,2.6,1.0,3.4,1.8,1.0,1,4,1,1,3,0,5,5,0.2,2.2,0.4,3.2,2.4,2.0,0,3,5,5,A
,Mainz,RB Leipzig,1.2,1.0,1.6,1.4,1.2,2.4,1,1,3,2,1,2,5,5,0.8,0.8,1.2,0.6,1.4,2.6,0,1,5,5,A
,Union Berlin,Hoffenheim,1.4,1.0,1.2,1.8,2.0,2.8,2,1,1,2,2,2,5,5,1.6,1.0,1.8,2.2,2.0,2.6,2,1,5,5,A
,Wolfsburg,FC Koln,1.6,2.0,1.4,1.8,1.6,1.4,2,3,2,1,1,1,5,5,0.4,1.0,1.0,0.8,1.6,1.6,0,1,5,5,D
,Bayern Munich,Hamburg,2.6,1.4,3.6,1.0,1.0,1.4,4,2,1,1,0,2,5,5,2.6,1.0,3.2,0.8,0.8,1.4,4,1,5,5,H
,St Pauli,Augsburg,1.0,0.6,1.4,1.4,1.6,2.6,1,1,2,0,2,4,5,5,0.6,1.4,1.0,1.2,1.6,1.8,0,2,5,5,H
,M'gladbach,Werder Bremen,0.4,1.2,0.8,2.0,1.6,2.0,0,1,2,3,3,1,5,5,1.0,2.0,1.2,2.4,1.4,1.6,1,3,5,5,A
,Stuttgart,St Pauli,1.8,1.6,2.0,1.8,1.4,1.6,3,2,0,2,2,1,5,5,1.2,1.6,1.8,1.6,1.4,1.2,2,2,5,5,H
,Augsburg,Mainz,0.6,1.0,1.4,1.4,2.4,1.2,1,1,0,2,4,2,5,5,0.2,0.8,1.0,1.2,2.2,2.0,0,1,5,5,A
,Hamburg,Heidenheim,0.8,0.6,0.4,1.0,2.2,2.2,1,1,1,0,3,4,5,5,1.8,1.8,1.4,1.0,1.4,1.0,3,3,5,5,H
,Hoffenheim,Bayern Munich,1.4,3.0,1.8,4.0,2.4,0.4,2,5,1,0,2,0,5,5,0.8,2.6,1.2,3.4,2.2,1.2,1,4,5,5,A
,Werder Bremen,Freiburg,1.6,1.2,2.4,1.6,1.6,2.4,2,2,2,0,1,3,5,5,1.8,2.0,1.2,1.6,0.6,1.6,2,3,5,5,A
,RB Leipzig,FC Koln,1.4,2.0,1.0,2.4,1.8,2.0,2,3,1,1,2,1,5,5,1.6,1.0,2.2,1.2,1.6,2.0,2,1,5,5,H
,Ein Frankfurt,Union Berlin,2.0,1.2,2.6,1.2,1.6,2.4,3,2,1,0,1,3,5,5,2.6,1.6,2.8,1.0,0.6,1.2,4,2,5,5,A
,Leverkusen,M'gladbach,1.0,0.2,2.2,0.0,2.4,1.6,1,0,2,1,2,4,5,5,1.4,0.2,1.6,1.2,1.4,2.2,2,0,5,5,D
,Dortmund,Wolfsburg,2.6,1.8,3.0,2.0,1.0,1.4,4,2,1,3,0,0,5,5,3.0,1.4,3.2,1.2,0.6,1.6,5,2,5,5,H
,Bayern Munich,Werder Bremen,3.0,1.4,4.4,2.4,0.6,2.2,5,2,0,1,0,2,5,5,2.6,2.0,3.6,2.6,0.4,1.6,4,3,5,5,H
,Heidenheim,Augsburg,0.0,0.6,0.6,1.6,2.6,2.4,0,1,0,0,5,4,5,5,0.2,1.2,0.4,1.2,2.6,2.0,0,2,5,5,H
,Mainz,Dortmund,1.0,2.6,1.4,2.4,1.2,0.6,1,4,2,1,2,0,5,5,0.6,2.2,1.0,2.8,1.4,1.8,0,3,5,5,A
,St Pauli,Leverkusen,1.4,1.2,1.4,2.0,1.6,1.8,2,1,1,3,2,1,5,5,1.0,1.4,1.2,1.8,1.6,1.6,1,1,5,5,A
,Wolfsburg,RB Leipzig,1.6,1.8,1.6,1.6,1.2,2.0,2,3,2,0,1,2,5,5,0.6,1.4,1.6,0.8,2.0,2.4,0,2,5,5,A
,M'gladbach,Ein Frankfurt,0.4,1.8,0.2,2.8,1.4,2.0,0,3,2,0,3,2,5,5,0.4,1.6,1.0,1.6,2.2,1.2,0,2,5,5,A
,Freiburg,Hoffenheim,1.2,1.2,1.8,1.6,2.2,2.8,2,2,0,0,3,3,5,5,1.4,1.6,2.0,2.8,2.2,2.4,2,2,5,5,D
,FC Koln,Stuttgart,1.4,1.8,2.0,1.6,2.2,1.4,2,3,1,0,2,2,5,5,2.0,1.4,1.8,2.0,1.2,2.2,3,2,5,5,A
,Union Berlin,Hamburg,1.8,1.4,2.0,0.8,2.4,1.8,3,2,0,1,2,2,5,5,1.0,0.8,2.0,0.6,2.8,2.2,1,1,5,5,D
,Hoffenheim,FC Koln,1.4,1.4,1.8,2.0,2.2,1.8,2,2,1,1,2,2,5,5,0.6,1.0,1.2,1.4,2.8,2.2,1,1,5,5,A
,Augsburg,Wolfsburg,0.6,1.0,1.6,1.4,2.4,1.4,1,1,0,2,4,2,5,5,0.2,1.4,1.0,1.2,2.4,1.6,0,2,5,5,H
,Dortmund,RB Leipzig,2.6,2.4,2.2,1.4,0.6,1.4,4,4,1,0,0,1,5,5,3.0,1.4,2.8,0.4,0.4,2.0,5,2,5,5,D
,Leverkusen,Union Berlin,1.6,1.4,2.0,1.6,1.6,2.2,2,2,2,1,1,2,5,5,1.4,1.6,1.8,1.4,1.6,1.6,2,2,5,5,H
,Werder Bremen,St Pauli,0.8,1.4,1.6,1.6,2.8,1.6,1,2,1,1,3,2,5,5,1.2,1.6,0.8,1.2,1.2,1.0,1,2,5,5,H
,Ein Frankfurt,Bayern Munich,1.8,3.0,3.4,4.4,2.6,0.6,3,5,0,0,2,0,5,5,2.0,2.6,3.2,3.6,1.4,1.2,3,4,5,5,A
,Stuttgart,Heidenheim,1.8,0.6,1.4,0.8,1.2,2.0,3,1,0,0,2,4,5,5,1.8,1.2,1.6,1.0,0.6,1.4,3,2,5,5,H
,Hamburg,Mainz,1.0,0.8,0.4,1.0,1.6,1.2,1,1,2,1,2,3,5,5,2.4,1.4,1.6,1.8,1.2,1.6,4,2,5,5,H
,M'gladbach,Freiburg,0.4,1.4,1.0,1.8,2.4,1.8,0,2,2,1,3,2,5,5,0.4,2.4,1.6,1.8,3.0,1.2,0,4,5,5,D
,Union Berlin,M'gladbach,0.8,0.4,1.2,1.0,2.4,2.4,1,0,1,2,3,3,5,5,1.0,0.2,1.2,1.2,2.0,2.2,1,0,5,5,H
,FC Koln,Augsburg,1.4,0.6,2.0,1.6,1.8,2.4,2,1,1,0,2,4,5,5,1.4,0.6,1.6,1.0,1.4,2.2,2,1,5,5,D
,Heidenheim,Werder Bremen,0.6,1.4,0.6,1.6,1.6,2.0,1,2,0,1,4,2,5,5,0.8,1.4,0.8,2.2,2.0,2.2,1,2,5,5,D
,Mainz,Leverkusen,0.8,2.2,1.0,2.2,1.8,1.2,1,3,1,2,3,0,5,5,0.4,1.4,0.6,2.0,1.4,1.8,0,1,5,5,A
,RB Leipzig,Hamburg,2.6,1.4,1.6,1.2,0.4,1.6,4,2,1,1,0,2,5,5,1.6,1.0,2.2,0.6,1.6,1.8,2,1,5,5,H
,Wolfsburg,Stuttgart,0.4,2.4,1.0,1.4,1.8,0.8,0,4,2,0,3,1,5,5,0.6,1.8,1.2,1.6,1.6,1.6,0,3,5,5,A
,Bayern Munich,Dortmund,3.0,2.6,3.8,1.8,0.6,0.2,5,4,0,1,0,0,5,5,3.0,2.6,4.0,2.8,0.0,1.4,5,4,5,5,H
,Freiburg,Ein Frankfurt,1.6,1.2,1.6,2.6,1.2,3.0,2,2,2,0,1,3,5,5,1.0,2.0,1.6,2.8,2.0,2.0,1,3,5,5,D
,St Pauli,Hoffenheim,1.2,0.8,1.0,1.4,1.2,2.2,2,1,0,1,3,3,5,5,0.8,1.8,1.2,2.6,1.8,2.0,1,2,5,5,A
,Werder Bremen,Union Berlin,1.4,1.4,1.4,1.8,1.8,2.0,2,2,1,1,2,2,5,5,1.2,1.4,0.8,1.4,1.2,2.0,1,2,5,5,H
,Augsburg,RB Leipzig,0.8,2.6,1.4,1.6,2.0,0.6,1,4,1,1,3,0,5,5,0.6,1.6,1.6,0.6,2.6,1.4,1,2,5,5,A
,Ein Frankfurt,St Pauli,0.8,0.6,2.4,0.6,3.2,1.8,1,1,1,0,3,4,5,5,1.4,1.0,2.6,0.8,2.0,1.0,2,1,5,5,H
,Hamburg,Wolfsburg,1.4,0.2,1.4,0.8,1.6,2.2,2,0,1,1,2,4,5,5,2.4,1.2,1.8,1.0,0.8,1.8,4,2,5,5,A
,Hoffenheim,Heidenheim,1.4,0.8,1.8,1.0,1.6,1.6,2,1,1,1,2,3,5,5,0.0,1.2,0.8,1.0,3.0,1.0,0,2,5,5,H
,M'gladbach,Bayern Munich,0.4,3.0,1.2,3.6,2.8,0.4,0,5,2,0,3,0,5,5,0.4,2.6,0.8,3.4,2.2,1.2,0,4,5,5,A
,Dortmund,FC Koln,2.0,1.0,1.4,1.4,0.6,1.8,3,1,1,2,1,2,5,5,2.6,1.4,2.4,1.4,0.2,2.0,4,2,5,5,H
,Leverkusen,Freiburg,2.6,1.8,2.4,1.8,1.2,0.8,4,2,1,3,0,0,5,5,1.4,2.0,1.8,1.4,1.6,1.0,2,3,5,5,H
,Stuttgart,Mainz,2.4,0.6,1.8,1.4,0.8,2.4,4,1,0,0,1,4,5,5,2.4,1.4,1.6,1.8,0.2,2.0,4,2,5,5,H
,Augsburg,Dortmund,0.8,2.0,1.2,1.2,2.8,0.6,1,3,1,1,3,1,5,5,0.6,2.0,1.4,2.4,3.2,1.4,1,3,5,5,A
,Heidenheim,Ein Frankfurt,0.8,1.4,1.2,2.6,1.8,2.6,1,2,1,1,3,2,5,5,0.8,2.0,1.2,3.0,2.4,2.2,1,3,5,5,D
,Mainz,Werder Bremen,0.6,1.4,1.6,0.8,2.6,1.8,1,2,0,1,4,2,5,5,0.2,1.4,1.0,2.2,2.0,2.2,0,2,5,5,D
,RB Leipzig,Stuttgart,2.6,3.0,2.6,2.0,0.6,0.4,4,5,1,0,0,0,5,5,2.0,1.8,2.4,2.0,1.6,1.6,3,3,5,5,H
,St Pauli,M'gladbach,0.0,0.4,0.2,1.2,2.0,2.6,0,0,0,2,5,3,5,5,0.8,0.2,1.2,1.0,2.2,2.2,1,0,5,5,A
,Union Berlin,Freiburg,1.4,1.2,1.4,1.2,1.4,1.0,2,1,1,3,2,1,5,5,1.4,1.4,1.4,1.2,1.8,1.4,2,2,5,5,D
,Bayern Munich,Leverkusen,3.0,2.6,3.2,2.2,0.4,1.0,5,4,0,1,0,0,5,5,3.0,1.8,3.8,2.6,0.2,2.2,5,2,5,5,H
,FC Koln,Hamburg,0.8,1.4,0.8,1.4,1.4,0.8,1,2,1,1,3,2,5,5,1.6,0.4,1.8,0.2,1.2,2.0,2,0,5,5,H
,Wolfsburg,Hoffenheim,0.6,1.4,0.4,1.6,1.6,1.4,1,2,0,1,4,2,5,5,0.6,2.2,1.2,2.4,2.0,1.2,0,3,5,5,A
,Werder Bremen,Wolfsburg,1.6,0.6,1.0,0.8,1.4,2.0,2,1,2,0,1,4,5,5,1.6,1.8,1.0,1.2,1.2,1.0,2,3,5,5,H
,Hamburg,Dortmund,0.8,2.0,1.2,1.2,1.4,0.6,1,3,1,1,3,1,5,5,1.8,2.0,1.6,1.8,1.0,1.0,3,3,5,5,D
,Hoffenheim,RB Leipzig,2.0,2.6,2.0,2.6,1.0,0.6,3,4,1,1,1,0,5,5,0.6,2.0,1.0,1.8,2.6,1.4,1,3,5,5,H
,Leverkusen,Heidenheim,2.4,1.0,2.0,1.2,1.4,1.6,4,1,0,2,1,2,5,5,2.0,0.6,1.8,1.0,0.8,1.6,3,1,5,5,H
,Union Berlin,Bayern Munich,1.0,3.0,0.6,3.0,0.8,0.2,1,5,2,0,2,0,5,5,1.6,3.0,1.4,3.4,1.2,0.6,2,5,5,5,D
,M'gladbach,FC Koln,0.8,1.4,1.8,1.4,2.4,1.0,1,2,1,1,3,2,5,5,0.4,1.4,0.8,1.2,2.6,1.4,0,2,5,5,H
,Freiburg,St Pauli,0.8,0.0,0.6,0.2,1.0,2.4,0,0,4,0,1,5,5,5,1.0,0.8,1.6,0.8,2.0,1.4,1,1,5,5,H
,Stuttgart,Augsburg,2.4,0.8,1.8,1.0,1.0,2.2,4,1,0,1,1,3,5,5,3.0,0.8,2.0,1.2,0.2,2.0,5,1,5,5,H
,Ein Frankfurt,Mainz,1.6,0.2,2.2,1.0,2.0,2.6,2,0,2,1,1,4,5,5,1.4,1.4,2.2,2.0,2.0,1.8,2,2,5,5,H
,Mainz,Hoffenheim,0.2,2.4,1.0,2.4,2.4,1.0,0,4,1,0,4,1,5,5,0.2,2.6,0.8,2.6,1.8,1.2,0,4,5,5,D
,Augsburg,Hamburg,0.8,0.8,1.2,1.4,2.4,1.6,1,1,1,1,3,3,5,5,0.6,0.4,1.2,0.4,3.0,2.2,1,0,5,5,H
,Bayern Munich,Freiburg,2.6,1.2,2.6,0.8,0.6,1.0,4,1,1,3,0,1,5,5,3.0,1.0,4.0,0.8,0.2,1.2,5,1,5,5,H
,Dortmund,Stuttgart,1.6,2.4,1.0,2.0,0.8,1.2,2,4,2,0,1,1,5,5,2.6,1.2,1.8,1.6,0.2,1.8,4,2,5,5,D
,Heidenheim,M'gladbach,0.4,1.4,0.8,1.6,2.6,1.4,0,2,2,1,3,2,5,5,1.0,0.8,1.2,1.2,1.8,1.4,1,1,5,5,A
,Wolfsburg,Leverkusen,0.6,2.4,1.0,2.8,2.2,1.2,1,4,0,0,4,1,5,5,0.4,1.6,1.2,2.2,2.2,2.4,0,2,5,5,A
,FC Koln,Ein Frankfurt,1.4,1.6,1.4,1.2,1.2,1.2,2,2,1,2,2,1,5,5,2.0,1.6,2.6,2.6,1.4,2.2,3,2,5,5,A
,RB Leipzig,Werder Bremen,2.0,2.2,2.6,1.4,1.2,0.8,3,3,1,2,1,0,5,5,2.4,1.0,2.4,1.6,1.2,2.2,4,1,5,5,H
,St Pauli,Union Berlin,0.0,1.0,0.2,1.0,2.4,1.2,0,1,0,2,5,2,5,5,0.8,1.2,1.2,1.2,2.6,2.0,1,2,5,5,A
,M'gladbach,RB Leipzig,1.8,2.4,2.2,2.8,1.4,1.0,3,4,0,0,2,1,5,5,0.8,2.0,1.4,2.0,2.8,0.8,1,3,5,5,D
,Bayern Munich,St Pauli,2.6,0.0,3.2,0.2,1.0,2.4,4,0,1,0,0,5,5,5,3.0,0.6,4.0,0.6,0.6,1.4,5,1,5,5,H
,Hoffenheim,Augsburg,2.6,0.8,2.6,0.8,1.0,2.2,4,1,1,1,0,3,5,5,1.2,0.8,1.6,1.6,2.0,1.8,2,1,5,5,H
,Union Berlin,Heidenheim,1.6,0.4,1.2,0.8,0.8,3.0,2,0,2,2,1,3,5,5,1.2,0.0,1.4,0.4,1.4,2.8,1,0,5,5,A
,Werder Bremen,FC Koln,1.6,0.8,1.2,1.8,1.2,2.0,2,1,2,1,1,3,5,5,2.0,0.8,1.4,1.2,1.4,2.0,3,1,5,5,D
,Leverkusen,Dortmund,2.4,1.6,3.0,1.4,1.4,1.2,4,2,0,2,1,1,5,5,2.6,2.0,2.8,1.4,0.4,0.6,4,3,5,5,A
,Hamburg,Stuttgart,0.2,2.0,0.6,2.4,1.8,1.8,0,3,1,1,4,1,5,5,1.4,1.4,1.4,2.0,1.0,2.0,2,2,5,5,H
,Ein Frankfurt,Wolfsburg,2.2,0.6,2.0,1.0,1.2,2.2,3,1,2,0,0,4,5,5,1.8,1.2,2.0,1.2,1.6,1.4,3,2,5,5,D
,Freiburg,Mainz,1.0,0.4,1.2,1.2,2.2,1.8,1,0,2,2,2,3,5,5,1.6,0.8,1.8,1.2,1.6,1.8,2,1,5,5,H
,Mainz,M'gladbach,0.4,2.0,0.6,2.0,1.8,0.8,0,3,2,1,3,1,5,5,0.4,1.4,1.0,1.8,1.8,1.0,0,2,5,5,A
,Augsburg,Leverkusen,0.6,1.8,0.6,2.4,2.6,1.2,1,3,0,0,4,2,5,5,1.2,2.0,1.0,2.4,2.4,2.2,2,3,5,5,H
,FC Koln,St Pauli,0.8,0.0,1.8,0.4,2.0,2.4,1,0,1,0,3,5,5,5,1.4,0.0,2.6,0.4,1.8,2.0,2,0,5,5,D
,Heidenheim,Freiburg,0.8,1.4,0.8,1.6,2.8,1.8,1,2,1,1,3,2,5,5,1.0,1.0,1.0,1.0,1.8,1.6,1,1,5,5,H
,Stuttgart,Bayern Munich,1.4,2.6,2.0,3.4,2.2,1.0,2,4,1,1,2,0,5,5,3.0,2.6,1.8,3.0,0.6,1.0,5,4,5,5,A
,Wolfsburg,Union Berlin,0.8,1.0,1.2,0.8,1.8,1.0,1,1,1,2,3,2,5,5,0.2,1.2,1.2,1.0,2.6,1.8,0,2,5,5,H
,RB Leipzig,Ein Frankfurt,2.0,2.2,2.4,1.8,0.8,1.0,3,3,1,2,1,0,5,5,3.0,1.6,2.4,2.8,0.6,2.6,5,2,5,5,H
,Hamburg,Werder Bremen,0.8,1.6,0.8,1.0,1.6,1.0,1,2,1,2,3,1,5,5,2.0,1.0,1.8,1.4,0.8,1.8,3,1,5,5,H
,Dortmund,Hoffenheim,2.2,2.6,1.6,2.6,1.0,1.0,3,4,2,1,0,0,5,5,2.2,2.2,1.8,2.4,0.8,1.2,3,3,5,5,H
,Union Berlin,RB Leipzig,1.0,2.0,1.0,2.4,1.4,0.8,1,3,2,1,2,1,5,5,1.2,1.6,1.2,1.8,1.0,0.8,1,2,5,5,H
,Ein Frankfurt,Augsburg,1.6,1.2,1.4,1.0,2.2,1.4,2,2,2,0,1,3,5,5,1.4,0.2,1.4,1.0,1.6,2.2,2,0,5,5,H
,Hoffenheim,Hamburg,2.0,1.4,2.0,1.4,1.2,1.8,3,2,1,1,1,2,5,5,1.8,0.2,2.0,0.4,1.4,2.4,3,0,5,5,H
,M'gladbach,Wolfsburg,2.6,0.8,2.2,1.6,0.2,2.0,4,1,1,1,0,3,5,5,1.0,0.8,1.4,0.8,2.0,1.4,1,1,5,5,A
,St Pauli,Heidenheim,0.2,1.4,0.6,1.0,2.2,2.4,0,2,1,1,4,2,5,5,0.6,0.6,0.6,0.8,2.2,2.6,1,1,5,5,H
,Leverkusen,FC Koln,1.2,1.0,2.0,2.0,1.6,2.0,2,1,0,2,3,2,5,5,2.0,0.8,2.4,0.8,0.6,1.6,3,1,5,5,H
,Freiburg,Dortmund,1.4,2.2,1.8,1.8,1.8,1.0,2,3,1,2,2,0,5,5,2.2,2.0,2.4,1.4,1.0,0.8,3,3,5,5,D
,Bayern Munich,Mainz,2.6,0.4,3.8,0.4,1.0,1.6,4,0,1,2,0,3,5,5,3.0,0.6,3.6,1.0,0.8,2.4,5,1,5,5,D
,Werder Bremen,Stuttgart,1.0,0.8,1.2,1.6,1.6,3.0,1,1,2,1,2,3,5,5,2.0,1.4,1.0,2.0,1.0,1.8,3,2,5,5,A
,Dortmund,M'gladbach,1.8,2.0,1.8,1.6,1.2,0.8,2,3,3,1,0,1,5,5,2.2,2.0,1.6,2.0,0.8,0.8,3,3,5,5,H
,Augsburg,Werder Bremen,1.2,0.8,1.0,1.0,1.4,2.2,2,1,0,1,3,3,5,5,1.8,0.4,1.2,1.0,1.6,2.4,3,0,5,5,D
,FC Koln,Union Berlin,0.4,1.4,1.2,1.6,2.2,1.6,0,2,2,1,3,2,5,5,1.0,1.2,2.0,1.2,1.8,1.8,1,2,5,5,A
,Hamburg,Ein Frankfurt,1.4,2.0,1.4,1.4,1.8,2.0,2,3,1,1,2,1,5,5,2.0,1.6,2.0,2.6,1.0,3.2,3,2,5,5,D
,Stuttgart,Hoffenheim,1.4,2.0,2.2,2.2,2.4,1.0,2,3,1,1,2,1,5,5,2.4,1.6,1.6,1.6,1.6,1.2,4,2,5,5,D
,Wolfsburg,Freiburg,1.4,1.4,1.8,2.0,1.6,2.0,2,2,1,1,2,2,5,5,0.6,0.4,1.2,0.6,2.2,2.0,1,0,5,5,A
,RB Leipzig,Leverkusen,1.4,1.8,2.0,2.4,1.2,1.0,2,3,1,0,2,2,5,5,3.0,1.8,3.2,1.8,0.6,2.0,5,3,5,5,A
,Mainz,St Pauli,0.4,0.8,0.6,1.0,1.8,1.6,0,1,2,1,3,3,5,5,0.4,0.2,1.0,0.6,1.8,1.8,0,0,5,5,D
,Heidenheim,Bayern Munich,1.2,2.2,1.0,3.6,2.6,1.4,2,3,0,2,3,0,5,5,1.6,2.6,1.4,3.4,1.6,0.6,2,4,5,5,A
,Ein Frankfurt,Dortmund,1.6,2.2,1.4,2.0,2.2,1.0,2,3,2,2,1,0,5,5,2.0,1.6,1.0,1.2,0.8,1.0,3,2,5,5,D
,Freiburg,Hamburg,1.4,1.4,2.4,1.4,2.4,1.8,2,2,1,1,2,2,5,5,1.8,0.2,2.0,0.6,1.0,2.2,2,0,5,5,H
,Heidenheim,FC Koln,1.2,0.4,1.0,1.0,2.2,1.8,2,0,0,2,3,3,5,5,1.0,0.8,1.0,0.6,2.2,1.4,1,1,5,5,D
,Union Berlin,Mainz,1.8,0.6,1.4,0.6,1.2,1.6,3,0,0,3,2,2,5,5,1.6,0.2,1.8,0.6,1.2,2.6,2,0,5,5,D
,Leverkusen,Stuttgart,1.8,1.0,1.8,1.6,1.2,2.0,3,1,0,2,2,2,5,5,2.4,1.4,2.6,2.4,0.4,1.6,4,2,5,5,A
,M'gladbach,Augsburg,1.4,1.4,1.0,0.6,1.0,0.8,2,2,1,1,2,2,5,5,1.0,0.2,0.8,0.8,1.4,2.0,1,0,5,5,H
,Bayern Munich,Wolfsburg,2.6,1.4,4.0,2.2,1.0,2.0,4,2,1,1,0,2,5,5,2.6,1.4,3.2,1.4,1.2,1.4,4,2,5,5,H
,Stuttgart,Ein Frankfurt,1.4,1.2,1.8,1.2,1.6,2.2,2,1,1,3,2,1,5,5,2.0,1.2,1.2,1.6,1.6,2.6,3,1,5,5,H
,Dortmund,Werder Bremen,2.2,0.4,2.0,0.6,1.0,2.0,3,0,2,2,0,3,5,5,2.2,0.6,1.8,1.0,0.8,1.6,3,0,5,5,H
,Mainz,Heidenheim,0.6,1.4,0.8,1.4,1.8,2.0,0,2,3,1,2,2,5,5,0.6,0.6,1.0,0.8,1.4,2.6,0,1,5,5,H
,Wolfsburg,St Pauli,1.4,1.0,2.2,0.8,3.0,1.2,2,1,1,2,2,2,5,5,0.6,0.4,1.8,0.6,2.8,1.6,1,0,5,5,H
,FC Koln,Bayern Munich,0.6,2.6,0.8,4.4,1.4,0.8,0,4,3,1,2,0,5,5,1.0,2.6,1.8,3.4,1.6,0.4,1,4,5,5,A
,Hoffenheim,M'gladbach,1.6,1.4,1.6,1.2,0.8,1.0,2,2,2,1,1,2,5,5,2.4,1.8,2.6,1.8,0.8,1.0,4,3,5,5,H
,RB Leipzig,Freiburg,1.4,2.0,2.0,2.4,1.2,1.4,2,3,1,1,2,1,5,5,2.4,0.8,2.8,1.4,1.0,2.6,4,1,5,5,H
,Augsburg,Union Berlin,0.8,1.4,0.4,1.6,1.6,1.6,1,2,1,1,3,2,5,5,1.4,1.2,0.6,0.6,1.4,1.2,2,2,5,5,D
,Werder Bremen,Ein Frankfurt,0.4,1.0,0.6,1.4,2.2,2.6,0,1,2,2,3,2,5,5,2.0,1.0,1.0,1.6,1.2,2.8,3,1,5,5,D
,Dortmund,St Pauli,2.2,1.0,2.2,1.0,0.8,1.4,3,1,2,2,0,2,5,5,2.6,0.4,2.2,0.8,0.6,1.6,4,0,5,5,H
,FC Koln,Mainz,0.4,1.2,0.8,1.2,1.8,1.2,0,1,2,3,3,1,5,5,0.8,0.4,1.8,1.0,2.0,2.2,1,0,5,5,H
,Hamburg,M'gladbach,1.4,1.2,1.6,1.4,2.0,2.0,2,2,1,0,2,3,5,5,1.6,1.8,1.4,1.8,1.2,1.4,2,3,5,5,D
,Hoffenheim,Leverkusen,2.0,1.2,2.4,1.4,0.8,1.8,3,2,1,0,1,3,5,5,3.0,1.8,3.6,2.0,0.8,2.0,5,3,5,5,H
,Wolfsburg,Heidenheim,1.8,0.8,2.4,1.2,3.0,2.2,3,1,0,1,2,3,5,5,1.2,0.6,2.2,1.0,2.4,2.8,2,1,5,5,D
,RB Leipzig,Bayern Munich,1.4,2.6,2.0,4.4,1.2,0.8,2,4,1,1,2,0,5,5,2.4,2.6,2.8,3.4,0.8,0.6,4,4,5,5,A
,Stuttgart,Union Berlin,2.0,1.6,2.2,1.6,1.6,1.4,3,2,1,2,1,1,5,5,2.0,1.4,1.6,0.8,2.0,1.0,3,2,5,5,D
,Augsburg,Freiburg,1.0,1.4,0.6,1.6,1.2,1.8,1,2,2,1,2,2,5,5,1.6,0.8,0.8,1.4,0.4,2.6,2,1,5,5,D
,St Pauli,Hamburg,1.0,1.0,1.2,1.2,1.4,1.8,1,1,2,2,2,2,5,5,0.6,0.0,0.6,0.8,2.2,2.6,1,0,5,5,D
,Bayern Munich,Augsburg,2.6,0.6,4.4,0.6,1.0,1.6,4,0,1,3,0,2,5,5,2.6,0.2,4.4,0.6,1.2,2.4,4,0,5,5,A
,Ein Frankfurt,Hoffenheim,1.2,2.0,2.0,2.0,2.0,0.8,1,3,3,1,1,1,5,5,2.2,1.6,1.6,1.4,0.8,1.0,3,2,5,5,A
,Heidenheim,RB Leipzig,0.4,1.2,1.0,2.2,2.2,2.2,0,2,2,0,3,3,5,5,1.0,1.0,1.0,1.8,2.2,1.4,1,1,5,5,A
,Leverkusen,Werder Bremen,1.2,0.4,1.2,1.0,1.6,2.6,2,0,0,2,3,3,5,5,1.8,0.4,2.4,0.6,1.2,1.8,3,0,5,5,H
,Mainz,Wolfsburg,1.2,1.4,1.4,2.0,1.4,3.0,1,2,3,1,1,2,5,5,1.2,1.4,0.8,1.4,0.8,2.4,1,2,5,5,H
,Union Berlin,Dortmund,1.8,2.2,1.6,2.4,1.0,1.2,2,3,3,2,0,0,5,5,1.2,1.8,1.6,1.6,1.4,1.2,1,2,5,5,A
,M'gladbach,Stuttgart,0.8,2.2,1.2,2.4,2.0,0.8,1,3,1,2,3,0,5,5,1.4,1.4,1.6,2.6,1.4,1.8,2,2,5,5,A
,Freiburg,FC Koln,1.6,0.8,1.8,1.0,1.8,1.8,2,1,2,1,1,3,5,5,2.2,0.4,2.2,0.8,1.0,1.8,3,0,5,5,H
,St Pauli,RB Leipzig,1.0,1.2,1.0,1.6,1.2,2.2,1,2,2,0,2,3,5,5,0.8,1.4,0.4,2.2,1.8,1.2,1,2,5,5,D
,Werder Bremen,Hoffenheim,0.4,2.6,0.6,2.6,2.2,0.6,0,4,2,1,3,0,5,5,1.6,1.6,1.4,1.4,1.8,1.2,2,2,5,5,A
,FC Koln,Wolfsburg,0.8,0.8,1.2,1.6,1.8,3.4,1,1,1,1,3,3,5,5,0.8,0.8,1.4,1.4,2.0,3.0,1,1,5,5,H
,Augsburg,St Pauli,1.2,0.6,1.0,0.8,1.6,1.2,1,0,3,3,1,2,5,5,1.8,0.4,1.2,1.0,0.6,1.8,2,0,5,5,H
,Ein Frankfurt,Leverkusen,0.6,1.8,2.0,1.4,2.6,1.2,0,3,3,0,2,2,5,5,1.6,1.2,1.4,1.2,1.4,1.6,2,2,5,5,A
,Hoffenheim,Union Berlin,2.6,1.2,2.2,1.0,0.4,1.4,4,1,1,3,0,1,5,5,3.0,1.6,3.2,1.0,0.6,1.0,5,2,5,5,H
,RB Leipzig,Mainz,1.4,1.6,1.6,1.6,1.8,1.2,2,2,1,2,2,1,5,5,1.8,0.4,2.4,1.0,1.6,2.2,3,0,5,5,A
,Werder Bremen,M'gladbach,0.4,0.8,0.6,1.0,1.8,2.0,0,1,2,1,3,3,5,5,1.0,1.4,1.2,1.0,2.2,1.4,1,2,5,5,D
,Hamburg,Bayern Munich,0.6,2.4,0.6,4.2,1.4,1.0,0,4,3,0,2,1,5,5,1.8,2.6,1.4,3.8,1.0,0.8,2,4,5,5,D
,Stuttgart,Freiburg,2.2,2.0,2.2,2.0,0.8,1.8,3,3,2,1,0,1,5,5,1.6,0.8,1.4,1.8,2.0,3.0,2,1,5,5,H
,Dortmund,Heidenheim,2.6,0.4,2.8,0.8,1.0,2.4,4,0,1,2,0,3,5,5,2.6,0.8,2.6,1.0,1.0,2.4,4,1,5,5,H
,Union Berlin,Ein Frankfurt,0.6,0.4,1.0,2.0,2.0,3.0,0,0,3,2,2,3,5,5,1.0,1.0,1.6,2.0,2.0,3.2,1,1,5,5,D
,Freiburg,Werder Bremen,1.4,0.4,1.2,0.8,1.4,2.0,2,0,1,2,2,3,5,5,2.6,0.2,2.2,0.4,0.8,1.8,4,0,5,5,H
,Heidenheim,Hamburg,0.4,0.8,1.2,0.8,2.2,1.0,0,0,2,4,3,1,5,5,0.8,0.2,0.8,0.6,2.6,2.2,1,0,5,5,A
,Mainz,Augsburg,2.0,1.6,2.0,1.4,1.4,1.8,3,2,1,2,1,1,5,5,1.6,0.6,1.2,0.8,0.8,2.4,2,1,5,5,H
,St Pauli,Stuttgart,0.4,2.6,1.0,2.4,1.6,0.8,0,4,2,1,3,0,5,5,1.0,2.0,0.6,3.0,1.4,1.2,1,3,5,5,H
,Wolfsburg,Dortmund,0.8,2.6,1.0,3.0,2.8,1.4,1,4,1,1,3,0,5,5,1.4,1.8,2.0,2.0,2.0,1.2,2,2,5,5,A
,M'gladbach,Leverkusen,1.0,1.8,1.2,1.6,1.8,1.4,1,3,2,0,2,2,5,5,1.4,1.8,1.6,1.8,1.4,1.2,2,3,5,5,D
,FC Koln,RB Leipzig,1.4,1.4,1.4,1.6,1.6,1.6,2,2,1,1,2,2,5,5,1.4,1.0,1.0,1.2,1.2,1.4,2,1,5,5,A
,Bayern Munich,Hoffenheim,2.0,3.0,3.8,2.8,1.4,0.6,3,5,1,0,1,0,5,5,2.0,1.6,4.0,1.2,1.6,0.8,3,2,5,5,H
,Dortmund,Mainz,3.0,2.4,2.8,2.0,1.0,1.0,5,4,0,0,0,1,5,5,3.0,1.0,2.6,1.4,0.8,2.2,5,1,5,5,H
,Ein Frankfurt,M'gladbach,0.4,0.6,1.6,0.6,2.6,2.0,0,0,2,3,3,2,5,5,1.0,1.0,1.4,0.6,2.0,1.6,1,1,5,5,H
,Hamburg,Union Berlin,1.2,0.6,1.0,0.8,0.8,1.8,1,0,3,3,1,2,5,5,1.8,1.0,1.6,1.0,1.2,1.6,2,1,5,5,H
,Hoffenheim,Freiburg,2.4,1.4,2.0,1.0,1.4,1.2,4,2,0,1,1,2,5,5,3.0,0.8,3.2,1.4,0.6,2.0,5,1,5,5,H
,Leverkusen,St Pauli,1.4,1.0,1.2,1.2,1.4,1.4,2,1,1,2,2,2,5,5,1.8,0.4,2.2,1.0,1.2,1.6,3,0,5,5,H
,Werder Bremen,Bayern Munich,0.4,2.0,0.8,3.2,1.6,1.4,0,3,2,1,3,1,5,5,0.6,2.6,1.0,3.8,2.2,0.8,0,4,5,5,A
,Stuttgart,FC Koln,2.0,1.2,1.8,1.2,1.0,1.6,3,2,1,0,1,3,5,5,1.6,0.4,1.0,1.0,1.6,2.0,2,0,5,5,H
,Augsburg,Heidenheim,1.6,0.2,1.4,0.8,1.4,2.2,2,0,2,1,1,4,5,5,1.8,0.8,1.4,1.4,0.8,1.8,2,1,5,5,H
,RB Leipzig,Wolfsburg,1.4,0.8,1.6,1.0,1.8,1.6,2,1,1,1,2,3,5,5,1.2,0.8,2.2,1.2,2.0,2.8,2,1,5,5,D
,Mainz,Hamburg,1.8,1.8,1.6,1.4,1.6,0.8,3,2,0,3,2,0,5,5,2.0,0.8,1.4,0.8,0.6,1.4,3,1,5,5,D
,Bayern Munich,Ein Frankfurt,2.0,1.0,3.2,1.8,1.2,2.0,3,1,1,2,1,2,5,5,2.0,0.6,3.8,1.4,1.4,2.8,3,0,5,5,H
,FC Koln,Hoffenheim,1.2,2.4,1.2,2.4,1.6,1.4,2,4,0,0,3,1,5,5,1.2,1.4,1.0,1.2,1.4,1.6,2,2,5,5,D
,Union Berlin,Leverkusen,0.4,2.0,1.0,1.8,2.2,0.6,0,3,2,1,3,1,5,5,1.0,1.4,1.4,1.4,1.8,1.2,1,2,5,5,H
,Wolfsburg,Augsburg,0.4,2.0,1.0,1.4,1.8,1.2,0,3,2,1,3,1,5,5,1.4,0.6,2.0,0.4,1.8,2.2,2,1,5,5,A
,RB Leipzig,Dortmund,1.6,3.0,1.8,3.0,1.2,1.0,2,5,2,0,1,0,5,5,0.8,2.2,1.4,2.2,2.4,1.2,1,3,5,5,D
,Freiburg,M'gladbach,1.4,0.6,1.0,0.4,1.4,1.6,2,0,1,3,2,2,5,5,2.6,0.4,2.0,0.4,0.6,2.2,4,0,5,5,H
,St Pauli,Werder Bremen,1.0,0.2,0.8,0.2,1.6,1.6,1,0,2,1,2,4,5,5,1.6,0.2,1.0,0.4,0.8,1.6,2,0,5,5,H
,Heidenheim,Stuttgart,0.2,2.0,0.6,1.8,2.0,0.8,0,3,1,1,4,1,5,5,0.8,1.8,0.8,2.6,2.4,1.0,1,3,5,5,D
,Augsburg,FC Koln,2.4,0.8,1.6,1.2,1.2,1.8,4,1,0,1,1,3,5,5,1.8,0.4,1.2,1.0,0.8,2.0,2,0,5,5,H
,Hoffenheim,St Pauli,2.0,1.4,2.2,1.2,1.6,1.8,3,2,1,1,1,2,5,5,3.0,0.2,3.2,0.8,0.6,2.2,5,0,5,5,A
,Leverkusen,Mainz,2.0,2.0,1.8,1.6,0.6,1.4,3,3,1,1,1,1,5,5,1.8,1.0,1.8,1.4,1.2,2.2,3,1,5,5,D
,M'gladbach,Union Berlin,0.4,0.8,0.6,1.0,2.0,2.0,0,1,2,1,3,3,5,5,1.0,1.0,1.2,1.2,1.4,1.6,1,1,5,5,H
,Werder Bremen,Heidenheim,0.2,0.2,0.4,1.0,1.8,2.4,0,0,1,1,4,4,5,5,0.4,0.2,0.8,1.0,2.6,1.8,0,0,5,5,H
,Dortmund,Bayern Munich,2.6,2.0,2.8,2.8,1.0,1.4,4,3,1,1,0,1,5,5,3.0,2.6,3.0,3.4,0.8,0.8,5,4,5,5,A
,Stuttgart,Wolfsburg,2.0,0.2,2.2,1.2,1.2,2.2,3,0,1,1,1,4,5,5,2.2,0.8,1.6,1.4,0.8,3.0,3,1,5,5,H
,Ein Frankfurt,Freiburg,0.8,1.8,1.6,1.0,2.0,1.2,1,3,1,0,3,2,5,5,1.4,0.8,1.8,1.2,1.8,2.2,2,1,5,5,H
,Hamburg,RB Leipzig,1.8,1.2,1.6,1.6,1.0,1.6,2,1,3,3,0,1,5,5,1.8,1.6,1.8,1.4,1.4,1.0,2,2,5,5,A
,Hamburg,Leverkusen,1.6,1.6,1.8,1.8,1.4,0.8,2,2,2,2,1,1,5,5,1.2,1.4,1.4,1.4,1.4,1.0,1,2,5,5,A
,Bayern Munich,M'gladbach,2.6,1.0,3.2,0.8,1.4,1.4,4,1,1,2,0,2,5,5,2.0,0.4,3.8,0.6,1.6,2.2,3,0,5,5,H
,Freiburg,Leverkusen,1.2,1.6,0.6,1.4,1.4,0.6,2,2,0,2,3,1,5,5,2.6,1.4,1.6,1.0,0.8,0.8,4,2,5,5,D
,Heidenheim,Hoffenheim,0.2,1.4,1.0,1.8,2.2,1.8,0,2,1,1,4,2,5,5,0.4,1.6,1.0,1.6,2.8,1.6,0,2,5,5,A
,Mainz,Stuttgart,1.6,2.0,1.2,2.4,1.4,1.2,2,3,2,1,1,1,5,5,2.2,2.0,1.6,3.0,0.6,1.2,3,3,5,5,D
,RB Leipzig,Augsburg,1.6,2.4,1.8,1.6,1.6,1.0,2,4,2,0,1,1,5,5,1.0,1.2,1.6,1.0,2.2,2.0,1,2,5,5,H
,Wolfsburg,Hamburg,0.2,1.4,1.0,1.4,2.4,1.2,0,2,1,1,4,2,5,5,0.8,1.0,1.8,1.0,2.2,1.4,1,1,5,5,A
,FC Koln,Dortmund,0.8,2.0,1.0,2.6,1.8,1.6,1,3,1,1,3,1,5,5,1.4,1.8,1.4,2.2,1.6,1.4,2,2,5,5,A
,St Pauli,Ein Frankfurt,1.8,1.4,1.2,1.8,1.6,1.4,3,2,0,1,2,2,5,5,2.2,0.6,1.4,1.8,0.8,2.2,3,0,5,5,D
,Union Berlin,Werder Bremen,0.8,0.8,1.0,0.8,1.6,1.4,1,1,1,1,3,3,5,5,1.6,0.2,1.4,0.2,1.4,1.4,2,0,5,5,A
,M'gladbach,St Pauli,0.8,2.0,0.8,1.0,2.0,1.2,1,3,1,1,3,1,5,5,1.4,0.6,1.4,1.0,1.4,2.2,2,1,5,5,H
,Dortmund,Augsburg,2.0,1.8,2.4,1.4,1.4,1.2,3,3,1,0,1,2,5,5,2.4,1.2,3.0,1.2,1.4,2.2,4,2,5,5,H
,Ein Frankfurt,Heidenheim,1.6,0.2,1.6,1.0,0.8,2.4,2,0,2,1,1,4,5,5,1.4,0.2,2.0,0.8,1.8,1.8,2,0,5,5,H
,Hoffenheim,Wolfsburg,1.4,0.2,2.0,1.2,2.0,2.6,2,0,1,1,2,4,5,5,2.4,0.2,2.4,0.8,0.6,3.6,4,0,5,5,D
,Leverkusen,Bayern Munich,1.6,3.0,1.8,3.6,1.0,1.2,2,5,2,0,1,0,5,5,2.0,2.6,1.8,3.2,1.0,1.2,3,4,5,5,D
,Hamburg,FC Koln,1.4,0.2,1.4,1.0,1.4,2.2,2,0,1,1,2,4,5,5,1.0,0.2,1.2,0.8,1.4,2.2,1,0,5,5,D
,Werder Bremen,Mainz,1.2,1.2,1.4,1.2,1.4,1.6,2,1,0,3,3,1,5,5,1.0,1.0,1.2,1.2,1.8,2.0,1,1,5,5,A
,Freiburg,Union Berlin,1.4,0.8,1.2,1.0,1.8,1.8,2,1,1,1,2,3,5,5,2.6,0.4,2.0,1.0,1.2,1.8,4,0,5,5,A
,Stuttgart,RB Leipzig,1.6,2.2,2.6,2.0,1.6,1.4,2,3,2,2,1,0,5,5,2.6,2.0,2.4,1.8,0.8,1.2,4,3,5,5,H
,RB Leipzig,Hoffenheim,1.6,1.6,1.6,2.0,1.4,1.2,2,2,2,2,1,1,5,5,1.0,2.0,1.6,2.4,2.4,2.0,1,3,5,5,H
,Bayern Munich,Union Berlin,2.6,1.2,2.8,1.0,1.2,1.6,4,2,1,0,0,3,5,5,2.4,0.8,4.2,1.0,1.4,1.6,4,1,5,5,H
,FC Koln,M'gladbach,0.4,1.2,1.0,1.0,2.0,1.8,0,2,2,0,3,3,5,5,1.4,0.4,1.4,0.6,1.4,2.0,2,0,5,5,D
,Heidenheim,Leverkusen,0.2,1.2,1.0,1.2,2.2,1.2,0,1,1,3,4,1,5,5,0.4,1.6,1.4,1.6,2.8,1.2,0,2,5,5,D
,Wolfsburg,Werder Bremen,0.4,1.2,1.2,1.4,2.4,1.6,0,2,2,0,3,3,5,5,0.8,0.6,1.4,1.0,1.8,1.6,1,1,5,5,A
,Dortmund,Hamburg,2.0,1.0,2.4,1.0,1.2,1.2,3,1,1,2,1,2,5,5,2.4,1.6,2.8,1.2,1.4,0.8,4,2,5,5,H
,Mainz,Ein Frankfurt,1.2,2.0,1.2,1.6,1.6,0.6,1,3,3,1,1,1,5,5,2.2,0.6,2.0,1.6,1.0,2.0,3,0,5,5,H
,St Pauli,Freiburg,1.4,0.8,0.6,1.0,1.4,2.0,2,1,1,1,2,3,5,5,1.8,0.2,1.0,0.4,0.6,2.0,2,0,5,5,A
,Augsburg,Stuttgart,1.8,2.2,1.4,2.6,1.2,1.2,3,3,0,2,2,0,5,5,2.2,1.6,1.6,2.6,0.8,1.6,3,2,5,5,A
,Freiburg,Bayern Munich,1.4,2.6,1.4,3.0,1.6,1.2,2,4,1,1,2,0,5,5,2.0,2.2,1.6,2.8,1.2,1.2,3,3,5,5,A
,Hamburg,Augsburg,0.8,1.2,1.2,1.6,1.6,2.2,1,2,1,0,3,3,5,5,1.0,1.2,1.4,1.2,1.6,1.8,1,2,5,5,D
,Hoffenheim,Mainz,1.0,1.8,1.4,1.6,2.2,1.0,1,2,2,3,2,0,5,5,2.0,1.4,1.6,1.2,0.6,1.6,3,2,5,5,A
,Leverkusen,Wolfsburg,1.4,0.2,1.8,0.8,1.6,2.2,1,0,4,1,0,4,5,5,1.6,0.4,1.6,0.8,1.2,2.2,2,0,5,5,H
,M'gladbach,Heidenheim,1.4,0.4,1.6,1.6,1.8,2.6,2,0,1,2,2,3,5,5,2.0,0.2,1.6,0.6,0.8,1.6,3,0,5,5,D
,Werder Bremen,RB Leipzig,1.8,2.0,1.6,2.2,1.0,1.0,3,3,0,1,2,1,5,5,0.8,2.0,0.6,1.6,1.6,0.8,1,3,5,5,A
,Stuttgart,Dortmund,2.2,2.0,3.0,2.2,1.4,1.6,3,3,2,1,0,1,5,5,2.6,2.2,2.0,2.4,0.4,1.4,4,3,5,5,A
,Union Berlin,St Pauli,1.2,1.4,0.6,0.8,1.8,1.0,2,2,0,1,3,2,5,5,1.0,0.6,1.0,0.8,2.0,2.2,1,1,5,5,D
,Ein Frankfurt,FC Koln,1.4,0.6,1.2,1.4,1.0,2.0,2,0,1,3,2,2,5,5,1.8,0.4,1.6,1.0,1.2,2.0,3,0,5,5,D
,Augsburg,Hoffenheim,0.8,0.8,1.2,1.2,2.0,2.2,1,1,1,1,3,3,5,5,2.0,1.4,1.8,1.8,1.6,2.8,3,2,5,5,D
,Dortmund,Leverkusen,2.4,1.8,2.2,2.8,1.2,2.0,4,2,0,3,1,0,5,5,2.4,1.2,2.8,1.6,1.4,1.6,4,1,5,5,A
,Heidenheim,Union Berlin,0.4,0.8,1.4,0.6,2.4,2.0,0,1,2,1,3,3,5,5,0.4,0.6,1.6,0.8,3.0,2.2,0,1,5,5,H
,RB Leipzig,M'gladbach,2.4,1.6,2.2,1.8,0.8,1.8,4,2,0,2,1,1,5,5,1.6,0.4,2.4,1.2,1.4,2.6,2,0,5,5,H
,Wolfsburg,Ein Frankfurt,0.2,1.6,1.0,1.2,2.8,0.8,0,2,1,2,4,1,5,5,0.2,0.6,1.0,1.4,1.8,1.8,0,0,5,5,A
,St Pauli,Bayern Munich,1.0,2.6,0.6,3.0,1.0,1.2,1,4,2,1,2,0,5,5,1.6,2.2,1.2,2.4,1.0,1.4,2,3,5,5,A
,FC Koln,Werder Bremen,0.6,1.8,1.4,1.6,2.0,1.0,0,3,3,0,2,2,5,5,1.0,1.2,1.6,1.2,1.8,1.0,1,2,5,5,H
,Stuttgart,Hamburg,2.0,1.0,2.4,1.2,1.2,1.4,3,1,1,2,1,2,5,5,2.4,1.6,1.8,1.4,0.6,1.0,4,2,5,5,H
,Mainz,Freiburg,2.2,0.8,1.8,1.4,1.0,2.0,3,1,2,1,0,3,5,5,2.2,0.8,2.0,0.8,1.0,1.8,3,1,5,5,A
,St Pauli,FC Koln,0.4,1.2,0.4,2.0,2.0,1.8,0,1,2,3,3,1,5,5,1.4,0.4,1.0,1.0,1.8,2.0,2,0,5,5,D
,Hoffenheim,Dortmund,1.0,2.4,1.6,1.8,2.4,0.8,1,4,2,0,2,1,5,5,1.4,2.6,1.6,2.2,1.0,0.8,2,4,5,5,H
,Leverkusen,Augsburg,1.8,0.4,2.8,1.2,2.0,2.4,2,0,3,2,0,3,5,5,2.2,0.8,2.6,1.0,1.0,1.8,3,1,5,5,A
,Union Berlin,Wolfsburg,0.8,0.2,0.8,1.2,2.4,2.4,1,0,1,1,3,4,5,5,1.0,0.4,0.8,1.2,1.8,2.8,1,0,5,5,A
,Werder Bremen,Hamburg,1.2,1.0,1.4,1.2,1.6,2.0,2,1,0,2,3,2,5,5,0.8,1.4,0.8,1.4,1.6,1.8,1,2,5,5,H
,Ein Frankfurt,RB Leipzig,1.6,2.4,1.2,2.0,1.0,0.6,2,4,2,0,1,1,5,5,2.0,2.0,1.8,1.4,1.0,1.0,3,3,5,5,A
,Freiburg,Heidenheim,1.4,1.0,1.6,2.0,1.6,2.2,2,1,1,2,2,2,5,5,1.4,0.2,1.6,0.8,1.6,1.8,2,0,5,5,H
,Bayern Munich,Stuttgart,2.6,2.0,3.4,2.4,0.8,1.2,4,3,1,1,0,1,5,5,2.4,1.6,3.4,2.8,1.2,1.8,4,2,5,5,H
,M'gladbach,Mainz,1.0,2.0,1.6,1.6,2.0,1.0,1,3,2,1,2,1,5,5,1.6,2.0,1.2,1.4,1.2,1.4,2,3,5,5,D
,RB Leipzig,Union Berlin,2.4,0.8,2.2,0.8,0.6,2.0,4,1,0,1,1,3,5,5,2.2,0.6,2.4,0.8,1.0,2.2,3,1,5,5,H
,Augsburg,Ein Frankfurt,1.0,1.4,1.4,1.4,2.2,1.6,1,2,2,1,2,2,5,5,2.0,1.0,1.8,1.2,1.6,1.4,3,1,5,5,D
,FC Koln,Leverkusen,1.4,1.6,2.0,2.4,1.6,1.8,1,2,4,2,0,1,5,5,1.0,1.6,2.0,1.6,2.0,1.4,1,2,5,5,A
,Heidenheim,St Pauli,1.0,0.4,1.8,0.6,1.8,2.2,1,0,2,2,2,3,5,5,1.0,0.8,2.2,0.6,2.6,1.8,1,1,5,5,H
,Mainz,Bayern Munich,2.0,2.6,1.4,3.4,0.8,1.0,3,4,1,1,1,0,5,5,1.6,2.6,1.4,3.0,1.0,1.0,2,4,5,5,A
,Wolfsburg,M'gladbach,0.8,1.2,1.4,1.6,2.2,1.4,1,1,1,3,3,1,5,5,0.0,0.2,1.0,1.0,2.0,2.6,0,0,5,5,D
,Hamburg,Hoffenheim,0.4,1.0,1.0,1.2,2.4,2.2,0,1,2,2,3,2,5,5,1.0,1.0,1.2,1.8,1.4,3.2,1,1,5,5,A
,Stuttgart,Werder Bremen,1.8,1.2,2.4,1.2,1.6,1.6,3,2,0,0,2,3,5,5,2.4,1.2,2.4,1.4,0.6,1.4,4,2,5,5,D
,Dortmund,Freiburg,1.8,1.8,1.6,1.4,1.0,1.2,3,3,0,0,2,2,5,5,1.8,1.2,2.2,0.6,1.2,1.4,3,2,5,5,H
,Bayern Munich,Heidenheim,3.0,1.6,4.0,2.2,1.4,1.6,5,2,0,2,0,1,5,5,3.0,0.2,4.0,0.6,1.2,1.6,5,0,5,5,D
,Ein Frankfurt,Hamburg,1.0,0.2,1.4,1.0,1.8,2.6,1,0,2,1,2,4,5,5,2.0,0.8,1.8,1.2,1.0,2.4,3,1,5,5,A
,Hoffenheim,Stuttgart,1.4,1.4,1.4,2.4,2.2,1.8,2,2,1,1,2,2,5,5,1.4,1.0,1.4,2.6,1.0,2.6,2,1,5,5,D
,Union Berlin,FC Koln,0.2,1.2,0.8,2.0,2.6,1.8,0,1,1,3,4,1,5,5,1.0,0.6,1.0,1.0,1.6,1.8,1,0,5,5,D
,Werder Bremen,Augsburg,1.4,1.2,1.4,1.6,1.4,2.0,2,1,1,3,2,1,5,5,1.2,1.4,1.2,1.4,1.6,1.6,2,2,5,5,A
,Leverkusen,RB Leipzig,2.0,3.0,2.6,2.8,1.8,0.6,3,5,1,0,1,0,5,5,1.6,2.4,2.6,1.8,1.4,1.0,2,4,5,5,H
,St Pauli,Mainz,0.4,1.4,0.6,1.6,2.2,1.6,0,2,2,1,3,2,5,5,1.0,1.6,0.8,1.2,1.8,1.4,1,2,5,5,A
,M'gladbach,Dortmund,0.8,1.8,1.2,2.0,1.4,1.0,0,3,4,0,1,2,5,5,1.8,2.0,1.4,1.8,0.8,1.2,2,3,5,5,H
,Freiburg,Wolfsburg,1.8,0.8,1.4,1.2,1.8,2.0,3,1,0,1,2,3,5,5,1.4,1.0,1.8,1.6,1.8,2.8,2,1,5,5,D
,Dortmund,Ein Frankfurt,1.2,1.0,1.4,1.4,0.8,1.8,2,1,0,2,3,2,5,5,1.8,1.0,2.2,1.2,1.2,1.4,3,1,5,5,H
,Augsburg,M'gladbach,1.8,1.2,1.8,0.8,1.2,0.8,2,1,3,3,0,1,5,5,1.6,0.4,1.6,1.0,1.6,2.0,2,0,5,5,H
,Hoffenheim,Werder Bremen,1.6,0.8,2.0,1.4,1.8,2.0,2,1,2,1,1,3,5,5,1.0,1.4,1.4,1.6,1.6,1.4,1,2,5,5,H
,RB Leipzig,St Pauli,2.4,0.4,2.0,0.6,1.4,2.2,4,0,0,2,1,3,5,5,2.6,0.8,2.6,0.4,0.8,1.8,4,1,5,5,H
,Stuttgart,Leverkusen,1.0,2.4,2.0,2.8,2.0,1.4,1,4,2,0,2,1,5,5,2.0,2.2,2.0,2.0,0.6,1.4,3,3,5,5,H
,Wolfsburg,Bayern Munich,1.0,2.6,1.4,3.8,2.0,2.0,1,4,2,1,2,0,5,5,0.2,2.6,0.8,3.2,1.6,1.6,0,4,5,5,A
,Hamburg,Freiburg,0.8,1.4,1.0,1.2,2.2,1.8,1,2,1,1,3,2,5,5,0.4,1.2,0.8,0.6,1.4,2.0,0,2,5,5,H
,FC Koln,Heidenheim,1.2,1.6,1.8,2.2,1.6,1.6,1,2,3,2,1,1,5,5,1.0,0.4,2.0,1.2,2.0,2.0,1,0,5,5,A
,Mainz,Union Berlin,1.4,0.4,1.6,1.2,1.6,2.2,2,0,1,2,2,3,5,5,1.0,0.6,1.6,0.6,1.8,2.2,1,1,5,5,A
,Bayern Munich,FC Koln,2.6,1.0,3.4,1.6,1.6,1.8,4,1,1,2,0,2,5,5,2.6,0.8,3.6,1.2,1.6,1.6,4,0,5,5,H
,Ein Frankfurt,Stuttgart,0.8,1.6,1.4,2.6,2.0,1.8,1,2,1,2,3,1,5,5,1.4,1.2,1.4,3.0,1.4,2.8,2,1,5,5,D
,Freiburg,RB Leipzig,1.4,2.4,1.2,2.0,1.8,1.4,2,4,1,0,2,1,5,5,1.0,1.8,1.6,1.6,1.8,1.6,1,3,5,5,H
,Heidenheim,Mainz,2.0,0.8,2.4,1.4,1.4,2.0,3,1,1,1,1,3,5,5,1.6,2.2,2.6,1.6,2.2,0.8,2,3,5,5,A
,Leverkusen,Hamburg,1.8,1.2,1.8,1.4,1.4,2.4,3,2,0,0,2,3,5,5,1.6,1.2,2.6,1.4,1.6,2.4,2,2,5,5,D
,M'gladbach,Hoffenheim,1.0,2.2,0.6,2.0,1.0,1.4,1,3,2,2,2,0,5,5,2.2,1.6,1.4,2.0,0.6,2.4,3,2,5,5,H
,St Pauli,Wolfsburg,0.2,1.0,0.6,0.8,2.4,1.0,0,1,1,2,4,2,5,5,0.4,1.0,0.6,1.4,2.0,2.6,0,1,5,5,A
,Union Berlin,Augsburg,0.8,2.2,1.6,2.2,2.2,1.2,1,3,1,2,3,0,5,5,1.0,1.4,1.2,1.4,1.8,1.4,1,2,5,5,H
,Werder Bremen,Dortmund,0.8,1.2,1.2,1.6,1.8,1.2,1,2,1,0,3,3,5,5,1.2,1.4,1.4,1.4,1.6,1.2,2,2,5,5,A
